date,open,high,low,close,volume
2008-01-01 00:00:00+05:30,38.95,39.0,37.4,37.7,38472
2008-01-02 00:00:00+05:30,38.9,38.9,35.54,37.6,64849
2008-01-03 00:00:00+05:30,38.5,38.9,36.1,36.9,55400
2008-01-04 00:00:00+05:30,37.25,38.79,37.0,37.25,35651
2008-01-07 00:00:00+05:30,37.65,37.65,35.5,36.25,44826
2008-01-08 00:00:00+05:30,38.2,38.2,34.04,34.75,35521
2008-01-09 00:00:00+05:30,33.5,34.7,33.5,34.0,26793
2008-01-10 00:00:00+05:30,32.75,34.9,31.0,31.7,20382
2008-01-11 00:00:00+05:30,28.05,32.9,28.05,31.4,10650
2008-01-14 00:00:00+05:30,31.15,32.79,30.8,32.75,4556
2008-01-15 00:00:00+05:30,33.5,33.95,32.04,32.79,12436
2008-01-16 00:00:00+05:30,32.04,32.75,31.1,31.25,15631
2008-01-17 00:00:00+05:30,32.85,33.54,31.5,32.65,11911
2008-01-18 00:00:00+05:30,31.8,32.75,30.9,31.1,7500
2008-01-21 00:00:00+05:30,31.0,32.0,26.75,28.0,23412
2008-01-22 00:00:00+05:30,28.0,28.0,22.45,26.05,28035
2008-01-23 00:00:00+05:30,23.0,27.9,23.0,25.75,15800
2008-01-24 00:00:00+05:30,26.1,27.8,23.0,23.25,10120
2008-01-25 00:00:00+05:30,23.05,25.0,23.05,24.85,7470
2008-01-28 00:00:00+05:30,28.4,28.4,24.05,25.5,2180
2008-01-29 00:00:00+05:30,25.0,25.7,24.05,24.15,13466
2008-01-30 00:00:00+05:30,23.0,24.75,23.0,23.5,10000
2008-01-31 00:00:00+05:30,24.0,24.25,23.05,23.55,9175
2008-02-01 00:00:00+05:30,24.65,24.65,23.05,23.9,9700
2008-02-04 00:00:00+05:30,23.25,25.45,23.25,24.5,9206
2008-02-05 00:00:00+05:30,25.0,26.2,25.0,25.3,6405
2008-02-06 00:00:00+05:30,25.95,26.0,24.75,25.05,2275
2008-02-07 00:00:00+05:30,25.2,26.0,25.0,25.45,4451
2008-02-08 00:00:00+05:30,23.5,25.5,23.05,23.2,10251
2008-02-11 00:00:00+05:30,24.8,24.8,22.5,22.75,5825
2008-02-12 00:00:00+05:30,22.5,22.8,20.1,22.25,16917
2008-02-13 00:00:00+05:30,21.95,23.7,21.9,22.2,1889
2008-02-14 00:00:00+05:30,24.35,24.4,22.7,23.15,3226
2008-02-15 00:00:00+05:30,22.7,24.35,22.7,23.3,5640
2008-02-18 00:00:00+05:30,23.3,24.55,23.3,24.15,4460
2008-02-19 00:00:00+05:30,25.05,25.2,23.4,23.85,8403
2008-02-20 00:00:00+05:30,24.5,24.5,23.1,23.6,778
2008-02-21 00:00:00+05:30,23.2,24.0,23.0,23.05,3508
2008-02-22 00:00:00+05:30,23.05,23.25,22.55,22.55,1271
2008-02-25 00:00:00+05:30,23.7,23.7,18.05,20.65,205602
2008-02-26 00:00:00+05:30,21.0,22.6,20.65,21.75,12607
2008-02-27 00:00:00+05:30,22.4,22.4,21.6,21.6,12411
2008-02-28 00:00:00+05:30,21.15,22.1,21.15,21.7,2839
2008-02-29 00:00:00+05:30,21.8,21.8,20.05,21.1,9964
2008-03-03 00:00:00+05:30,20.25,22.35,20.1,20.35,47146
2008-03-04 00:00:00+05:30,19.85,20.1,19.2,19.55,24505
2008-03-05 00:00:00+05:30,19.5,19.7,18.25,19.1,40988
2008-03-07 00:00:00+05:30,18.14,19.39,18.14,18.75,23742
2008-03-10 00:00:00+05:30,18.5,19.6,17.89,19.39,12787
2008-03-11 00:00:00+05:30,19.5,20.5,19.5,19.5,11230
2008-03-12 00:00:00+05:30,19.5,20.25,18.5,19.3,4710
2008-03-13 00:00:00+05:30,16.0,18.55,16.0,17.7,53875
2008-03-14 00:00:00+05:30,17.25,18.14,17.05,18.0,2251
2008-03-17 00:00:00+05:30,16.6,18.0,16.6,16.6,17700
2008-03-18 00:00:00+05:30,17.95,17.95,17.0,17.75,3000
2008-03-19 00:00:00+05:30,17.0,17.89,16.6,17.35,5108
2008-03-24 00:00:00+05:30,17.89,18.45,15.5,15.5,9405
2008-03-25 00:00:00+05:30,14.55,15.1,14.5,14.9,26415
2008-03-26 00:00:00+05:30,15.5,15.75,15.25,15.3,6929
2008-03-27 00:00:00+05:30,15.9,17.0,15.8,16.2,5674
2008-03-28 00:00:00+05:30,16.85,17.39,16.0,16.89,8993
2008-03-31 00:00:00+05:30,17.3,17.5,16.6,17.45,13601
2008-04-01 00:00:00+05:30,17.0,17.5,16.25,16.55,9165
2008-04-02 00:00:00+05:30,16.95,17.64,16.39,17.39,4069
2008-04-03 00:00:00+05:30,17.14,17.39,16.55,16.89,1794
2008-04-04 00:00:00+05:30,17.0,17.0,16.1,16.64,17598
2008-04-07 00:00:00+05:30,16.75,16.75,15.85,16.0,3000
2008-04-08 00:00:00+05:30,16.2,16.35,15.9,15.9,2350
2008-04-09 00:00:00+05:30,16.64,16.89,16.05,16.3,1031
2008-04-10 00:00:00+05:30,16.39,17.0,16.39,16.7,5550
2008-04-11 00:00:00+05:30,17.0,19.8,17.0,18.75,51476
2008-04-15 00:00:00+05:30,18.2,18.75,17.25,17.95,10783
2008-04-16 00:00:00+05:30,19.1,19.1,17.75,18.0,6763
2008-04-17 00:00:00+05:30,18.45,18.45,18.0,18.1,7001
2008-04-21 00:00:00+05:30,20.1,20.1,18.5,19.3,4290
2008-04-22 00:00:00+05:30,19.3,19.89,18.6,19.05,3720
2008-04-23 00:00:00+05:30,18.5,19.89,18.5,19.64,6350
2008-04-24 00:00:00+05:30,18.35,23.45,18.35,21.85,43992
2008-04-25 00:00:00+05:30,23.0,25.45,20.0,21.5,141185
2008-04-28 00:00:00+05:30,22.0,23.0,21.05,22.3,13044
2008-04-29 00:00:00+05:30,21.25,21.95,20.5,20.6,13871
2008-04-30 00:00:00+05:30,20.6,20.95,20.0,20.5,6388
2008-05-02 00:00:00+05:30,20.45,20.5,19.85,20.14,9516
2008-05-05 00:00:00+05:30,20.0,20.85,19.5,19.8,14877
2008-05-06 00:00:00+05:30,20.14,20.2,19.2,19.2,5002
2008-05-07 00:00:00+05:30,19.0,19.25,18.85,18.85,3223
2008-05-08 00:00:00+05:30,18.85,19.14,18.39,18.6,1091
2008-05-09 00:00:00+05:30,18.25,18.5,17.75,17.89,9622
2008-05-12 00:00:00+05:30,17.14,18.0,17.05,17.2,7320
2008-05-13 00:00:00+05:30,17.55,18.35,17.55,17.64,3155
2008-05-14 00:00:00+05:30,16.3,18.2,16.3,17.95,1925
2008-05-15 00:00:00+05:30,18.0,18.39,17.8,18.0,1175
2008-05-16 00:00:00+05:30,18.05,18.55,17.5,17.6,5113
2008-05-20 00:00:00+05:30,17.64,18.75,17.64,18.45,4400
2008-05-21 00:00:00+05:30,18.6,18.6,18.05,18.1,1880
2008-05-22 00:00:00+05:30,18.45,19.89,18.1,18.55,3799
2008-05-23 00:00:00+05:30,18.39,19.0,18.3,19.0,2450
2008-05-26 00:00:00+05:30,19.55,19.55,17.8,18.25,12861
2008-05-27 00:00:00+05:30,17.3,18.35,17.3,17.6,1079
2008-05-28 00:00:00+05:30,17.14,17.5,16.89,16.89,10227
2008-05-29 00:00:00+05:30,16.64,17.5,16.64,17.35,1621
2008-05-30 00:00:00+05:30,17.0,17.1,16.55,16.55,2876
2008-06-02 00:00:00+05:30,15.3,17.0,15.25,16.14,3371
2008-06-03 00:00:00+05:30,16.0,16.75,16.0,16.39,2250
2008-06-04 00:00:00+05:30,16.95,16.95,16.0,16.25,1836
2008-06-05 00:00:00+05:30,16.1,16.8,15.75,16.0,4912
2008-06-06 00:00:00+05:30,16.5,16.5,16.0,16.05,610
2008-06-09 00:00:00+05:30,14.55,15.5,14.55,15.5,1919
2008-06-10 00:00:00+05:30,15.0,15.95,15.0,15.4,3162
2008-06-11 00:00:00+05:30,16.6,16.6,15.5,15.8,500
2008-06-12 00:00:00+05:30,16.39,16.45,16.35,16.39,2100
2008-06-13 00:00:00+05:30,16.5,16.7,15.5,15.55,1483
2008-06-16 00:00:00+05:30,15.5,16.75,15.5,15.6,4109
2008-06-17 00:00:00+05:30,16.0,16.8,16.0,16.3,975
2008-06-18 00:00:00+05:30,16.0,16.89,16.0,16.2,3818
2008-06-20 00:00:00+05:30,15.0,15.35,15.0,15.15,2451
2008-06-23 00:00:00+05:30,15.15,15.15,13.1,14.0,12584
2008-06-24 00:00:00+05:30,13.85,15.2,13.85,14.6,1901
2008-06-26 00:00:00+05:30,15.85,17.5,15.8,16.89,15451
2008-06-27 00:00:00+05:30,16.0,17.0,15.8,16.89,3261
2008-06-30 00:00:00+05:30,15.25,17.0,15.1,15.45,2925
2008-07-01 00:00:00+05:30,12.75,15.5,12.75,14.0,2311
2008-07-02 00:00:00+05:30,13.6,14.35,11.7,13.5,3207
2008-07-03 00:00:00+05:30,14.0,14.0,13.05,14.0,3000
2008-07-04 00:00:00+05:30,14.5,14.7,13.6,13.8,4278
2008-07-07 00:00:00+05:30,13.2,16.05,13.2,13.85,1868
2008-07-08 00:00:00+05:30,13.55,13.55,13.55,13.55,500
2008-07-09 00:00:00+05:30,15.85,16.0,15.15,15.6,1300
2008-07-10 00:00:00+05:30,15.6,16.35,15.3,15.6,2805
2008-07-11 00:00:00+05:30,15.95,16.6,14.5,14.95,5640
2008-07-14 00:00:00+05:30,14.4,16.25,14.4,16.25,600
2008-07-15 00:00:00+05:30,14.45,14.75,14.45,14.7,800
2008-07-16 00:00:00+05:30,14.85,14.85,13.75,14.1,2320
2008-07-17 00:00:00+05:30,14.2,14.2,13.5,13.9,822
2008-07-18 00:00:00+05:30,14.0,14.85,14.0,14.85,1721
2008-07-21 00:00:00+05:30,14.25,15.75,14.0,14.0,2497
2008-07-22 00:00:00+05:30,14.9,15.7,14.9,15.1,1795
2008-07-23 00:00:00+05:30,15.1,15.1,14.0,15.0,3485
2008-07-24 00:00:00+05:30,15.4,15.4,14.75,14.95,1700
2008-07-25 00:00:00+05:30,14.25,14.25,14.05,14.05,644
2008-07-28 00:00:00+05:30,15.5,15.5,14.55,14.65,250
2008-07-29 00:00:00+05:30,15.15,15.15,14.45,14.45,3394
2008-07-30 00:00:00+05:30,14.9,14.9,14.3,14.3,2402
2008-07-31 00:00:00+05:30,14.9,14.9,14.1,14.35,1860
2008-08-01 00:00:00+05:30,15.3,15.3,14.9,14.9,292
2008-08-04 00:00:00+05:30,14.5,15.55,14.0,15.1,11100
2008-08-05 00:00:00+05:30,15.55,15.6,15.0,15.24,3400
2008-08-06 00:00:00+05:30,15.7,16.2,15.3,15.3,3760
2008-08-07 00:00:00+05:30,15.3,15.5,14.8,15.1,1070
2008-08-08 00:00:00+05:30,15.65,15.7,15.0,15.0,9455
2008-08-11 00:00:00+05:30,14.95,14.95,14.0,14.01,8160
2008-08-12 00:00:00+05:30,14.25,14.99,14.2,14.52,744
2008-08-13 00:00:00+05:30,14.6,14.6,14.6,14.6,235
2008-08-14 00:00:00+05:30,14.15,14.92,14.0,14.75,4141
2008-08-18 00:00:00+05:30,16.5,16.5,14.5,14.5,1600
2008-08-19 00:00:00+05:30,13.01,14.89,13.01,14.68,2651
2008-08-20 00:00:00+05:30,14.3,14.78,14.3,14.76,350
2008-08-21 00:00:00+05:30,14.68,14.68,14.4,14.41,300
2008-08-22 00:00:00+05:30,13.72,14.5,13.72,14.44,2937
2008-08-25 00:00:00+05:30,14.2,14.85,14.0,14.13,4431
2008-08-26 00:00:00+05:30,14.7,14.7,14.1,14.36,1000
2008-08-27 00:00:00+05:30,14.07,14.35,14.0,14.0,7338
2008-08-28 00:00:00+05:30,13.2,14.5,13.2,13.8,2361
2008-08-29 00:00:00+05:30,14.5,14.5,13.5,13.6,4681
2008-09-01 00:00:00+05:30,13.0,14.5,13.0,13.72,3231
2008-09-02 00:00:00+05:30,12.5,14.95,12.5,14.7,3134
2008-09-04 00:00:00+05:30,14.04,14.2,14.0,14.16,4110
2008-09-05 00:00:00+05:30,14.73,14.73,14.0,14.0,447
2008-09-08 00:00:00+05:30,13.51,14.48,13.51,14.29,4794
2008-09-09 00:00:00+05:30,13.62,14.0,13.62,14.0,1799
2008-09-10 00:00:00+05:30,14.0,14.49,14.0,14.33,6135
2008-09-11 00:00:00+05:30,14.69,14.69,13.5,14.0,2410
2008-09-12 00:00:00+05:30,14.0,14.49,14.0,14.0,5577
2008-09-15 00:00:00+05:30,13.0,13.0,12.0,12.95,16356
2008-09-16 00:00:00+05:30,12.05,12.5,11.8,12.12,6007
2008-09-17 00:00:00+05:30,12.02,13.99,12.01,13.81,5471
2008-09-18 00:00:00+05:30,12.01,13.85,11.96,13.5,2903
2008-09-19 00:00:00+05:30,13.01,14.38,13.01,13.74,666
2008-09-22 00:00:00+05:30,11.51,13.99,11.51,12.29,3005
2008-09-23 00:00:00+05:30,11.83,12.21,11.82,12.2,1574
2008-09-24 00:00:00+05:30,12.1,13.0,12.0,12.03,5554
2008-09-25 00:00:00+05:30,12.0,12.9,12.0,12.48,3203
2008-09-26 00:00:00+05:30,10.61,12.5,10.61,12.18,2600
2008-09-29 00:00:00+05:30,11.2,12.24,11.2,11.33,950
2008-09-30 00:00:00+05:30,12.1,12.1,11.2,11.55,12576
2008-10-01 00:00:00+05:30,11.5,11.5,10.72,11.01,2299
2008-10-03 00:00:00+05:30,12.0,12.0,10.11,10.11,4250
2008-10-06 00:00:00+05:30,10.0,11.0,9.0,10.27,9172
2008-10-07 00:00:00+05:30,10.25,10.8,9.13,10.8,5715
2008-10-08 00:00:00+05:30,10.8,10.8,8.65,9.68,8245
2008-10-10 00:00:00+05:30,9.0,9.0,7.85,8.02,12237
2008-10-13 00:00:00+05:30,8.21,9.0,8.0,8.02,4587
2008-10-14 00:00:00+05:30,8.99,8.99,8.11,8.97,1310
2008-10-15 00:00:00+05:30,7.61,8.19,7.61,8.19,240
2008-10-16 00:00:00+05:30,8.25,8.25,8.0,8.25,2583
2008-10-17 00:00:00+05:30,8.25,8.77,8.25,8.25,1084
2008-10-20 00:00:00+05:30,9.77,9.77,9.0,9.0,1640
2008-10-21 00:00:00+05:30,9.59,9.6,8.07,8.9,3255
2008-10-22 00:00:00+05:30,8.0,8.74,8.0,8.74,151
2008-10-23 00:00:00+05:30,7.4,8.97,7.4,7.83,2811
2008-10-24 00:00:00+05:30,7.0,8.4,7.0,8.14,2432
2008-10-27 00:00:00+05:30,8.4,9.03,7.1,8.36,1202
2008-10-28 00:00:00+05:30,8.99,8.99,8.0,8.02,867
2008-10-29 00:00:00+05:30,8.5,8.5,8.0,8.0,2
2008-10-31 00:00:00+05:30,7.32,8.5,7.3,8.36,1027
2008-11-03 00:00:00+05:30,8.0,9.5,8.0,8.0,565
2008-11-05 00:00:00+05:30,7.93,7.93,7.92,7.92,150
2008-11-06 00:00:00+05:30,8.0,8.0,8.0,8.0,28540
2008-11-07 00:00:00+05:30,8.0,8.0,7.95,7.95,110
2008-11-11 00:00:00+05:30,7.75,8.9,7.75,8.05,788
2008-11-12 00:00:00+05:30,8.49,8.69,8.49,8.57,500
2008-11-17 00:00:00+05:30,7.5,8.27,7.5,8.27,2059
2008-11-18 00:00:00+05:30,7.8,7.8,7.18,7.19,2749
2008-11-19 00:00:00+05:30,7.5,8.03,7.26,7.49,3004
2008-11-21 00:00:00+05:30,7.96,7.96,7.1,7.1,51
2008-11-24 00:00:00+05:30,7.0,7.89,7.0,7.11,1522
2008-11-25 00:00:00+05:30,7.11,7.52,6.13,7.45,4212
2008-11-26 00:00:00+05:30,7.0,7.69,6.8,7.23,1771
2008-11-28 00:00:00+05:30,7.01,7.01,7.01,7.01,1000
2008-12-01 00:00:00+05:30,7.01,7.18,6.5,6.55,6309
2008-12-02 00:00:00+05:30,6.5,7.0,6.5,6.99,1530
2008-12-03 00:00:00+05:30,6.75,6.75,6.75,6.75,1007
2008-12-04 00:00:00+05:30,6.75,6.75,6.75,6.75,1100
2008-12-05 00:00:00+05:30,6.76,6.76,6.76,6.76,1700
2008-12-08 00:00:00+05:30,7.25,7.25,6.75,6.75,772
2008-12-10 00:00:00+05:30,7.0,7.0,7.0,7.0,1
2008-12-11 00:00:00+05:30,6.93,7.79,6.93,7.79,1032
2008-12-12 00:00:00+05:30,7.3,7.3,7.1,7.1,1538
2008-12-15 00:00:00+05:30,7.2,7.47,7.01,7.12,5400
2008-12-16 00:00:00+05:30,8.46,8.46,7.12,7.5,3924
2008-12-17 00:00:00+05:30,8.85,8.85,7.99,7.99,500
2008-12-19 00:00:00+05:30,7.01,7.9,7.0,7.9,778
2008-12-22 00:00:00+05:30,7.1,7.9,7.1,7.9,351
2008-12-23 00:00:00+05:30,7.85,7.85,7.35,7.85,850
2008-12-24 00:00:00+05:30,7.01,7.01,7.01,7.01,50
2008-12-26 00:00:00+05:30,7.03,7.49,7.01,7.02,1174
2008-12-30 00:00:00+05:30,7.03,7.03,7.0,7.01,695
2008-12-31 00:00:00+05:30,7.6,7.6,7.5,7.5,1113
2009-01-01 00:00:00+05:30,7.0,7.45,7.0,7.45,522
2009-01-02 00:00:00+05:30,8.61,8.63,7.15,7.15,3550
2009-01-05 00:00:00+05:30,7.25,7.62,7.25,7.59,2645
2009-01-06 00:00:00+05:30,7.6,7.6,7.01,7.5,2083
2009-01-07 00:00:00+05:30,7.4,7.4,7.13,7.13,2900
2009-01-09 00:00:00+05:30,6.8,7.25,6.8,6.82,1487
2009-01-12 00:00:00+05:30,6.51,6.89,6.5,6.88,6884
2009-01-13 00:00:00+05:30,6.54,6.54,6.54,6.54,17535
2009-01-14 00:00:00+05:30,6.85,6.85,6.85,6.85,1800
2009-01-15 00:00:00+05:30,6.51,6.51,6.51,6.51,1040
2009-01-16 00:00:00+05:30,6.4,6.5,6.2,6.2,2050
2009-01-19 00:00:00+05:30,6.25,6.51,6.25,6.25,1249
2009-01-20 00:00:00+05:30,6.56,6.56,6.56,6.56,100
2009-01-21 00:00:00+05:30,6.5,6.5,6.5,6.5,500
2009-01-22 00:00:00+05:30,6.82,6.82,6.26,6.28,302
2009-01-23 00:00:00+05:30,5.98,5.98,5.97,5.97,690
2009-01-27 00:00:00+05:30,6.0,6.0,6.0,6.0,22
2009-01-28 00:00:00+05:30,6.02,6.3,6.0,6.3,5310
2009-01-29 00:00:00+05:30,6.01,6.01,6.01,6.01,1
2009-01-30 00:00:00+05:30,6.31,6.31,6.31,6.31,25
2009-02-03 00:00:00+05:30,6.62,6.62,6.6,6.62,1525
2009-02-04 00:00:00+05:30,6.7,6.93,6.68,6.76,3304
2009-02-05 00:00:00+05:30,6.77,6.77,6.77,6.77,1388
2009-02-06 00:00:00+05:30,6.55,7.01,6.5,7.01,2501
2009-02-09 00:00:00+05:30,6.98,6.98,6.66,6.66,4365
2009-02-10 00:00:00+05:30,6.89,6.89,6.36,6.36,1100
2009-02-11 00:00:00+05:30,6.67,6.67,6.67,6.67,2
2009-02-12 00:00:00+05:30,6.35,6.35,6.35,6.35,1501
2009-02-13 00:00:00+05:30,6.66,6.66,6.66,6.66,6601
2009-02-17 00:00:00+05:30,7.0,7.0,6.99,6.99,2700
2009-02-18 00:00:00+05:30,7.23,7.33,7.23,7.31,1550
2009-02-19 00:00:00+05:30,7.3,7.3,7.3,7.3,782
2009-02-20 00:00:00+05:30,7.0,7.0,7.0,7.0,1000
2009-02-26 00:00:00+05:30,6.9,6.9,6.9,6.9,145
2009-02-27 00:00:00+05:30,6.6,6.6,6.56,6.56,500
2009-03-04 00:00:00+05:30,6.3,6.3,6.3,6.3,1078
2009-03-06 00:00:00+05:30,6.0,6.05,6.0,6.0,1010
2009-03-09 00:00:00+05:30,5.71,5.71,5.71,5.71,710
2009-03-12 00:00:00+05:30,5.75,5.75,5.75,5.75,400
2009-03-13 00:00:00+05:30,5.47,6.0,5.47,5.47,3750
2009-03-16 00:00:00+05:30,5.25,5.25,5.21,5.21,581
2009-03-18 00:00:00+05:30,5.12,5.6,5.12,5.12,1515
2009-03-19 00:00:00+05:30,5.0,5.37,5.0,5.37,1100
2009-03-20 00:00:00+05:30,5.12,5.12,5.11,5.11,2810
2009-03-23 00:00:00+05:30,5.05,5.05,5.01,5.05,1900
2009-03-24 00:00:00+05:30,5.05,5.05,4.8,4.97,1764
2009-03-26 00:00:00+05:30,4.8,4.8,4.8,4.8,2500
2009-03-27 00:00:00+05:30,4.7,4.7,4.7,4.7,200
2009-03-31 00:00:00+05:30,4.66,4.66,4.66,4.66,100
2009-04-02 00:00:00+05:30,4.88,4.88,4.67,4.67,1326
2009-04-06 00:00:00+05:30,4.9,4.9,4.9,4.9,100
2009-04-08 00:00:00+05:30,5.14,5.14,5.14,5.14,1400
2009-04-09 00:00:00+05:30,5.2,5.2,5.2,5.2,100
2009-04-13 00:00:00+05:30,5.46,5.46,5.46,5.46,9332
2009-04-15 00:00:00+05:30,5.73,5.73,5.73,5.73,825
2009-04-16 00:00:00+05:30,6.01,6.01,6.01,6.01,200
2009-04-17 00:00:00+05:30,6.31,6.31,6.31,6.31,1933
2009-04-20 00:00:00+05:30,6.2,6.62,6.2,6.62,3604
2009-04-21 00:00:00+05:30,6.29,6.94,6.29,6.29,615
2009-04-22 00:00:00+05:30,6.6,6.6,6.25,6.25,1545
2009-04-24 00:00:00+05:30,6.3,6.4,6.3,6.4,6500
2009-04-28 00:00:00+05:30,6.2,6.72,6.15,6.25,2101
2009-04-29 00:00:00+05:30,6.0,6.01,6.0,6.01,6
2009-05-04 00:00:00+05:30,5.72,5.74,5.71,5.74,1600
2009-05-05 00:00:00+05:30,6.01,6.02,6.0,6.0,828
2009-05-06 00:00:00+05:30,6.0,6.3,5.76,6.0,1900
2009-05-07 00:00:00+05:30,5.75,6.3,5.75,6.3,376
2009-05-08 00:00:00+05:30,5.99,5.99,5.99,5.99,1601
2009-05-11 00:00:00+05:30,5.7,6.28,5.7,6.28,368
2009-05-12 00:00:00+05:30,6.59,6.59,6.59,6.59,1025
2009-05-13 00:00:00+05:30,6.91,6.91,6.27,6.27,1365
2009-05-19 00:00:00+05:30,6.26,6.9,6.26,6.9,750
2009-05-20 00:00:00+05:30,7.24,7.24,7.24,7.24,325
2009-05-21 00:00:00+05:30,7.6,7.6,7.6,7.6,620
2009-05-22 00:00:00+05:30,7.98,7.98,7.98,7.98,7100
2009-05-25 00:00:00+05:30,8.19,8.36,8.19,8.36,378
2009-05-26 00:00:00+05:30,8.36,8.77,8.36,8.69,3895
2009-05-27 00:00:00+05:30,9.1,9.13,8.8,8.8,3686
2009-05-28 00:00:00+05:30,9.24,9.24,8.82,9.24,4626
2009-05-29 00:00:00+05:30,9.5,9.69,9.5,9.69,1753
2009-06-01 00:00:00+05:30,10.0,10.18,10.0,10.18,4421
2009-06-02 00:00:00+05:30,10.58,10.58,9.69,9.69,1895
2009-06-03 00:00:00+05:30,10.1,10.18,9.22,10.13,2825
2009-06-04 00:00:00+05:30,10.63,10.63,10.5,10.62,3129
2009-06-05 00:00:00+05:30,10.09,11.13,10.09,10.5,3850
2009-06-08 00:00:00+05:30,10.5,10.5,9.98,10.0,3499
2009-06-09 00:00:00+05:30,10.15,10.15,10.15,10.15,100
2009-06-10 00:00:00+05:30,9.66,9.66,9.65,9.65,1100
2009-06-17 00:00:00+05:30,9.5,9.5,9.3,9.3,950
2009-06-18 00:00:00+05:30,9.0,9.43,8.85,8.85,2480
2009-06-19 00:00:00+05:30,8.41,8.41,8.41,8.41,1800
2009-06-22 00:00:00+05:30,8.0,8.0,8.0,8.0,450
2009-06-23 00:00:00+05:30,8.0,8.4,8.0,8.4,376
2009-06-24 00:00:00+05:30,8.3,8.82,8.3,8.81,1074
2009-06-25 00:00:00+05:30,8.75,8.75,8.75,8.75,1000
2009-06-26 00:00:00+05:30,8.41,8.41,8.36,8.36,1600
2009-06-29 00:00:00+05:30,8.0,8.1,8.0,8.1,80
2009-06-30 00:00:00+05:30,8.0,8.05,8.0,8.05,840
2009-07-01 00:00:00+05:30,8.0,8.4,8.0,8.4,747
2009-07-02 00:00:00+05:30,8.5,8.5,8.5,8.5,194
2009-07-09 00:00:00+05:30,8.75,8.75,8.08,8.08,1002
2009-07-10 00:00:00+05:30,8.48,8.48,8.0,8.0,110
2009-07-13 00:00:00+05:30,7.9,7.9,7.61,7.61,450
2009-07-14 00:00:00+05:30,7.4,7.4,7.4,7.4,404
2009-07-15 00:00:00+05:30,7.45,7.45,7.45,7.45,500
2009-07-16 00:00:00+05:30,7.82,7.82,7.82,7.82,250
2009-07-17 00:00:00+05:30,7.9,7.9,7.43,7.9,1790
2009-07-20 00:00:00+05:30,7.52,7.52,7.52,7.52,1250
2009-07-21 00:00:00+05:30,7.55,7.6,7.55,7.6,2000
2009-07-22 00:00:00+05:30,7.5,7.95,7.5,7.95,506
2009-07-23 00:00:00+05:30,8.0,8.34,8.0,8.34,250
2009-07-24 00:00:00+05:30,8.34,8.75,8.34,8.75,1078
2009-07-27 00:00:00+05:30,8.75,9.17,8.65,8.65,851
2009-07-29 00:00:00+05:30,9.08,9.08,8.65,8.69,11468
2009-08-03 00:00:00+05:30,8.78,9.5,8.78,9.5,1200
2009-08-04 00:00:00+05:30,9.5,9.97,9.5,9.97,1890
2009-08-05 00:00:00+05:30,9.48,9.5,9.48,9.5,835
2009-08-06 00:00:00+05:30,9.02,9.5,9.02,9.1,1651
2009-08-10 00:00:00+05:30,9.0,9.55,9.0,9.55,925
2009-08-11 00:00:00+05:30,9.09,9.5,9.09,9.5,1900
2009-08-12 00:00:00+05:30,9.07,9.92,9.06,9.92,2601
2009-08-13 00:00:00+05:30,9.43,10.15,9.43,9.98,5438
2009-08-14 00:00:00+05:30,10.0,10.47,10.0,10.47,5162
2009-08-17 00:00:00+05:30,10.99,10.99,10.99,10.99,2983
2009-08-18 00:00:00+05:30,11.53,11.53,11.02,11.53,9360
2009-08-19 00:00:00+05:30,12.1,12.1,11.75,12.1,6952
2009-08-21 00:00:00+05:30,11.0,11.48,11.0,11.48,2708
2009-08-25 00:00:00+05:30,11.35,11.78,11.35,11.78,1382
2009-08-27 00:00:00+05:30,11.5,12.12,11.5,12.11,1623
2009-08-31 00:00:00+05:30,11.5,11.8,11.5,11.8,10710
2009-09-02 00:00:00+05:30,11.22,11.5,11.22,11.35,1065
2009-09-04 00:00:00+05:30,10.89,11.45,10.88,11.4,2050
2009-09-07 00:00:00+05:30,10.35,12.5,10.3,11.1,5700
2009-09-09 00:00:00+05:30,11.16,12.68,11.16,11.75,382
2009-09-10 00:00:00+05:30,11.25,12.92,11.25,11.95,8665
2009-09-14 00:00:00+05:30,12.1,13.99,12.0,13.5,4550
2009-09-15 00:00:00+05:30,13.0,14.17,13.0,13.53,8640
2009-09-16 00:00:00+05:30,13.25,14.1,13.01,13.1,5653
2009-09-17 00:00:00+05:30,14.0,14.0,11.8,12.42,7355
2009-09-18 00:00:00+05:30,12.0,13.34,12.0,12.97,2839
2009-09-22 00:00:00+05:30,13.1,14.12,13.0,13.99,5701
2009-09-23 00:00:00+05:30,13.99,14.49,12.75,12.8,2965
2009-09-24 00:00:00+05:30,12.0,14.08,12.0,13.93,11632
2009-09-25 00:00:00+05:30,13.5,14.85,13.5,14.2,8057
2009-09-29 00:00:00+05:30,14.95,15.1,14.0,14.35,3207
2009-09-30 00:00:00+05:30,14.95,15.25,14.7,14.95,5777
2009-10-01 00:00:00+05:30,16.0,16.44,15.25,16.44,19946
2009-10-05 00:00:00+05:30,17.14,17.26,16.2,16.47,13395
2009-10-06 00:00:00+05:30,16.0,16.39,15.65,15.65,1550
2009-10-07 00:00:00+05:30,16.0,16.0,14.87,14.87,3673
2009-10-08 00:00:00+05:30,14.13,14.69,14.13,14.48,10237
2009-10-09 00:00:00+05:30,14.49,14.5,13.76,13.78,8376
2009-10-12 00:00:00+05:30,14.0,14.2,14.0,14.2,13327
2009-10-15 00:00:00+05:30,13.98,14.48,13.97,14.24,3679
2009-10-16 00:00:00+05:30,14.5,14.5,14.0,14.04,8274
2009-10-20 00:00:00+05:30,13.01,14.22,13.01,13.59,13531
2009-10-21 00:00:00+05:30,14.0,14.0,13.35,13.89,11755
2009-10-22 00:00:00+05:30,13.36,14.0,13.36,13.78,3603
2009-10-23 00:00:00+05:30,13.75,14.0,13.4,14.0,1385
2009-10-26 00:00:00+05:30,13.41,14.5,13.35,13.39,8401
2009-10-27 00:00:00+05:30,13.75,13.75,12.73,12.74,3281
2009-10-28 00:00:00+05:30,12.11,12.98,12.11,12.11,2303
2009-10-29 00:00:00+05:30,11.7,12.69,11.7,12.48,6775
2009-10-30 00:00:00+05:30,13.1,13.1,12.05,12.2,1325
2009-11-03 00:00:00+05:30,12.05,12.8,11.6,11.7,5957
2009-11-04 00:00:00+05:30,11.16,12.27,11.16,12.26,1006
2009-11-05 00:00:00+05:30,11.65,12.59,11.65,11.65,210
2009-11-06 00:00:00+05:30,11.7,11.72,11.65,11.65,2050
2009-11-09 00:00:00+05:30,10.51,12.65,10.51,12.38,11084
2009-11-10 00:00:00+05:30,11.26,12.0,11.15,11.19,5281
2009-11-11 00:00:00+05:30,11.64,12.29,11.6,12.18,1501
2009-11-12 00:00:00+05:30,12.59,12.6,12.0,12.3,3000
2009-11-13 00:00:00+05:30,11.1,12.67,11.1,11.6,14511
2009-11-16 00:00:00+05:30,12.76,12.76,12.5,12.76,8133
2009-11-17 00:00:00+05:30,13.94,13.98,11.63,12.95,855
2009-11-18 00:00:00+05:30,12.0,13.19,11.85,12.06,4846
2009-11-19 00:00:00+05:30,13.19,13.19,12.1,13.0,3002
2009-11-20 00:00:00+05:30,12.6,12.6,12.6,12.6,1000
2009-11-23 00:00:00+05:30,11.46,13.0,11.46,12.8,6074
2009-11-24 00:00:00+05:30,12.11,13.85,12.11,12.5,2411
2009-11-25 00:00:00+05:30,12.5,13.45,12.5,13.25,2625
2009-11-26 00:00:00+05:30,12.3,13.61,12.28,12.28,951
2009-11-27 00:00:00+05:30,11.35,13.06,11.35,13.06,600
2009-12-01 00:00:00+05:30,11.56,12.0,11.56,11.99,4263
2009-12-02 00:00:00+05:30,12.0,12.78,12.0,12.1,3660
2009-12-03 00:00:00+05:30,12.44,12.6,11.45,11.74,40664
2009-12-04 00:00:00+05:30,11.56,12.4,11.5,11.87,3757
2009-12-07 00:00:00+05:30,12.9,12.9,12.1,12.37,12470
2009-12-08 00:00:00+05:30,12.05,12.37,11.51,12.06,978
2009-12-09 00:00:00+05:30,12.15,12.33,12.11,12.24,6638
2009-12-10 00:00:00+05:30,12.72,12.72,12.15,12.29,8536
2009-12-11 00:00:00+05:30,12.3,12.67,11.94,11.94,4330
2009-12-14 00:00:00+05:30,11.17,12.67,11.15,12.14,4112
2009-12-15 00:00:00+05:30,11.53,12.49,11.53,12.25,7191
2009-12-16 00:00:00+05:30,12.48,12.48,11.46,11.8,3059
2009-12-17 00:00:00+05:30,11.6,12.29,11.6,11.75,1750
2009-12-18 00:00:00+05:30,10.77,12.0,10.76,11.7,1333
2009-12-21 00:00:00+05:30,12.09,12.09,11.5,11.97,629
2009-12-22 00:00:00+05:30,12.0,12.74,10.8,12.15,4347
2009-12-23 00:00:00+05:30,12.0,12.79,12.0,12.35,2652
2009-12-24 00:00:00+05:30,12.15,12.5,12.1,12.44,1950
2009-12-29 00:00:00+05:30,12.5,12.5,11.46,12.05,6877
2009-12-30 00:00:00+05:30,12.5,12.5,11.75,12.0,1178
2009-12-31 00:00:00+05:30,12.0,12.3,11.9,11.9,4966
2010-01-04 00:00:00+05:30,12.5,12.95,11.96,12.9,5790
2010-01-05 00:00:00+05:30,12.6,13.9,12.6,13.25,6779
2010-01-06 00:00:00+05:30,13.5,13.5,12.7,13.35,1651
2010-01-07 00:00:00+05:30,12.65,13.49,12.65,13.0,3270
2010-01-08 00:00:00+05:30,13.4,13.4,12.91,12.95,1050
2010-01-11 00:00:00+05:30,13.5,13.99,13.0,13.95,6215
2010-01-12 00:00:00+05:30,14.0,14.69,11.19,12.9,7907
2010-01-13 00:00:00+05:30,13.0,14.74,12.99,13.16,3396
2010-01-14 00:00:00+05:30,15.25,15.76,13.7,14.77,12461
2010-01-15 00:00:00+05:30,17.72,17.72,16.1,16.55,101159
2010-01-18 00:00:00+05:30,14.81,16.48,14.81,15.99,10945
2010-01-19 00:00:00+05:30,16.75,16.75,15.21,15.61,8350
2010-01-20 00:00:00+05:30,16.0,16.0,15.35,15.47,4740
2010-01-21 00:00:00+05:30,14.15,15.5,13.85,14.05,22899
2010-01-22 00:00:00+05:30,14.65,14.65,13.5,14.59,5273
2010-01-25 00:00:00+05:30,14.5,14.8,14.3,14.32,3950
2010-01-27 00:00:00+05:30,14.95,14.95,13.61,13.99,2427
2010-01-29 00:00:00+05:30,13.0,13.7,12.64,13.39,3750
2010-02-01 00:00:00+05:30,13.45,13.9,13.1,13.25,3450
2010-02-02 00:00:00+05:30,13.5,13.88,13.5,13.5,339
2010-02-03 00:00:00+05:30,13.94,13.94,12.83,12.83,4781
2010-02-04 00:00:00+05:30,12.25,12.7,12.19,12.23,5115
2010-02-05 00:00:00+05:30,11.75,12.25,11.75,11.75,1400
2010-02-08 00:00:00+05:30,11.35,12.33,11.35,11.91,880
2010-02-09 00:00:00+05:30,12.1,12.5,12.0,12.5,2311
2010-02-10 00:00:00+05:30,12.03,12.03,12.0,12.0,1300
2010-02-11 00:00:00+05:30,12.25,12.6,12.0,12.6,3984
2010-02-15 00:00:00+05:30,12.0,12.0,12.0,12.0,810
2010-02-16 00:00:00+05:30,11.5,12.2,11.5,12.2,490
2010-02-17 00:00:00+05:30,12.23,12.23,11.65,11.65,1373
2010-02-19 00:00:00+05:30,12.18,12.18,12.18,12.18,1
2010-02-22 00:00:00+05:30,12.0,12.78,12.0,12.01,7602
2010-02-23 00:00:00+05:30,12.6,12.6,11.46,12.35,2606
2010-02-24 00:00:00+05:30,11.99,12.25,11.99,12.0,3000
2010-02-25 00:00:00+05:30,11.61,12.1,11.55,11.97,6333
2010-02-26 00:00:00+05:30,12.1,12.4,11.6,12.4,3133
2010-03-02 00:00:00+05:30,12.1,12.25,11.79,11.8,7351
2010-03-03 00:00:00+05:30,12.0,12.0,11.31,11.31,2250
2010-03-04 00:00:00+05:30,11.75,11.87,11.75,11.85,3166
2010-03-05 00:00:00+05:30,12.1,12.44,11.87,11.95,9813
2010-03-08 00:00:00+05:30,11.88,11.88,10.87,11.5,6277
2010-03-09 00:00:00+05:30,12.5,12.5,11.7,11.77,2493
2010-03-10 00:00:00+05:30,11.02,11.9,11.02,11.6,1110
2010-03-11 00:00:00+05:30,11.5,12.3,11.21,12.0,3100
2010-03-12 00:00:00+05:30,11.02,11.2,10.81,10.81,22229
2010-03-15 00:00:00+05:30,10.98,11.75,10.3,11.36,20175
2010-03-16 00:00:00+05:30,10.6,11.17,10.5,11.02,6729
2010-03-17 00:00:00+05:30,11.0,11.98,11.0,11.95,3208
2010-03-18 00:00:00+05:30,11.93,12.5,11.35,11.4,5406
2010-03-19 00:00:00+05:30,10.71,12.54,10.7,12.52,18420
2010-03-22 00:00:00+05:30,12.5,12.9,12.5,12.5,685
2010-03-23 00:00:00+05:30,11.54,11.99,11.54,11.6,600
2010-03-25 00:00:00+05:30,11.61,12.23,11.61,12.2,3990
2010-03-26 00:00:00+05:30,12.0,12.4,11.36,12.4,19027
2010-03-29 00:00:00+05:30,11.9,11.9,11.51,11.51,351
2010-03-30 00:00:00+05:30,11.16,11.75,11.15,11.75,553
2010-03-31 00:00:00+05:30,11.06,11.74,10.86,11.26,10908
2010-04-01 00:00:00+05:30,11.02,11.99,11.02,11.5,917
2010-04-05 00:00:00+05:30,11.13,11.13,11.13,11.13,75
2010-04-06 00:00:00+05:30,11.95,12.24,11.95,12.24,2000
2010-04-07 00:00:00+05:30,12.5,12.5,11.74,11.82,3567
2010-04-08 00:00:00+05:30,11.13,12.95,11.13,12.25,500
2010-04-09 00:00:00+05:30,11.47,12.5,11.47,12.45,3951
2010-04-12 00:00:00+05:30,12.25,13.24,12.25,12.48,2856
2010-04-13 00:00:00+05:30,11.7,11.7,11.7,11.7,65
2010-04-15 00:00:00+05:30,11.52,12.0,11.52,11.99,3157
2010-04-16 00:00:00+05:30,11.28,12.0,11.28,11.75,2165
2010-04-19 00:00:00+05:30,12.0,12.9,12.0,12.49,1782
2010-04-20 00:00:00+05:30,12.5,12.5,11.73,11.86,5259
2010-04-21 00:00:00+05:30,12.19,12.19,12.19,12.19,100
2010-04-22 00:00:00+05:30,12.91,12.91,11.51,11.74,7555
2010-04-23 00:00:00+05:30,11.21,12.91,11.21,12.91,15816
2010-04-26 00:00:00+05:30,13.06,14.2,13.06,14.2,18384
2010-04-27 00:00:00+05:30,15.2,15.62,15.2,15.62,10563
2010-04-28 00:00:00+05:30,16.39,16.39,15.5,16.3,59361
2010-04-29 00:00:00+05:30,17.11,17.11,15.5,15.53,34750
2010-04-30 00:00:00+05:30,15.5,16.3,15.5,16.23,11689
2010-05-03 00:00:00+05:30,15.55,16.6,15.45,16.35,9490
2010-05-04 00:00:00+05:30,16.5,17.14,16.05,16.55,8400
2010-05-05 00:00:00+05:30,16.5,16.5,15.8,15.9,4224
2010-05-06 00:00:00+05:30,15.4,16.39,15.3,15.7,1575
2010-05-07 00:00:00+05:30,15.75,15.75,14.95,15.0,5200
2010-05-10 00:00:00+05:30,14.5,14.75,14.3,14.65,11182
2010-05-11 00:00:00+05:30,14.35,14.5,14.35,14.5,400
2010-05-12 00:00:00+05:30,14.5,15.0,14.0,14.5,1835
2010-05-13 00:00:00+05:30,14.5,14.95,14.1,14.95,2451
2010-05-14 00:00:00+05:30,14.4,14.4,14.4,14.4,600
2010-05-17 00:00:00+05:30,14.4,14.4,13.7,13.75,1019
2010-05-18 00:00:00+05:30,13.75,14.35,13.5,13.8,923
2010-05-19 00:00:00+05:30,13.4,14.45,13.2,13.35,8062
2010-05-20 00:00:00+05:30,13.15,13.5,12.85,13.2,3422
2010-05-21 00:00:00+05:30,13.65,13.65,12.65,12.7,1600
2010-05-24 00:00:00+05:30,12.4,13.3,12.4,13.3,4051
2010-05-25 00:00:00+05:30,13.3,13.35,12.65,12.65,882
2010-05-26 00:00:00+05:30,12.25,13.25,12.25,13.15,3149
2010-05-27 00:00:00+05:30,12.75,13.0,12.75,13.0,2415
2010-05-28 00:00:00+05:30,12.8,12.8,12.75,12.75,400
2010-05-31 00:00:00+05:30,13.35,13.35,13.35,13.35,1
2010-06-01 00:00:00+05:30,12.8,13.5,12.8,13.5,965
2010-06-02 00:00:00+05:30,13.0,13.25,13.0,13.0,201202
2010-06-03 00:00:00+05:30,13.4,13.5,12.75,12.9,2473
2010-06-04 00:00:00+05:30,13.05,13.45,12.6,13.25,4165
2010-06-07 00:00:00+05:30,13.45,13.45,12.75,12.9,1413
2010-06-08 00:00:00+05:30,13.4,13.4,12.82,13.0,53
2010-06-09 00:00:00+05:30,12.65,13.0,12.55,12.71,2549
2010-06-10 00:00:00+05:30,12.6,13.0,12.6,13.0,3569
2010-06-11 00:00:00+05:30,12.5,13.0,12.5,13.0,3893
2010-06-14 00:00:00+05:30,12.75,13.05,12.75,13.05,3510
2010-06-15 00:00:00+05:30,12.5,13.4,12.5,13.0,5485
2010-06-16 00:00:00+05:30,12.9,13.3,12.9,13.09,4980
2010-06-17 00:00:00+05:30,13.35,13.35,13.05,13.08,6863
2010-06-18 00:00:00+05:30,13.35,13.59,13.35,13.5,7153
2010-06-21 00:00:00+05:30,13.5,13.55,13.2,13.51,2730
2010-06-22 00:00:00+05:30,13.52,13.6,13.52,13.52,515
2010-06-23 00:00:00+05:30,13.8,14.09,13.57,13.77,893
2010-06-24 00:00:00+05:30,13.95,14.0,13.93,14.0,3786
2010-06-28 00:00:00+05:30,13.5,14.1,13.31,13.34,2482
2010-06-29 00:00:00+05:30,13.75,13.75,13.25,13.38,498
2010-06-30 00:00:00+05:30,12.75,13.75,12.75,13.75,2100
2010-07-01 00:00:00+05:30,13.75,14.25,13.4,13.86,3125
2010-07-02 00:00:00+05:30,14.4,14.55,13.67,14.54,2372
2010-07-05 00:00:00+05:30,14.95,15.25,14.75,15.08,2192
2010-07-06 00:00:00+05:30,14.35,15.35,14.35,15.35,5555
2010-07-08 00:00:00+05:30,15.9,15.9,14.51,14.51,50
2010-07-09 00:00:00+05:30,14.1,14.6,14.0,14.6,3600
2010-07-12 00:00:00+05:30,14.7,14.7,14.05,14.09,2300
2010-07-13 00:00:00+05:30,14.0,14.75,13.91,14.15,1865
2010-07-14 00:00:00+05:30,14.19,14.2,14.0,14.0,3340
2010-07-15 00:00:00+05:30,14.0,14.3,13.0,13.05,44143
2010-07-16 00:00:00+05:30,13.74,14.23,13.2,13.84,27392
2010-07-19 00:00:00+05:30,13.3,13.89,13.14,13.69,14519
2010-07-20 00:00:00+05:30,13.25,13.9,13.0,13.6,4765
2010-07-21 00:00:00+05:30,13.2,13.77,13.2,13.59,5239
2010-07-22 00:00:00+05:30,13.35,14.3,13.35,13.4,3346
2010-07-23 00:00:00+05:30,13.16,13.6,13.16,13.6,1700
2010-07-26 00:00:00+05:30,13.6,13.7,13.0,13.17,27700
2010-07-27 00:00:00+05:30,13.0,13.74,13.0,13.25,7424
2010-07-28 00:00:00+05:30,13.0,13.5,13.0,13.11,5986
2010-07-29 00:00:00+05:30,13.0,13.4,13.0,13.29,1109
2010-07-30 00:00:00+05:30,13.0,13.75,13.0,13.31,2600
2010-08-02 00:00:00+05:30,13.15,13.4,12.51,12.99,14622
2010-08-03 00:00:00+05:30,12.45,13.25,12.45,12.91,5373
2010-08-04 00:00:00+05:30,12.6,13.3,12.55,13.08,9148
2010-08-05 00:00:00+05:30,13.0,14.0,12.31,13.49,13105
2010-08-06 00:00:00+05:30,13.05,14.0,13.05,13.79,3359
2010-08-09 00:00:00+05:30,13.9,14.0,13.25,13.35,1110
2010-08-10 00:00:00+05:30,14.2,14.3,13.85,14.0,1590
2010-08-11 00:00:00+05:30,13.65,13.99,13.65,13.99,2995
2010-08-12 00:00:00+05:30,14.5,14.5,13.75,14.3,8521
2010-08-13 00:00:00+05:30,14.6,14.6,13.81,14.0,1950
2010-08-16 00:00:00+05:30,14.0,14.3,13.65,13.7,1436
2010-08-17 00:00:00+05:30,14.5,14.5,13.5,13.73,2850
2010-08-18 00:00:00+05:30,14.49,14.7,13.71,13.96,5719
2010-08-19 00:00:00+05:30,14.0,14.5,14.0,14.46,6890
2010-08-20 00:00:00+05:30,14.25,14.5,14.25,14.25,3295
2010-08-23 00:00:00+05:30,14.8,14.8,13.91,13.96,1300
2010-08-24 00:00:00+05:30,14.5,14.95,14.26,14.51,10000
2010-08-25 00:00:00+05:30,14.51,14.74,13.9,14.39,3834
2010-08-26 00:00:00+05:30,13.81,14.08,12.96,13.01,26852
2010-08-27 00:00:00+05:30,12.31,13.0,12.31,12.9,5367
2010-08-30 00:00:00+05:30,13.79,13.79,12.65,12.71,5020
2010-08-31 00:00:00+05:30,12.51,13.3,12.51,13.3,348
2010-09-01 00:00:00+05:30,13.3,13.44,12.52,12.66,7501
2010-09-02 00:00:00+05:30,12.7,12.7,12.56,12.56,8694
2010-09-03 00:00:00+05:30,13.24,13.24,12.01,12.07,7155
2010-09-06 00:00:00+05:30,12.05,12.72,12.05,12.19,2838
2010-09-07 00:00:00+05:30,12.18,12.8,12.18,12.35,8192
2010-09-08 00:00:00+05:30,12.9,12.9,12.51,12.51,3101
2010-09-09 00:00:00+05:30,12.13,12.99,12.06,12.99,14629
2010-09-13 00:00:00+05:30,13.0,13.0,12.5,12.84,3101
2010-09-14 00:00:00+05:30,12.7,12.7,12.46,12.47,2542
2010-09-15 00:00:00+05:30,12.01,12.65,12.0,12.65,8474
2010-09-16 00:00:00+05:30,12.35,12.9,12.3,12.35,1100
2010-09-17 00:00:00+05:30,12.75,12.75,12.1,12.1,561
2010-09-20 00:00:00+05:30,12.2,12.65,12.06,12.46,2500
2010-09-21 00:00:00+05:30,12.2,12.3,11.5,12.01,5365
2010-09-22 00:00:00+05:30,12.0,12.25,11.58,12.0,6696
2010-09-23 00:00:00+05:30,12.0,12.0,11.9,12.0,2270
2010-09-24 00:00:00+05:30,11.7,12.01,11.7,11.95,2704
2010-09-27 00:00:00+05:30,12.55,12.9,12.3,12.3,10714
2010-09-28 00:00:00+05:30,12.05,12.7,12.05,12.45,1359
2010-09-29 00:00:00+05:30,13.0,13.0,12.1,12.46,1470
2010-09-30 00:00:00+05:30,12.3,12.5,11.8,12.25,6597
2010-10-01 00:00:00+05:30,12.5,12.7,12.2,12.22,7550
2010-10-04 00:00:00+05:30,12.0,12.35,11.8,12.35,2500
2010-10-05 00:00:00+05:30,12.1,12.5,12.05,12.48,3376
2010-10-06 00:00:00+05:30,12.4,12.5,12.01,12.5,5210
2010-10-07 00:00:00+05:30,12.1,12.5,12.1,12.22,11051
2010-10-08 00:00:00+05:30,12.0,12.25,11.85,11.9,4189
2010-10-11 00:00:00+05:30,11.85,12.35,11.75,12.0,6791
2010-10-12 00:00:00+05:30,11.81,12.05,11.8,12.05,2300
2010-10-13 00:00:00+05:30,12.0,12.45,12.0,12.22,2701
2010-10-14 00:00:00+05:30,12.35,12.35,11.9,12.02,4150
2010-10-15 00:00:00+05:30,11.75,12.0,11.75,11.85,2489
2010-10-18 00:00:00+05:30,11.95,12.35,11.95,12.05,4017
2010-10-19 00:00:00+05:30,11.71,12.95,11.7,12.95,5357
2010-10-20 00:00:00+05:30,13.15,13.15,12.17,12.17,1995
2010-10-21 00:00:00+05:30,12.0,12.1,11.35,11.59,7424
2010-10-22 00:00:00+05:30,12.39,13.75,12.0,12.0,9102
2010-10-25 00:00:00+05:30,13.0,13.0,12.15,12.15,1789
2010-10-26 00:00:00+05:30,12.7,12.7,12.0,12.5,2079
2010-10-27 00:00:00+05:30,12.47,12.47,12.0,12.41,582
2010-10-28 00:00:00+05:30,12.41,12.41,11.89,11.9,3800
2010-10-29 00:00:00+05:30,12.36,12.4,11.7,11.7,2650
2010-11-01 00:00:00+05:30,12.2,12.5,11.11,12.25,13756
2010-11-02 00:00:00+05:30,13.0,13.22,12.6,13.1,10500
2010-11-03 00:00:00+05:30,13.0,13.7,13.0,13.32,8380
2010-11-04 00:00:00+05:30,13.33,13.9,13.0,13.04,3649
2010-11-05 00:00:00+05:30,13.65,13.65,12.51,12.52,502
2010-11-08 00:00:00+05:30,13.0,13.5,13.0,13.01,5397
2010-11-09 00:00:00+05:30,13.7,13.7,12.6,12.62,2448
2010-11-10 00:00:00+05:30,12.75,12.95,12.6,12.6,3410
2010-11-11 00:00:00+05:30,13.45,13.45,12.68,12.97,3471
2010-11-12 00:00:00+05:30,11.51,13.1,11.51,12.34,3451
2010-11-15 00:00:00+05:30,11.85,12.04,11.85,11.91,1351
2010-11-16 00:00:00+05:30,12.94,12.94,11.61,11.75,2479
2010-11-18 00:00:00+05:30,11.4,12.8,11.25,11.98,16542
2010-11-19 00:00:00+05:30,11.51,11.99,11.45,11.5,4872
2010-11-22 00:00:00+05:30,11.5,12.4,11.5,11.5,1601
2010-11-23 00:00:00+05:30,12.8,12.8,11.33,11.33,1060
2010-11-24 00:00:00+05:30,11.6,11.88,11.5,11.88,4000
2010-11-25 00:00:00+05:30,11.35,12.3,11.06,11.17,18305
2010-11-26 00:00:00+05:30,10.52,11.22,10.15,10.3,4901
2010-11-29 00:00:00+05:30,10.5,11.2,10.3,10.35,3050
2010-11-30 00:00:00+05:30,11.0,11.25,10.5,10.8,2230
2010-12-01 00:00:00+05:30,10.8,11.6,10.5,11.5,16549
2010-12-02 00:00:00+05:30,12.0,12.0,10.97,11.95,7200
2010-12-03 00:00:00+05:30,12.19,12.19,10.68,10.69,1157
2010-12-06 00:00:00+05:30,11.3,11.3,10.9,10.9,905
2010-12-07 00:00:00+05:30,10.54,10.9,10.0,10.19,11214
2010-12-08 00:00:00+05:30,10.19,10.19,9.75,9.75,716
2010-12-09 00:00:00+05:30,10.1,10.19,9.06,10.0,6251
2010-12-10 00:00:00+05:30,11.44,11.47,9.22,9.71,2464
2010-12-13 00:00:00+05:30,9.16,10.08,9.16,10.08,1200
2010-12-15 00:00:00+05:30,9.23,9.56,9.23,9.55,1000
2010-12-16 00:00:00+05:30,10.52,10.52,9.56,9.58,2710
2010-12-20 00:00:00+05:30,10.14,11.25,9.71,10.48,2349
2010-12-21 00:00:00+05:30,10.25,11.0,9.51,9.61,7611
2010-12-22 00:00:00+05:30,9.57,10.5,9.57,10.0,1607
2010-12-23 00:00:00+05:30,10.0,10.43,9.64,9.9,1461
2010-12-24 00:00:00+05:30,10.15,10.15,9.9,9.94,8475
2010-12-27 00:00:00+05:30,11.65,11.65,9.52,9.55,2520
2010-12-28 00:00:00+05:30,9.55,9.55,9.55,9.55,150
2010-12-29 00:00:00+05:30,11.45,11.45,10.01,10.5,2902
2010-12-31 00:00:00+05:30,9.5,10.85,9.5,10.58,33225
2011-01-03 00:00:00+05:30,11.0,11.74,11.0,11.4,5822
2011-01-04 00:00:00+05:30,11.35,11.35,11.18,11.18,530
2011-01-05 00:00:00+05:30,10.8,10.8,10.8,10.8,850
2011-01-06 00:00:00+05:30,10.5,10.5,10.5,10.5,135
2011-01-07 00:00:00+05:30,10.6,10.85,9.9,10.84,1650
2011-01-10 00:00:00+05:30,9.68,9.68,9.68,9.68,1
2011-01-11 00:00:00+05:30,9.75,9.8,9.75,9.8,1200
2011-01-12 00:00:00+05:30,10.6,10.6,9.38,9.42,1157
2011-01-14 00:00:00+05:30,8.52,9.69,8.52,9.66,998
2011-01-17 00:00:00+05:30,11.0,11.0,9.41,10.41,536
2011-01-20 00:00:00+05:30,9.11,9.61,9.11,9.61,200
2011-01-21 00:00:00+05:30,9.17,10.84,9.1,9.65,1789
2011-01-24 00:00:00+05:30,10.0,10.0,9.8,10.0,91
2011-01-25 00:00:00+05:30,10.0,10.0,9.9,9.9,87
2011-01-27 00:00:00+05:30,9.9,10.0,9.9,10.0,1020
2011-01-28 00:00:00+05:30,9.19,9.35,9.0,9.01,12290
2011-01-31 00:00:00+05:30,8.05,10.25,8.05,9.99,5901
2011-02-01 00:00:00+05:30,9.3,9.3,9.0,9.11,1325
2011-02-03 00:00:00+05:30,8.94,8.94,8.8,8.8,30100
2011-02-04 00:00:00+05:30,10.25,10.25,9.25,9.26,1110
2011-02-07 00:00:00+05:30,8.9,9.05,8.9,9.05,1011
2011-02-08 00:00:00+05:30,10.0,10.0,8.9,8.9,980
2011-02-09 00:00:00+05:30,9.98,10.0,8.94,8.97,1726
2011-02-10 00:00:00+05:30,8.11,8.94,8.11,8.4,3050
2011-02-11 00:00:00+05:30,9.0,9.0,8.4,8.5,530
2011-02-14 00:00:00+05:30,9.97,10.19,8.88,9.56,420
2011-02-15 00:00:00+05:30,9.56,9.56,9.35,9.35,257
2011-02-17 00:00:00+05:30,9.4,9.78,9.0,9.06,201
2011-02-18 00:00:00+05:30,10.83,10.83,8.96,8.99,807
2011-02-21 00:00:00+05:30,10.3,10.3,9.0,9.25,451
2011-02-22 00:00:00+05:30,9.25,10.33,9.0,10.29,252
2011-02-23 00:00:00+05:30,10.29,10.29,9.0,9.8,111
2011-02-24 00:00:00+05:30,9.8,9.98,8.75,8.75,525
2011-02-25 00:00:00+05:30,8.75,9.4,8.5,9.4,719
2011-02-28 00:00:00+05:30,9.4,9.5,9.11,9.5,8
2011-03-01 00:00:00+05:30,10.36,10.36,8.63,9.05,628
2011-03-04 00:00:00+05:30,9.5,9.5,9.5,9.5,1
2011-03-07 00:00:00+05:30,9.8,9.8,8.61,8.75,503
2011-03-08 00:00:00+05:30,9.18,9.18,8.75,9.0,1006
2011-03-09 00:00:00+05:30,9.0,9.44,8.65,9.35,1983
2011-03-10 00:00:00+05:30,8.89,9.33,8.89,9.33,1835
2011-03-11 00:00:00+05:30,8.86,8.9,8.86,8.86,600
2011-03-14 00:00:00+05:30,8.86,8.86,8.8,8.8,300
2011-03-15 00:00:00+05:30,8.8,8.8,8.6,8.6,201
2011-03-16 00:00:00+05:30,8.6,8.6,8.22,8.22,202
2011-03-17 00:00:00+05:30,8.27,8.28,8.26,8.26,401
2011-03-21 00:00:00+05:30,7.89,8.67,7.89,8.27,6503
2011-03-22 00:00:00+05:30,8.27,8.68,8.0,8.65,51221
2011-03-23 00:00:00+05:30,8.65,9.08,8.5,9.07,1029
2011-03-25 00:00:00+05:30,9.4,9.4,8.8,8.8,424
2011-03-28 00:00:00+05:30,8.43,9.24,8.38,8.4,32434
2011-03-29 00:00:00+05:30,8.78,8.82,8.02,8.77,2180
2011-03-30 00:00:00+05:30,9.19,9.19,8.77,8.77,3
2011-03-31 00:00:00+05:30,8.77,8.77,8.36,8.36,200
2011-04-01 00:00:00+05:30,8.6,8.69,8.11,8.69,182
2011-04-06 00:00:00+05:30,9.13,9.13,9.13,9.13,493
2011-04-07 00:00:00+05:30,9.4,9.58,9.4,9.58,1032
2011-04-08 00:00:00+05:30,10.05,10.05,9.5,9.5,827
2011-04-11 00:00:00+05:30,9.55,9.94,9.55,9.94,2085
2011-04-13 00:00:00+05:30,10.4,10.44,9.59,9.59,2430
2011-04-15 00:00:00+05:30,9.59,10.0,9.26,10.0,1394
2011-04-18 00:00:00+05:30,10.5,10.5,9.51,9.51,1573
2011-04-20 00:00:00+05:30,9.51,9.98,9.41,9.52,2555
2011-04-21 00:00:00+05:30,9.94,9.94,9.58,9.73,5836
2011-04-25 00:00:00+05:30,9.94,10.19,9.4,9.47,3932
2011-04-26 00:00:00+05:30,9.47,9.94,9.36,9.94,2452
2011-04-27 00:00:00+05:30,10.39,10.43,9.55,9.69,1191
2011-04-28 00:00:00+05:30,9.69,10.17,9.4,10.14,805
2011-04-29 00:00:00+05:30,9.64,10.14,9.64,9.65,1058
2011-05-02 00:00:00+05:30,9.22,10.05,9.21,9.46,461
2011-05-03 00:00:00+05:30,9.91,9.93,9.4,9.92,5734
2011-05-04 00:00:00+05:30,10.09,10.1,9.83,9.85,1589
2011-05-05 00:00:00+05:30,9.86,9.9,9.86,9.86,2250
2011-05-06 00:00:00+05:30,9.86,9.86,9.69,9.69,7828
2011-05-09 00:00:00+05:30,9.99,9.99,9.14,9.14,109
2011-05-10 00:00:00+05:30,9.23,9.98,9.23,9.3,803
2011-05-11 00:00:00+05:30,9.41,9.41,9.35,9.4,1623
2011-05-12 00:00:00+05:30,8.55,9.4,8.55,9.3,2001
2011-05-13 00:00:00+05:30,8.51,9.44,8.51,9.44,551
2011-05-16 00:00:00+05:30,10.0,10.0,10.0,10.0,4000
2011-05-17 00:00:00+05:30,10.0,10.0,9.46,9.46,208
2011-05-19 00:00:00+05:30,10.0,10.0,9.5,9.5,4
2011-05-20 00:00:00+05:30,9.75,9.75,9.75,9.75,1000
2011-05-23 00:00:00+05:30,10.0,10.0,8.83,8.83,66
2011-05-25 00:00:00+05:30,9.0,9.69,9.0,9.21,198
2011-05-26 00:00:00+05:30,9.25,10.08,9.25,10.06,252
2011-05-27 00:00:00+05:30,10.95,10.95,9.06,9.33,4923
2011-05-30 00:00:00+05:30,9.26,9.36,9.26,9.35,1551
2011-05-31 00:00:00+05:30,10.24,10.27,9.52,9.86,2977
2011-06-01 00:00:00+05:30,9.99,10.0,9.44,9.49,5802
2011-06-02 00:00:00+05:30,10.39,10.39,9.55,9.55,802
2011-06-03 00:00:00+05:30,10.0,10.0,9.99,10.0,3500
2011-06-06 00:00:00+05:30,9.99,10.0,9.99,10.0,553
2011-06-07 00:00:00+05:30,10.0,10.5,9.57,9.99,6205
2011-06-08 00:00:00+05:30,10.95,10.95,10.1,10.69,460
2011-06-09 00:00:00+05:30,11.5,11.5,9.63,10.1,4847
2011-06-10 00:00:00+05:30,10.1,10.1,9.69,9.94,1232
2011-06-14 00:00:00+05:30,9.86,10.7,9.75,10.69,820
2011-06-15 00:00:00+05:30,9.69,9.75,9.69,9.75,5176
2011-06-16 00:00:00+05:30,9.51,9.51,9.5,9.5,100
2011-06-17 00:00:00+05:30,9.5,10.42,9.27,9.51,207
2011-06-20 00:00:00+05:30,9.5,10.46,9.0,10.0,5005
2011-06-21 00:00:00+05:30,9.98,9.99,9.75,9.77,5541
2011-06-22 00:00:00+05:30,9.19,9.44,9.18,9.44,558
2011-06-23 00:00:00+05:30,9.69,9.69,9.25,9.69,5514
2011-06-24 00:00:00+05:30,9.75,9.75,9.25,9.25,1002
2011-06-27 00:00:00+05:30,9.44,9.5,9.44,9.44,648
2011-06-28 00:00:00+05:30,10.39,10.39,9.4,9.44,403
2011-06-29 00:00:00+05:30,9.31,9.35,9.25,9.31,2310
2011-06-30 00:00:00+05:30,9.1,10.24,9.1,9.86,942
2011-07-01 00:00:00+05:30,10.6,10.85,9.73,9.73,8053
2011-07-04 00:00:00+05:30,9.99,10.0,9.99,9.99,1400
2011-07-05 00:00:00+05:30,10.59,10.59,9.65,9.65,104
2011-07-06 00:00:00+05:30,9.65,10.1,9.23,9.48,12991
2011-07-07 00:00:00+05:30,9.69,10.0,9.44,9.44,12207
2011-07-08 00:00:00+05:30,9.42,10.0,9.35,9.35,3000
2011-07-11 00:00:00+05:30,9.4,9.4,8.76,9.01,14400
2011-07-12 00:00:00+05:30,9.1,9.17,9.0,9.0,32205
2011-07-13 00:00:00+05:30,9.02,9.1,8.61,8.83,28488
2011-07-14 00:00:00+05:30,9.0,9.0,8.83,8.84,94471
2011-07-15 00:00:00+05:30,8.42,9.01,8.42,8.82,50423
2011-07-18 00:00:00+05:30,9.0,9.5,8.91,8.93,82569
2011-07-19 00:00:00+05:30,9.4,9.44,8.9,9.16,35787
2011-07-20 00:00:00+05:30,9.49,9.49,9.0,9.0,8130
2011-07-21 00:00:00+05:30,9.05,9.1,9.05,9.05,3410
2011-07-22 00:00:00+05:30,9.94,9.94,9.01,9.44,1662
2011-07-25 00:00:00+05:30,9.01,10.39,8.71,9.31,608
2011-07-26 00:00:00+05:30,9.0,9.4,9.0,9.4,776
2011-07-27 00:00:00+05:30,9.1,9.8,9.08,9.43,2501
2011-07-28 00:00:00+05:30,9.15,9.15,9.14,9.14,700
2011-07-29 00:00:00+05:30,9.1,9.4,9.1,9.19,676
2011-08-01 00:00:00+05:30,8.55,10.1,8.55,9.47,2002
2011-08-02 00:00:00+05:30,9.1,9.1,8.93,8.94,102
2011-08-03 00:00:00+05:30,8.6,9.75,8.6,9.71,8502
2011-08-04 00:00:00+05:30,9.07,9.75,9.07,9.25,7897
2011-08-05 00:00:00+05:30,8.35,9.6,8.35,8.77,1005
2011-08-08 00:00:00+05:30,8.0,9.44,8.0,9.24,3699
2011-08-09 00:00:00+05:30,8.36,9.15,8.36,8.69,3315
2011-08-10 00:00:00+05:30,8.1,9.02,8.1,8.63,3185
2011-08-11 00:00:00+05:30,8.0,9.47,8.0,8.75,502
2011-08-12 00:00:00+05:30,8.0,9.55,8.0,9.48,48512
2011-08-16 00:00:00+05:30,10.41,10.41,8.86,9.01,1002
2011-08-17 00:00:00+05:30,9.01,9.44,9.0,9.4,13866
2011-08-18 00:00:00+05:30,8.69,10.34,8.69,9.44,21654
2011-08-19 00:00:00+05:30,9.0,9.99,9.0,9.02,699
2011-08-22 00:00:00+05:30,8.6,9.5,8.57,9.32,3487
2011-08-23 00:00:00+05:30,9.5,9.5,9.17,9.17,1100
2011-08-24 00:00:00+05:30,9.94,9.94,9.23,9.23,2
2011-08-25 00:00:00+05:30,9.89,9.89,9.25,9.72,2325
2011-08-26 00:00:00+05:30,9.16,9.19,9.16,9.16,2401
2011-08-29 00:00:00+05:30,9.02,10.0,9.02,9.83,15399
2011-08-30 00:00:00+05:30,10.38,10.38,9.51,10.0,2105
2011-09-02 00:00:00+05:30,10.1,10.19,9.52,10.18,1701
2011-09-05 00:00:00+05:30,11.09,11.09,9.41,9.81,13860
2011-09-06 00:00:00+05:30,9.82,10.5,9.8,10.29,3500
2011-09-07 00:00:00+05:30,10.55,10.55,10.02,10.1,1801
2011-09-08 00:00:00+05:30,11.0,11.78,10.7,11.08,10112
2011-09-09 00:00:00+05:30,10.23,11.1,9.83,9.9,1737
2011-09-12 00:00:00+05:30,9.64,9.64,9.64,9.64,1
2011-09-13 00:00:00+05:30,10.19,10.19,10.19,10.19,2000
2011-09-15 00:00:00+05:30,9.02,10.5,9.02,10.5,210
2011-09-16 00:00:00+05:30,10.99,10.99,9.6,10.39,7
2011-09-19 00:00:00+05:30,10.0,10.8,9.73,10.5,1554
2011-09-20 00:00:00+05:30,10.0,10.0,10.0,10.0,122
2011-09-21 00:00:00+05:30,10.9,10.9,10.01,10.01,2
2011-09-22 00:00:00+05:30,9.67,9.81,9.21,9.61,3103
2011-09-23 00:00:00+05:30,9.19,10.44,9.16,9.25,310
2011-09-26 00:00:00+05:30,9.26,9.98,9.05,9.07,1935
2011-09-27 00:00:00+05:30,10.25,10.25,9.27,9.43,2127
2011-09-28 00:00:00+05:30,11.24,11.24,9.3,9.3,1836
2011-09-29 00:00:00+05:30,9.99,10.0,9.11,9.17,1162
2011-09-30 00:00:00+05:30,9.02,10.14,9.02,9.14,3
2011-10-03 00:00:00+05:30,9.02,9.75,9.01,9.06,848
2011-10-04 00:00:00+05:30,8.11,10.0,8.11,9.25,2454
2011-10-05 00:00:00+05:30,9.9,10.19,9.33,9.36,553
2011-10-07 00:00:00+05:30,10.44,10.44,9.21,9.23,2910
2011-10-11 00:00:00+05:30,8.19,10.19,8.19,9.77,3202
2011-10-12 00:00:00+05:30,9.22,9.22,9.05,9.16,12538
2011-10-14 00:00:00+05:30,9.94,9.94,9.94,9.94,1
2011-10-17 00:00:00+05:30,9.5,9.85,9.05,9.69,1202
2011-10-18 00:00:00+05:30,9.72,9.72,9.11,9.61,52
2011-10-19 00:00:00+05:30,9.67,9.69,9.21,9.22,1906
2011-10-20 00:00:00+05:30,9.22,9.69,9.21,9.26,1166
2011-10-21 00:00:00+05:30,9.8,9.8,9.27,9.27,351
2011-10-24 00:00:00+05:30,9.94,9.94,9.27,9.3,659
2011-10-25 00:00:00+05:30,9.3,9.8,9.26,9.78,517
2011-10-26 00:00:00+05:30,9.5,9.5,9.5,9.5,7500
2011-10-28 00:00:00+05:30,9.6,9.6,9.42,9.42,2700
2011-10-31 00:00:00+05:30,9.68,10.95,9.23,10.92,4057
2011-11-01 00:00:00+05:30,10.4,10.4,9.57,10.38,1052
2011-11-02 00:00:00+05:30,10.99,10.99,9.86,9.94,3090
2011-11-03 00:00:00+05:30,10.25,10.25,9.8,10.02,2904
2011-11-04 00:00:00+05:30,10.9,11.5,10.0,10.99,10444
2011-11-08 00:00:00+05:30,12.0,12.0,10.75,10.75,232
2011-11-09 00:00:00+05:30,10.81,10.81,10.81,10.81,300
2011-11-11 00:00:00+05:30,10.81,10.81,10.5,10.55,698
2011-11-14 00:00:00+05:30,10.19,10.19,10.05,10.05,255
2011-11-15 00:00:00+05:30,9.82,9.82,9.82,9.82,1
2011-11-16 00:00:00+05:30,9.83,9.83,9.67,9.69,1040
2011-11-17 00:00:00+05:30,10.67,10.67,9.24,9.34,262
2011-11-18 00:00:00+05:30,9.13,9.13,9.13,9.13,1
2011-11-21 00:00:00+05:30,9.06,9.4,9.06,9.4,1500
2011-11-22 00:00:00+05:30,9.15,10.01,9.15,10.0,1521
2011-11-23 00:00:00+05:30,9.57,9.57,9.21,9.33,583
2011-11-24 00:00:00+05:30,9.19,9.19,9.19,9.19,2200
2011-11-25 00:00:00+05:30,9.19,9.25,9.19,9.25,3579
2011-11-28 00:00:00+05:30,10.0,10.0,9.35,9.35,400
2011-11-29 00:00:00+05:30,9.5,9.92,9.41,9.91,1102
2011-11-30 00:00:00+05:30,9.44,10.17,9.4,9.4,5652
2011-12-01 00:00:00+05:30,10.0,10.0,9.51,9.98,600
2011-12-02 00:00:00+05:30,9.81,9.81,9.35,9.8,5250
2011-12-05 00:00:00+05:30,9.75,9.75,9.75,9.75,50
2011-12-07 00:00:00+05:30,9.65,9.65,9.5,9.5,1050
2011-12-09 00:00:00+05:30,9.44,9.44,9.44,9.44,500
2011-12-12 00:00:00+05:30,9.99,10.0,9.99,10.0,100
2011-12-14 00:00:00+05:30,9.6,9.6,9.35,9.35,150
2011-12-19 00:00:00+05:30,9.26,9.26,9.25,9.25,4800
2011-12-20 00:00:00+05:30,8.52,9.1,8.52,9.1,198
2011-12-21 00:00:00+05:30,9.9,9.9,9.31,9.31,501
2011-12-22 00:00:00+05:30,9.15,9.9,9.15,9.77,2667
2011-12-23 00:00:00+05:30,9.56,9.56,9.56,9.56,1
2011-12-26 00:00:00+05:30,10.07,10.07,10.07,10.07,10
2011-12-27 00:00:00+05:30,9.6,9.6,9.6,9.6,200
2011-12-28 00:00:00+05:30,10.09,10.09,10.09,10.09,20
2011-12-29 00:00:00+05:30,9.31,10.05,9.3,9.82,4361
2011-12-30 00:00:00+05:30,9.5,9.5,9.5,9.5,1
2012-01-02 00:00:00+05:30,9.65,9.65,9.61,9.61,1050
2012-01-04 00:00:00+05:30,10.0,10.0,9.44,9.44,548
2012-01-09 00:00:00+05:30,10.0,10.0,10.0,10.0,2
2012-01-10 00:00:00+05:30,9.9,9.9,9.75,9.75,100
2012-01-11 00:00:00+05:30,9.55,9.94,9.55,9.94,120
2012-01-12 00:00:00+05:30,9.65,10.44,9.65,9.66,2102
2012-01-16 00:00:00+05:30,10.1,10.1,9.5,9.5,101
2012-01-17 00:00:00+05:30,9.05,9.94,9.05,9.6,1966
2012-01-18 00:00:00+05:30,10.0,10.0,10.0,10.0,25
2012-01-19 00:00:00+05:30,9.99,9.99,9.99,9.99,10
2012-01-20 00:00:00+05:30,9.55,10.0,9.55,10.0,1990
2012-01-23 00:00:00+05:30,10.25,10.25,10.25,10.25,200
2012-01-24 00:00:00+05:30,10.19,10.19,10.19,10.19,25
2012-01-25 00:00:00+05:30,10.69,10.69,9.8,9.8,201
2012-01-27 00:00:00+05:30,9.6,9.6,9.6,9.6,365
2012-01-30 00:00:00+05:30,10.08,10.08,10.08,10.08,10
2012-01-31 00:00:00+05:30,9.93,9.93,9.6,9.6,1049
2012-02-01 00:00:00+05:30,10.05,10.08,10.05,10.06,3
2012-02-02 00:00:00+05:30,9.92,10.56,9.92,10.56,3224
2012-02-03 00:00:00+05:30,11.0,11.08,11.0,11.07,13297
2012-02-06 00:00:00+05:30,11.37,11.37,10.52,11.0,2866
2012-02-07 00:00:00+05:30,11.0,11.0,11.0,11.0,10
2012-02-08 00:00:00+05:30,10.46,11.0,10.46,11.0,251
2012-02-09 00:00:00+05:30,10.46,11.0,10.46,10.55,751
2012-02-10 00:00:00+05:30,10.46,10.46,10.02,10.22,3473
2012-02-13 00:00:00+05:30,9.89,9.89,9.89,9.89,50
2012-02-14 00:00:00+05:30,9.88,10.0,9.6,9.6,200
2012-02-15 00:00:00+05:30,9.55,9.55,9.55,9.55,40
2012-02-16 00:00:00+05:30,10.0,10.02,9.51,10.01,3110
2012-02-17 00:00:00+05:30,10.51,10.51,9.55,10.39,6527
2012-02-21 00:00:00+05:30,10.0,10.73,10.0,10.72,20461
2012-02-22 00:00:00+05:30,10.19,10.81,10.19,10.35,906
2012-02-23 00:00:00+05:30,9.92,10.49,9.92,9.99,1406
2012-02-24 00:00:00+05:30,10.0,10.0,10.0,10.0,6465
2012-02-27 00:00:00+05:30,9.85,9.85,9.51,9.51,55
2012-02-28 00:00:00+05:30,9.5,9.5,9.05,9.08,2825
2012-02-29 00:00:00+05:30,8.86,9.52,8.66,9.48,1303
2012-03-01 00:00:00+05:30,9.93,9.93,9.89,9.89,51
2012-03-02 00:00:00+05:30,9.4,10.25,9.4,9.5,1923
2012-03-05 00:00:00+05:30,9.8,10.19,9.48,9.48,1566
2012-03-06 00:00:00+05:30,9.94,9.94,9.01,9.83,2467
2012-03-07 00:00:00+05:30,10.31,10.31,9.5,10.27,364
2012-03-09 00:00:00+05:30,10.69,10.69,9.76,9.76,151
2012-03-12 00:00:00+05:30,10.24,10.24,9.31,9.65,954
2012-03-13 00:00:00+05:30,10.13,10.13,9.17,9.17,22931
2012-03-14 00:00:00+05:30,9.61,9.61,8.76,9.46,12462
2012-03-15 00:00:00+05:30,9.93,9.93,8.99,9.48,2608
2012-03-16 00:00:00+05:30,9.5,9.5,9.5,9.5,10
2012-03-19 00:00:00+05:30,9.68,9.68,9.02,9.02,6938
2012-03-20 00:00:00+05:30,9.48,9.48,8.6,8.61,19260
2012-03-21 00:00:00+05:30,9.02,9.02,8.75,9.02,137214
2012-03-22 00:00:00+05:30,9.46,9.46,9.44,9.44,2
2012-03-23 00:00:00+05:30,9.92,9.92,8.98,8.98,1020
2012-03-26 00:00:00+05:30,8.69,8.69,8.6,8.6,51
2012-03-27 00:00:00+05:30,9.02,9.02,8.21,8.23,91
2012-03-28 00:00:00+05:30,8.64,8.64,8.25,8.3,66
2012-03-29 00:00:00+05:30,8.5,8.5,8.5,8.5,100
2012-03-30 00:00:00+05:30,8.5,8.5,8.5,8.5,5010
2012-04-02 00:00:00+05:30,8.5,8.9,8.5,8.9,1101
2012-04-03 00:00:00+05:30,9.32,9.32,9.0,9.32,32
2012-04-04 00:00:00+05:30,9.77,9.77,8.86,8.93,450
2012-04-09 00:00:00+05:30,9.36,9.36,9.0,9.34,1804
2012-04-10 00:00:00+05:30,9.77,9.77,8.94,9.59,600
2012-04-11 00:00:00+05:30,9.55,9.78,9.11,9.11,1252
2012-04-12 00:00:00+05:30,9.52,9.57,9.52,9.57,4509
2012-04-13 00:00:00+05:30,10.01,10.01,9.34,9.98,102
2012-04-16 00:00:00+05:30,9.5,10.36,9.5,10.27,7671
2012-04-17 00:00:00+05:30,10.32,10.5,9.76,9.77,4061
2012-04-18 00:00:00+05:30,10.26,10.26,10.0,10.0,3498
2012-04-19 00:00:00+05:30,10.01,10.45,9.9,9.9,851
2012-04-20 00:00:00+05:30,10.27,10.3,9.91,9.91,2723
2012-04-23 00:00:00+05:30,9.5,10.4,9.5,9.61,1570
2012-04-24 00:00:00+05:30,10.1,10.1,10.1,10.1,1792
2012-04-25 00:00:00+05:30,10.49,10.5,9.65,9.75,9993
2012-04-26 00:00:00+05:30,9.65,10.11,9.27,9.27,7068
2012-04-27 00:00:00+05:30,9.69,9.72,9.25,9.25,13256
2012-04-30 00:00:00+05:30,10.03,10.03,9.27,9.3,39
2012-05-02 00:00:00+05:30,9.06,9.08,9.06,9.07,604
2012-05-03 00:00:00+05:30,9.52,9.52,9.06,9.25,20303
2012-05-04 00:00:00+05:30,9.06,9.71,9.06,9.69,1037
2012-05-07 00:00:00+05:30,9.99,9.99,9.99,9.99,5
2012-05-08 00:00:00+05:30,9.99,9.99,9.99,9.99,10
2012-05-09 00:00:00+05:30,10.94,10.94,9.02,9.55,17
2012-05-10 00:00:00+05:30,9.19,10.45,9.07,9.08,4486
2012-05-11 00:00:00+05:30,9.98,9.98,8.65,9.77,604
2012-05-14 00:00:00+05:30,9.75,9.75,9.0,9.75,2667
2012-05-15 00:00:00+05:30,10.72,10.72,10.4,10.4,2
2012-05-16 00:00:00+05:30,11.44,11.44,9.43,10.35,5095
2012-05-17 00:00:00+05:30,9.52,10.32,9.32,9.61,54
2012-05-18 00:00:00+05:30,9.22,9.99,9.21,9.5,1101
2012-05-21 00:00:00+05:30,9.9,9.9,9.9,9.9,2000
2012-05-22 00:00:00+05:30,9.81,9.81,9.81,9.81,2000
2012-05-23 00:00:00+05:30,9.24,9.8,9.24,9.63,4857
2012-05-24 00:00:00+05:30,10.28,10.3,10.28,10.29,10
2012-05-25 00:00:00+05:30,10.44,10.44,9.5,10.0,508
2012-05-28 00:00:00+05:30,9.81,9.81,9.81,9.81,499
2012-05-29 00:00:00+05:30,10.55,10.55,10.55,10.55,10
2012-05-30 00:00:00+05:30,9.9,11.47,9.9,10.11,11773
2012-05-31 00:00:00+05:30,10.75,10.75,10.15,10.16,255
2012-06-01 00:00:00+05:30,9.4,10.4,9.4,10.39,7
2012-06-04 00:00:00+05:30,9.51,10.48,9.49,10.38,507
2012-06-05 00:00:00+05:30,10.11,10.4,9.61,10.29,3144
2012-06-06 00:00:00+05:30,9.43,10.08,9.42,10.08,1324
2012-06-07 00:00:00+05:30,9.88,9.88,9.88,9.88,400
2012-06-08 00:00:00+05:30,9.76,9.76,9.75,9.75,200
2012-06-11 00:00:00+05:30,10.4,10.4,10.0,10.0,10
2012-06-12 00:00:00+05:30,10.5,10.74,10.5,10.62,2
2012-06-13 00:00:00+05:30,10.75,11.0,9.6,11.0,42494
2012-06-14 00:00:00+05:30,10.5,12.09,10.5,11.3,2186
2012-06-15 00:00:00+05:30,11.3,11.3,10.6,11.3,1700
2012-06-18 00:00:00+05:30,11.0,11.99,10.5,11.95,8700
2012-06-19 00:00:00+05:30,11.95,12.1,10.9,12.0,6411
2012-06-20 00:00:00+05:30,13.19,13.19,11.1,11.99,4785
2012-06-21 00:00:00+05:30,11.99,12.4,11.05,12.2,4212
2012-06-22 00:00:00+05:30,12.89,12.9,11.9,11.9,1088
2012-06-25 00:00:00+05:30,11.2,12.55,11.2,12.53,4960
2012-06-26 00:00:00+05:30,13.34,13.34,12.5,12.6,1702
2012-06-27 00:00:00+05:30,11.55,12.69,11.55,12.5,1833
2012-06-28 00:00:00+05:30,12.4,12.4,11.35,11.35,2195
2012-06-29 00:00:00+05:30,12.21,12.46,11.55,12.08,220
2012-07-02 00:00:00+05:30,12.46,13.0,12.0,12.91,465
2012-07-03 00:00:00+05:30,11.7,13.25,11.68,12.75,750
2012-07-04 00:00:00+05:30,14.01,14.01,11.5,12.33,1704
2012-07-05 00:00:00+05:30,12.78,12.78,12.3,12.31,860
2012-07-06 00:00:00+05:30,12.1,12.1,12.05,12.05,101
2012-07-09 00:00:00+05:30,12.3,12.5,12.3,12.5,1001
2012-07-10 00:00:00+05:30,12.3,13.0,12.3,12.51,2255
2012-07-11 00:00:00+05:30,12.5,12.9,12.15,12.7,10002
2012-07-12 00:00:00+05:30,12.7,12.7,12.6,12.7,2601
2012-07-13 00:00:00+05:30,11.2,12.75,11.2,12.7,4852
2012-07-16 00:00:00+05:30,12.75,12.8,12.75,12.79,9238
2012-07-17 00:00:00+05:30,12.79,13.65,11.84,12.3,5111
2012-07-18 00:00:00+05:30,12.98,12.99,12.98,12.98,10
2012-07-19 00:00:00+05:30,12.9,14.48,12.7,12.7,10796
2012-07-20 00:00:00+05:30,10.19,14.43,10.19,12.84,16600
2012-07-23 00:00:00+05:30,14.48,14.48,12.5,12.98,7771
2012-07-24 00:00:00+05:30,12.0,13.39,12.0,12.8,2582
2012-07-25 00:00:00+05:30,12.0,13.0,12.0,12.5,10902
2012-07-26 00:00:00+05:30,11.5,12.51,11.5,12.25,3569
2012-07-27 00:00:00+05:30,12.0,12.26,12.0,12.2,1602
2012-07-30 00:00:00+05:30,14.4,14.4,10.71,12.0,5633
2012-07-31 00:00:00+05:30,12.0,13.4,11.9,12.26,45747
2012-08-01 00:00:00+05:30,12.26,12.64,11.75,11.75,7288
2012-08-02 00:00:00+05:30,11.0,12.5,10.5,11.9,10409
2012-08-03 00:00:00+05:30,11.5,13.4,11.2,12.24,22590
2012-08-06 00:00:00+05:30,11.5,12.0,11.5,12.0,1758
2012-08-07 00:00:00+05:30,11.0,12.0,11.0,11.52,2175
2012-08-08 00:00:00+05:30,11.0,11.53,11.0,11.25,1479
2012-08-09 00:00:00+05:30,10.5,11.71,10.5,11.7,2253
2012-08-10 00:00:00+05:30,11.0,11.51,11.0,11.25,3232
2012-08-13 00:00:00+05:30,11.25,11.65,11.0,11.5,3703
2012-08-14 00:00:00+05:30,11.0,11.5,11.0,11.25,232
2012-08-16 00:00:00+05:30,11.98,12.0,11.0,11.75,3171
2012-08-17 00:00:00+05:30,11.25,11.75,11.25,11.74,6
2012-08-21 00:00:00+05:30,14.08,14.08,11.0,11.96,55
2012-08-22 00:00:00+05:30,11.0,12.0,11.0,11.25,2392
2012-08-23 00:00:00+05:30,11.12,11.99,11.12,11.4,5712
2012-08-24 00:00:00+05:30,11.2,11.4,11.2,11.25,2268
2012-08-27 00:00:00+05:30,11.25,11.98,11.25,11.36,160
2012-08-28 00:00:00+05:30,11.46,11.75,11.4,11.75,1096
2012-08-29 00:00:00+05:30,10.5,12.0,10.5,11.25,3602
2012-08-30 00:00:00+05:30,10.5,11.15,9.75,10.58,6861
2012-08-31 00:00:00+05:30,9.55,11.0,9.55,10.78,1924
2012-09-03 00:00:00+05:30,9.75,11.7,9.75,11.48,522
2012-09-04 00:00:00+05:30,11.25,11.5,10.25,11.29,1056
2012-09-05 00:00:00+05:30,10.35,11.0,10.35,11.0,225
2012-09-06 00:00:00+05:30,11.0,11.4,11.0,11.2,2
2012-09-07 00:00:00+05:30,10.11,11.0,10.11,11.0,1140
2012-09-10 00:00:00+05:30,9.92,10.17,9.92,10.1,810
2012-09-11 00:00:00+05:30,10.25,10.9,10.25,10.27,302
2012-09-12 00:00:00+05:30,10.5,10.99,9.9,10.21,2008
2012-09-13 00:00:00+05:30,10.0,10.8,9.84,10.52,295
2012-09-14 00:00:00+05:30,10.25,10.26,10.25,10.25,272
2012-09-17 00:00:00+05:30,9.75,10.9,9.75,10.9,14
2012-09-18 00:00:00+05:30,9.94,11.75,9.94,10.87,2163
2012-09-20 00:00:00+05:30,9.86,10.75,9.86,10.0,1310
2012-09-21 00:00:00+05:30,9.57,10.55,9.57,10.0,1645
2012-09-24 00:00:00+05:30,9.9,10.9,9.9,10.0,1595
2012-09-25 00:00:00+05:30,10.0,10.9,9.75,10.0,996
2012-09-26 00:00:00+05:30,9.8,10.45,9.66,9.66,260
2012-09-27 00:00:00+05:30,9.5,10.01,9.5,10.0,885
2012-09-28 00:00:00+05:30,9.0,11.0,9.0,10.15,25261
2012-10-01 00:00:00+05:30,9.5,10.65,9.5,9.9,3096
2012-10-03 00:00:00+05:30,11.0,11.0,10.0,10.0,1544
2012-10-04 00:00:00+05:30,9.5,10.4,9.5,10.02,594
2012-10-05 00:00:00+05:30,9.5,10.5,9.5,10.5,788
2012-10-08 00:00:00+05:30,9.5,10.01,9.5,10.01,3035
2012-10-09 00:00:00+05:30,9.02,11.1,8.5,10.7,2054
2012-10-10 00:00:00+05:30,10.9,11.0,9.8,9.98,3367
2012-10-11 00:00:00+05:30,11.0,11.0,9.57,9.8,2430
2012-10-12 00:00:00+05:30,9.0,10.99,9.0,9.92,3229
2012-10-15 00:00:00+05:30,8.5,10.0,8.5,9.98,8857
2012-10-16 00:00:00+05:30,9.35,10.25,9.35,10.17,6684
2012-10-17 00:00:00+05:30,9.0,9.91,9.0,9.91,215
2012-10-18 00:00:00+05:30,9.19,10.25,9.19,9.9,660
2012-10-19 00:00:00+05:30,8.5,10.01,8.5,10.0,1170
2012-10-22 00:00:00+05:30,8.5,9.99,8.5,9.51,303
2012-10-23 00:00:00+05:30,8.75,11.0,8.69,9.76,790
2012-10-25 00:00:00+05:30,8.65,10.99,8.65,10.65,1019
2012-10-26 00:00:00+05:30,9.25,10.96,9.25,10.83,155
2012-10-29 00:00:00+05:30,10.75,10.75,9.5,9.81,3536
2012-10-30 00:00:00+05:30,8.5,10.25,8.5,9.96,4571
2012-10-31 00:00:00+05:30,9.5,9.94,9.5,9.85,415
2012-11-01 00:00:00+05:30,9.55,10.5,9.21,10.49,2042
2012-11-02 00:00:00+05:30,9.5,10.5,9.5,10.18,580
2012-11-05 00:00:00+05:30,9.78,9.9,8.66,9.47,1443
2012-11-06 00:00:00+05:30,8.3,10.0,8.3,10.0,316
2012-11-07 00:00:00+05:30,10.5,10.5,9.51,9.76,6121
2012-11-08 00:00:00+05:30,9.6,9.85,9.4,9.85,1526
2012-11-09 00:00:00+05:30,10.0,10.0,9.44,9.46,20600
2012-11-12 00:00:00+05:30,9.8,9.8,9.01,9.4,3275
2012-11-13 00:00:00+05:30,9.01,9.8,9.0,9.19,4468
2012-11-15 00:00:00+05:30,9.0,9.5,9.0,9.5,3100
2012-11-16 00:00:00+05:30,9.06,9.53,9.05,9.53,205
2012-11-19 00:00:00+05:30,9.19,9.5,9.16,9.16,520
2012-11-20 00:00:00+05:30,9.61,9.61,8.85,9.24,511
2012-11-21 00:00:00+05:30,8.78,9.6,8.78,9.3,1399
2012-11-22 00:00:00+05:30,9.4,9.4,9.4,9.4,1100
2012-11-23 00:00:00+05:30,9.01,9.8,8.99,9.3,5254
2012-11-26 00:00:00+05:30,9.74,9.75,9.74,9.74,2050
2012-11-27 00:00:00+05:30,9.27,10.0,9.26,9.75,4275
2012-11-29 00:00:00+05:30,10.0,10.19,9.36,9.38,8160
2012-11-30 00:00:00+05:30,9.02,9.8,8.93,9.26,7030
2012-12-03 00:00:00+05:30,9.19,9.72,9.0,9.28,1785
2012-12-04 00:00:00+05:30,9.69,9.69,9.05,9.11,1550
2012-12-05 00:00:00+05:30,9.08,9.5,9.05,9.09,429
2012-12-07 00:00:00+05:30,9.02,9.5,9.02,9.5,155
2012-12-10 00:00:00+05:30,9.94,9.97,9.1,9.46,758
2012-12-12 00:00:00+05:30,9.01,9.5,9.0,9.36,3842
2012-12-13 00:00:00+05:30,9.05,9.4,9.01,9.3,5822
2012-12-17 00:00:00+05:30,9.5,9.5,9.5,9.5,1357
2012-12-18 00:00:00+05:30,9.91,9.91,9.91,9.91,512
2012-12-19 00:00:00+05:30,10.38,10.38,9.8,9.8,2
2012-12-20 00:00:00+05:30,9.9,9.9,9.9,9.9,101
2012-12-21 00:00:00+05:30,9.69,9.69,9.41,9.41,101
2012-12-26 00:00:00+05:30,9.3,9.3,9.19,9.19,100
2012-12-27 00:00:00+05:30,9.66,9.66,9.66,9.66,2000
2012-12-28 00:00:00+05:30,9.66,9.66,9.66,9.66,10
2012-12-31 00:00:00+05:30,10.14,10.14,9.5,9.94,177
2013-01-01 00:00:00+05:30,9.88,9.89,9.88,9.89,200
2013-01-02 00:00:00+05:30,9.89,9.89,9.89,9.89,5
2013-01-03 00:00:00+05:30,9.4,9.89,9.4,9.89,402
2013-01-04 00:00:00+05:30,9.4,9.4,9.4,9.4,1
2013-01-07 00:00:00+05:30,9.77,9.77,9.77,9.77,1
2013-01-08 00:00:00+05:30,10.24,10.24,9.75,9.75,2672
2013-01-09 00:00:00+05:30,9.75,10.25,9.01,9.23,5464
2013-01-10 00:00:00+05:30,9.25,9.88,9.25,9.4,65
2013-01-11 00:00:00+05:30,9.02,9.51,9.02,9.35,709
2013-01-14 00:00:00+05:30,9.06,9.48,9.06,9.1,702
2013-01-15 00:00:00+05:30,9.4,9.99,9.02,9.13,3814
2013-01-16 00:00:00+05:30,9.02,9.05,8.9,8.92,1552
2013-01-17 00:00:00+05:30,9.0,9.1,9.0,9.0,1005
2013-01-18 00:00:00+05:30,9.9,9.9,9.0,9.0,802
2013-01-21 00:00:00+05:30,9.0,9.73,8.86,9.5,2252
2013-01-22 00:00:00+05:30,10.25,10.25,8.61,9.69,1467
2013-01-23 00:00:00+05:30,10.65,10.65,9.0,9.49,2669
2013-01-24 00:00:00+05:30,9.0,9.78,8.77,9.15,1261
2013-01-25 00:00:00+05:30,10.0,10.0,9.0,9.69,481
2013-01-28 00:00:00+05:30,10.5,10.5,8.75,9.22,3129
2013-01-29 00:00:00+05:30,8.65,9.69,8.65,8.72,29
2013-01-30 00:00:00+05:30,8.75,9.58,8.75,9.25,305
2013-01-31 00:00:00+05:30,8.61,9.4,8.6,8.84,905
2013-02-01 00:00:00+05:30,9.4,9.5,8.61,9.18,650
2013-02-04 00:00:00+05:30,9.5,9.9,8.71,9.14,147
2013-02-05 00:00:00+05:30,10.05,10.05,9.0,9.02,456
2013-02-06 00:00:00+05:30,9.89,9.9,9.69,9.8,3
2013-02-07 00:00:00+05:30,10.39,10.39,8.83,8.85,1528
2013-02-08 00:00:00+05:30,8.65,9.35,8.25,8.43,1974
2013-02-11 00:00:00+05:30,7.99,9.27,7.99,8.38,381
2013-02-12 00:00:00+05:30,7.64,9.21,7.64,9.21,3851
2013-02-13 00:00:00+05:30,10.0,10.0,8.35,8.92,1675
2013-02-14 00:00:00+05:30,9.5,9.5,8.3,8.99,884
2013-02-15 00:00:00+05:30,9.5,9.5,8.1,8.11,2394
2013-02-18 00:00:00+05:30,7.9,8.9,7.9,8.67,276
2013-02-19 00:00:00+05:30,9.4,9.4,8.0,8.8,1542
2013-02-20 00:00:00+05:30,8.99,8.99,8.1,8.55,961
2013-02-21 00:00:00+05:30,8.5,8.94,8.31,8.55,328
2013-02-22 00:00:00+05:30,8.3,8.55,7.75,8.17,430
2013-02-25 00:00:00+05:30,8.01,8.94,7.57,8.63,833
2013-02-26 00:00:00+05:30,8.5,9.48,7.81,8.14,1502
2013-02-27 00:00:00+05:30,8.0,8.94,7.43,8.02,106
2013-02-28 00:00:00+05:30,8.0,8.78,7.43,8.67,31
2013-03-01 00:00:00+05:30,8.02,8.44,7.95,8.05,1103
2013-03-04 00:00:00+05:30,8.25,8.66,7.61,8.34,33
2013-03-05 00:00:00+05:30,9.15,9.15,7.66,8.41,175
2013-03-06 00:00:00+05:30,8.4,8.44,8.4,8.44,102
2013-03-07 00:00:00+05:30,8.0,8.47,8.0,8.47,2141
2013-03-08 00:00:00+05:30,8.0,8.0,7.67,7.83,158
2013-03-11 00:00:00+05:30,7.8,8.6,7.26,7.27,1427
2013-03-12 00:00:00+05:30,7.8,7.99,7.36,7.96,1525
2013-03-13 00:00:00+05:30,7.94,7.94,7.4,7.4,1020
2013-03-14 00:00:00+05:30,8.0,8.14,7.41,7.69,7
2013-03-15 00:00:00+05:30,8.44,8.44,7.25,7.25,615
2013-03-18 00:00:00+05:30,7.05,7.97,7.05,7.89,3
2013-03-19 00:00:00+05:30,8.28,8.28,8.28,8.28,2
2013-03-20 00:00:00+05:30,8.59,9.11,7.53,8.44,1012
2013-03-21 00:00:00+05:30,9.27,9.27,9.15,9.19,502
2013-03-22 00:00:00+05:30,9.69,9.69,9.69,9.69,52
2013-03-25 00:00:00+05:30,9.21,9.21,9.21,9.21,1
2013-03-26 00:00:00+05:30,8.75,8.75,8.75,8.75,9
2013-03-28 00:00:00+05:30,8.32,8.32,8.32,8.32,1
2013-04-01 00:00:00+05:30,8.59,8.59,8.59,8.59,1
2013-04-02 00:00:00+05:30,9.01,9.01,9.01,9.01,1
2013-04-04 00:00:00+05:30,9.44,9.44,9.44,9.44,102
2013-04-09 00:00:00+05:30,9.84,9.84,9.84,9.84,1
2013-04-10 00:00:00+05:30,9.35,9.35,9.35,9.35,100
2013-04-12 00:00:00+05:30,8.89,8.89,8.89,8.89,1
2013-04-16 00:00:00+05:30,9.32,9.32,9.32,9.32,1
2013-04-17 00:00:00+05:30,8.86,8.86,8.86,8.86,244
2013-04-18 00:00:00+05:30,8.42,9.28,8.42,9.28,11
2013-04-22 00:00:00+05:30,9.75,9.75,9.75,9.75,1
2013-04-26 00:00:00+05:30,9.27,9.27,9.27,9.27,1000
2013-04-29 00:00:00+05:30,9.73,9.73,9.73,9.73,1
2013-05-06 00:00:00+05:30,9.25,9.25,9.25,9.25,21
2013-05-07 00:00:00+05:30,8.78,8.78,8.78,8.78,100
2013-05-08 00:00:00+05:30,8.36,8.36,8.36,8.36,1
2013-05-16 00:00:00+05:30,7.95,7.95,7.95,7.95,1
2013-05-31 00:00:00+05:30,8.34,8.34,8.34,8.34,101
2013-06-03 00:00:00+05:30,8.75,8.75,7.93,7.93,502
2013-06-06 00:00:00+05:30,7.54,7.54,7.54,7.54,3500
2013-06-10 00:00:00+05:30,7.17,7.17,7.17,7.17,5
2013-06-13 00:00:00+05:30,6.85,6.85,6.85,6.85,400
2013-06-14 00:00:00+05:30,6.51,6.51,6.51,6.51,1326
2013-06-17 00:00:00+05:30,6.51,6.51,6.51,6.51,100
2013-06-18 00:00:00+05:30,6.19,6.19,6.19,6.19,150
2013-06-20 00:00:00+05:30,5.9,5.9,5.9,5.9,25
2013-06-25 00:00:00+05:30,5.98,5.98,5.98,5.98,500
2013-06-27 00:00:00+05:30,5.98,5.98,5.98,5.98,1000
2013-07-02 00:00:00+05:30,6.1,6.1,6.1,6.1,1
2013-07-03 00:00:00+05:30,5.8,5.8,5.8,5.8,1300
2013-07-05 00:00:00+05:30,5.52,6.08,5.52,6.0,3747
2013-07-08 00:00:00+05:30,6.2,6.3,6.2,6.3,2
2013-07-09 00:00:00+05:30,6.61,6.61,5.99,5.99,102
2013-07-10 00:00:00+05:30,6.28,6.28,6.28,6.28,1
2013-07-11 00:00:00+05:30,6.59,6.59,6.59,6.59,1
2013-07-12 00:00:00+05:30,6.91,6.91,6.3,6.9,202
2013-07-15 00:00:00+05:30,7.24,7.24,7.24,7.24,1
2013-07-16 00:00:00+05:30,6.88,6.88,6.88,6.88,50
2013-07-17 00:00:00+05:30,7.0,7.0,7.0,7.0,10
2013-07-18 00:00:00+05:30,6.66,6.66,6.66,6.66,1
2013-07-19 00:00:00+05:30,6.79,6.99,6.33,6.99,54
2013-07-22 00:00:00+05:30,7.25,7.25,6.65,7.24,3
2013-07-23 00:00:00+05:30,6.88,6.88,6.88,6.88,119
2013-07-24 00:00:00+05:30,7.21,7.21,7.21,7.21,1
2013-07-25 00:00:00+05:30,7.57,7.57,7.57,7.57,1
2013-07-26 00:00:00+05:30,7.93,7.93,7.93,7.93,1
2013-07-29 00:00:00+05:30,8.25,8.25,8.25,8.25,1
2013-07-30 00:00:00+05:30,8.49,8.65,7.84,8.65,8
2013-07-31 00:00:00+05:30,9.07,9.07,8.22,9.07,3
2013-08-01 00:00:00+05:30,8.61,9.47,8.61,9.47,2
2013-08-02 00:00:00+05:30,9.93,9.94,9.0,9.9,5
2013-08-05 00:00:00+05:30,9.9,9.99,9.9,9.99,3
2013-08-06 00:00:00+05:30,10.47,10.47,9.5,10.46,3
2013-08-07 00:00:00+05:30,10.59,10.59,10.59,10.59,1
2013-08-08 00:00:00+05:30,10.68,10.68,10.68,10.68,5
2013-08-12 00:00:00+05:30,10.69,10.69,10.69,10.69,10
2013-08-13 00:00:00+05:30,10.99,10.99,10.16,10.97,6
2013-08-14 00:00:00+05:30,11.2,11.2,10.43,10.43,102
2013-08-16 00:00:00+05:30,10.93,10.93,10.93,10.93,21
2013-08-19 00:00:00+05:30,10.39,10.39,10.39,10.39,2
2013-08-20 00:00:00+05:30,9.88,10.28,9.88,10.28,2
2013-08-21 00:00:00+05:30,9.77,9.77,9.77,9.77,14
2013-08-22 00:00:00+05:30,9.28,9.28,9.28,9.28,1000
2013-08-23 00:00:00+05:30,9.44,9.44,8.83,8.83,119
2013-08-26 00:00:00+05:30,8.39,8.39,8.39,8.39,791
2013-08-27 00:00:00+05:30,7.98,7.98,7.98,7.98,10
2013-08-28 00:00:00+05:30,7.59,7.59,7.59,7.59,5
2013-08-29 00:00:00+05:30,7.22,7.22,7.22,7.22,5
2013-08-30 00:00:00+05:30,6.86,6.86,6.86,6.86,1011
2013-09-02 00:00:00+05:30,6.52,6.52,6.52,6.52,220
2013-09-03 00:00:00+05:30,6.2,6.2,6.2,6.2,1610
2013-09-04 00:00:00+05:30,5.9,5.9,5.9,5.9,21
2013-09-05 00:00:00+05:30,5.79,5.79,5.79,5.79,102
2013-09-06 00:00:00+05:30,5.68,5.68,5.68,5.68,15
2013-09-10 00:00:00+05:30,5.7,5.7,5.57,5.57,1300
2013-09-11 00:00:00+05:30,5.46,5.46,5.46,5.46,712
2013-09-12 00:00:00+05:30,5.36,5.36,5.36,5.36,625
2013-09-13 00:00:00+05:30,5.26,5.26,5.26,5.26,1446
2013-09-16 00:00:00+05:30,5.16,5.16,5.16,5.16,150
2013-09-17 00:00:00+05:30,5.05,5.05,5.05,5.05,491
2013-09-18 00:00:00+05:30,5.05,5.05,4.96,4.96,1391
2013-09-19 00:00:00+05:30,4.87,4.87,4.87,4.87,1005
2013-09-20 00:00:00+05:30,4.78,4.78,4.78,4.78,6
2013-09-23 00:00:00+05:30,4.69,4.78,4.69,4.78,11910
2013-09-24 00:00:00+05:30,4.69,4.69,4.69,4.69,25
2013-09-25 00:00:00+05:30,4.59,4.59,4.59,4.59,376
2013-09-26 00:00:00+05:30,4.51,4.51,4.51,4.51,250
2013-09-27 00:00:00+05:30,4.42,4.42,4.42,4.42,127
2013-09-30 00:00:00+05:30,4.34,4.34,4.34,4.34,50
2013-10-01 00:00:00+05:30,4.26,4.26,4.26,4.26,300
2013-10-03 00:00:00+05:30,4.18,4.18,4.18,4.18,25
2013-10-04 00:00:00+05:30,4.09,4.09,4.09,4.09,240
2013-10-07 00:00:00+05:30,4.01,4.01,4.01,4.01,1130
2013-10-08 00:00:00+05:30,3.94,4.09,3.94,4.09,124
2013-10-09 00:00:00+05:30,4.01,4.18,4.01,4.18,406
2013-10-10 00:00:00+05:30,4.09,4.09,4.09,4.09,50
2013-10-11 00:00:00+05:30,4.01,4.09,4.01,4.01,110
2013-10-14 00:00:00+05:30,3.94,4.01,3.94,4.01,2151
2013-10-15 00:00:00+05:30,3.94,4.05,3.94,4.05,551
2013-10-17 00:00:00+05:30,3.97,4.09,3.97,4.09,2
2013-10-18 00:00:00+05:30,4.01,4.16,4.01,4.16,2
2013-10-21 00:00:00+05:30,4.2,4.2,4.08,4.08,2
2013-10-22 00:00:00+05:30,4.0,4.08,4.0,4.08,2402
2013-10-23 00:00:00+05:30,4.16,4.16,4.0,4.0,4
2013-10-24 00:00:00+05:30,3.93,4.0,3.93,4.0,252
2013-10-25 00:00:00+05:30,3.93,4.0,3.93,3.93,1002
2013-10-28 00:00:00+05:30,3.86,3.93,3.86,3.86,1002
2013-10-29 00:00:00+05:30,3.79,3.86,3.79,3.79,105
2013-10-30 00:00:00+05:30,3.72,3.79,3.72,3.72,3
2013-10-31 00:00:00+05:30,3.65,3.72,3.65,3.72,1002
2013-11-01 00:00:00+05:30,3.78,3.78,3.65,3.72,856
2013-11-05 00:00:00+05:30,3.78,3.78,3.71,3.78,80
2013-11-06 00:00:00+05:30,3.71,3.78,3.71,3.78,3415
2013-11-07 00:00:00+05:30,3.6,3.79,3.6,3.6,2611
2013-11-08 00:00:00+05:30,3.43,3.6,3.43,3.43,2701
2013-11-11 00:00:00+05:30,3.26,3.5,3.26,3.26,14
2013-11-12 00:00:00+05:30,3.1,3.1,3.1,3.1,22001
2013-11-13 00:00:00+05:30,2.95,2.95,2.95,2.95,30207
2013-11-14 00:00:00+05:30,2.81,3.09,2.81,2.81,5432
2013-11-18 00:00:00+05:30,2.67,2.95,2.67,2.95,8700
2013-11-19 00:00:00+05:30,2.85,3.09,2.85,3.09,432
2013-11-21 00:00:00+05:30,3.2,3.2,3.2,3.2,100
2013-11-26 00:00:00+05:30,3.3,3.3,3.05,3.05,1124
2013-11-27 00:00:00+05:30,2.9,3.2,2.9,3.2,400
2013-11-29 00:00:00+05:30,3.1,3.1,3.05,3.05,11
2013-12-02 00:00:00+05:30,3.15,3.2,3.13,3.2,6000
2013-12-03 00:00:00+05:30,3.36,3.36,3.36,3.36,525
2013-12-04 00:00:00+05:30,3.21,3.21,3.2,3.2,551
2013-12-05 00:00:00+05:30,3.05,3.05,3.05,3.05,1
2013-12-09 00:00:00+05:30,2.9,2.9,2.9,2.9,1
2013-12-12 00:00:00+05:30,2.76,2.76,2.76,2.76,1
2013-12-16 00:00:00+05:30,2.89,2.89,2.89,2.89,751
2013-12-17 00:00:00+05:30,2.75,2.75,2.75,2.75,25
2013-12-18 00:00:00+05:30,2.62,2.62,2.62,2.62,1
2013-12-20 00:00:00+05:30,2.49,2.49,2.49,2.49,1
2013-12-23 00:00:00+05:30,2.61,2.61,2.37,2.37,3177
2013-12-24 00:00:00+05:30,2.48,2.48,2.27,2.27,825
2013-12-26 00:00:00+05:30,2.18,2.38,2.18,2.38,100
2013-12-27 00:00:00+05:30,2.49,2.49,2.31,2.31,51
2013-12-30 00:00:00+05:30,2.31,2.31,2.31,2.31,250
2014-01-02 00:00:00+05:30,2.41,2.41,2.2,2.2,100
2014-01-07 00:00:00+05:30,2.1,2.11,2.1,2.11,219
2014-01-08 00:00:00+05:30,2.0,2.0,2.0,2.0,225
2014-01-09 00:00:00+05:30,2.0,2.11,2.0,2.11,4000
2014-01-10 00:00:00+05:30,2.21,2.21,2.21,2.21,50
2014-01-13 00:00:00+05:30,2.31,2.31,2.31,2.31,250
2014-01-14 00:00:00+05:30,2.43,2.43,2.43,2.43,50
2014-01-15 00:00:00+05:30,2.54,2.54,2.54,2.54,500
2014-01-17 00:00:00+05:30,2.67,2.67,2.67,2.67,1001
2014-01-20 00:00:00+05:30,2.8,2.8,2.8,2.8,700
2014-01-21 00:00:00+05:30,2.94,2.94,2.94,2.94,1200
2014-01-22 00:00:00+05:30,3.08,3.08,3.0,3.08,8200
2014-01-23 00:00:00+05:30,3.23,3.23,3.22,3.22,6100
2014-02-06 00:00:00+05:30,3.06,3.06,3.06,3.06,499
2014-02-11 00:00:00+05:30,2.91,2.91,2.91,2.91,476
2014-02-18 00:00:00+05:30,2.77,2.77,2.77,2.77,1
2014-02-19 00:00:00+05:30,2.7,2.7,2.7,2.7,2000
2014-02-20 00:00:00+05:30,2.57,2.57,2.57,2.57,149
2014-02-21 00:00:00+05:30,2.5,2.5,2.5,2.5,43
2014-02-24 00:00:00+05:30,2.4,2.4,2.4,2.4,500
2014-02-25 00:00:00+05:30,2.29,2.4,2.29,2.4,501
2014-03-05 00:00:00+05:30,2.52,2.52,2.52,2.52,200
2014-03-21 00:00:00+05:30,2.4,2.4,2.4,2.4,100
2014-03-24 00:00:00+05:30,2.4,2.4,2.4,2.4,200
2014-03-25 00:00:00+05:30,2.29,2.29,2.29,2.29,1225
2014-03-26 00:00:00+05:30,2.18,2.18,2.18,2.18,1050
2014-03-31 00:00:00+05:30,2.18,2.18,2.18,2.18,200
2014-04-01 00:00:00+05:30,2.18,2.18,2.18,2.18,1600
2014-04-03 00:00:00+05:30,2.18,2.18,2.18,2.18,1530
2014-04-09 00:00:00+05:30,2.08,2.08,2.08,2.08,200
2014-04-11 00:00:00+05:30,1.98,1.98,1.98,1.98,100
2014-04-23 00:00:00+05:30,2.06,2.06,2.0,2.0,112
2014-04-28 00:00:00+05:30,2.04,2.04,2.04,2.04,100
2014-05-06 00:00:00+05:30,2.0,2.0,2.0,2.0,100
2014-05-08 00:00:00+05:30,2.1,2.1,2.1,2.1,1000
2014-05-09 00:00:00+05:30,2.1,2.15,2.1,2.15,1357
2014-05-12 00:00:00+05:30,2.15,2.15,2.15,2.15,200
2014-05-13 00:00:00+05:30,2.04,2.04,2.04,2.04,100
2014-05-14 00:00:00+05:30,1.95,1.95,1.95,1.95,100
2014-05-20 00:00:00+05:30,1.92,1.92,1.92,1.92,350
2014-05-21 00:00:00+05:30,1.97,1.97,1.97,1.97,100
2014-05-22 00:00:00+05:30,1.99,2.06,1.99,2.06,2050
2014-05-23 00:00:00+05:30,2.16,2.16,2.16,2.16,200
2014-05-28 00:00:00+05:30,2.25,2.25,2.25,2.25,476
2014-05-29 00:00:00+05:30,2.37,2.37,2.37,2.37,405
2014-05-30 00:00:00+05:30,2.48,2.48,2.48,2.48,578
2014-06-02 00:00:00+05:30,2.6,2.6,2.6,2.6,5
2014-06-04 00:00:00+05:30,2.73,2.73,2.73,2.73,200
2014-06-05 00:00:00+05:30,2.86,2.86,2.86,2.86,25
2014-06-06 00:00:00+05:30,3.0,3.0,3.0,3.0,75
2014-06-09 00:00:00+05:30,3.15,3.15,3.15,3.15,200
2014-06-10 00:00:00+05:30,3.3,3.3,3.3,3.3,34900
2014-06-11 00:00:00+05:30,3.3,3.3,3.14,3.14,10301
2014-06-12 00:00:00+05:30,3.28,3.29,3.28,3.29,4925
2014-06-13 00:00:00+05:30,3.15,3.15,3.15,3.15,125
2014-06-16 00:00:00+05:30,3.3,3.3,3.29,3.3,1460
2014-06-18 00:00:00+05:30,3.45,3.45,3.45,3.45,100
2014-06-19 00:00:00+05:30,3.61,3.61,3.35,3.35,782
2014-06-20 00:00:00+05:30,3.19,3.51,3.19,3.49,13100
2014-06-23 00:00:00+05:30,3.49,3.49,3.49,3.49,2000
2014-06-24 00:00:00+05:30,3.66,3.66,3.64,3.64,7221
2014-06-25 00:00:00+05:30,3.82,3.82,3.46,3.7,3745
2014-06-27 00:00:00+05:30,3.67,3.67,3.65,3.65,4282
2014-06-30 00:00:00+05:30,3.65,3.65,3.65,3.65,820
2014-07-01 00:00:00+05:30,3.82,3.82,3.5,3.5,2600
2014-07-02 00:00:00+05:30,3.34,3.66,3.34,3.66,1200
2014-07-03 00:00:00+05:30,3.83,3.83,3.83,3.83,1001
2014-07-04 00:00:00+05:30,3.98,3.98,3.64,3.64,4049
2014-07-07 00:00:00+05:30,3.46,3.5,3.46,3.5,1800
2014-07-08 00:00:00+05:30,3.67,3.67,3.67,3.67,1309
2014-07-09 00:00:00+05:30,3.67,3.67,3.67,3.67,4100
2014-07-11 00:00:00+05:30,3.81,3.81,3.81,3.81,550
2014-07-14 00:00:00+05:30,3.8,3.8,3.8,3.8,3
2014-07-16 00:00:00+05:30,3.99,3.99,3.99,3.99,1
2014-07-18 00:00:00+05:30,4.18,4.18,4.18,4.18,1
2014-07-21 00:00:00+05:30,4.38,4.38,3.98,3.98,234
2014-07-22 00:00:00+05:30,3.79,4.17,3.79,4.17,1100
2014-07-23 00:00:00+05:30,4.17,4.17,4.17,4.17,1
2014-08-01 00:00:00+05:30,4.37,4.37,3.97,4.34,502
2014-08-04 00:00:00+05:30,4.36,4.36,4.34,4.34,153
2014-08-05 00:00:00+05:30,4.3,4.5,4.13,4.28,21072
2014-08-06 00:00:00+05:30,4.3,4.3,4.07,4.3,5400
2014-08-07 00:00:00+05:30,4.09,4.09,4.09,4.09,300
2014-08-18 00:00:00+05:30,4.29,4.29,4.29,4.29,1
2014-08-19 00:00:00+05:30,4.48,4.48,4.4,4.4,600
2014-08-20 00:00:00+05:30,4.4,4.4,4.4,4.4,2
2014-08-21 00:00:00+05:30,4.59,4.59,4.49,4.49,1201
2014-08-22 00:00:00+05:30,4.71,4.71,4.71,4.71,1
2014-08-25 00:00:00+05:30,4.92,4.92,4.92,4.92,1
2014-08-26 00:00:00+05:30,4.7,5.14,4.68,4.68,11078
2014-08-27 00:00:00+05:30,4.45,4.45,4.45,4.45,10
2014-08-28 00:00:00+05:30,4.25,4.25,4.25,4.25,3970
2014-09-01 00:00:00+05:30,4.46,4.46,4.04,4.4,2977
2014-09-02 00:00:00+05:30,4.61,4.61,4.2,4.5,503
2014-09-03 00:00:00+05:30,4.71,4.71,4.28,4.5,4952
2014-09-05 00:00:00+05:30,4.72,4.72,4.72,4.72,1
2014-09-08 00:00:00+05:30,4.5,4.5,4.5,4.5,705
2014-09-09 00:00:00+05:30,4.5,4.5,4.28,4.5,110
2014-09-10 00:00:00+05:30,4.28,4.72,4.28,4.28,2303
2014-09-11 00:00:00+05:30,4.07,4.38,4.07,4.07,106
2014-09-12 00:00:00+05:30,3.9,4.2,3.87,3.88,13060
2014-09-15 00:00:00+05:30,4.0,4.0,4.0,4.0,25
2014-09-16 00:00:00+05:30,4.2,4.2,3.8,4.04,4450
2014-09-17 00:00:00+05:30,3.84,4.19,3.84,4.19,4504
2014-09-18 00:00:00+05:30,3.99,4.38,3.99,4.0,9104
2014-09-19 00:00:00+05:30,3.8,4.0,3.8,3.8,3505
2014-09-22 00:00:00+05:30,3.98,3.98,3.61,3.97,764
2014-09-23 00:00:00+05:30,4.16,4.16,3.78,3.78,1203
2014-09-24 00:00:00+05:30,3.96,3.96,3.6,3.6,904
2014-09-25 00:00:00+05:30,3.78,3.78,3.52,3.52,7
2014-09-26 00:00:00+05:30,3.69,3.69,3.35,3.68,5410
2014-09-29 00:00:00+05:30,3.8,3.8,3.5,3.5,10
2014-09-30 00:00:00+05:30,3.67,3.67,3.33,3.34,2148
2014-10-01 00:00:00+05:30,3.18,3.5,3.18,3.5,160
2014-10-07 00:00:00+05:30,3.6,3.6,3.6,3.6,2001
2014-10-08 00:00:00+05:30,3.78,3.78,3.42,3.77,5166
2014-10-09 00:00:00+05:30,3.95,3.95,3.59,3.89,77
2014-10-10 00:00:00+05:30,4.08,4.08,4.08,4.08,3
2014-10-13 00:00:00+05:30,4.26,4.28,4.26,4.28,20028
2014-10-14 00:00:00+05:30,4.49,4.49,4.08,4.08,12
2014-10-16 00:00:00+05:30,3.88,4.28,3.88,4.28,22224
2014-10-17 00:00:00+05:30,4.44,4.49,4.44,4.49,182844
2014-10-20 00:00:00+05:30,4.65,4.71,4.65,4.7,10602
2014-10-21 00:00:00+05:30,4.93,4.93,4.47,4.9,32225
2014-10-22 00:00:00+05:30,5.14,5.14,5.09,5.09,5215
2014-10-27 00:00:00+05:30,5.35,5.35,5.35,5.35,20300
2014-10-28 00:00:00+05:30,5.6,5.61,5.6,5.6,4070
2014-10-29 00:00:00+05:30,5.88,5.88,5.88,5.88,2600
2014-10-30 00:00:00+05:30,6.15,6.17,6.15,6.17,6410
2014-10-31 00:00:00+05:30,6.47,6.47,6.47,6.47,1302
2014-11-03 00:00:00+05:30,6.79,6.79,6.79,6.79,15450
2014-11-05 00:00:00+05:30,7.12,7.12,7.11,7.11,12506
2014-11-07 00:00:00+05:30,7.21,7.46,7.2,7.2,14330
2014-11-10 00:00:00+05:30,7.55,7.55,6.84,7.52,14484
2014-11-11 00:00:00+05:30,7.37,7.37,7.37,7.37,2001
2014-11-13 00:00:00+05:30,7.23,7.23,7.23,7.23,2
2014-11-14 00:00:00+05:30,7.09,7.09,7.09,7.09,1
2014-11-17 00:00:00+05:30,6.95,6.95,6.95,6.95,500
2014-11-18 00:00:00+05:30,6.82,6.82,6.82,6.82,1501
2014-11-19 00:00:00+05:30,6.69,6.69,6.69,6.69,1
2014-11-20 00:00:00+05:30,6.56,6.56,6.56,6.56,1
2014-11-21 00:00:00+05:30,6.43,6.43,6.43,6.43,1
2014-11-25 00:00:00+05:30,6.31,6.31,6.31,6.31,1
2014-11-28 00:00:00+05:30,6.19,6.19,6.19,6.19,1
2014-12-01 00:00:00+05:30,6.07,6.07,6.07,6.07,100
2014-12-02 00:00:00+05:30,5.95,5.95,5.95,5.95,1
2014-12-03 00:00:00+05:30,5.85,5.85,5.85,5.85,51
2014-12-04 00:00:00+05:30,5.74,5.74,5.74,5.74,1
2014-12-08 00:00:00+05:30,5.46,5.46,5.46,5.46,169
2014-12-10 00:00:00+05:30,5.2,5.4,5.2,5.4,525
2014-12-12 00:00:00+05:30,5.13,5.13,5.13,5.13,1
2014-12-15 00:00:00+05:30,4.88,4.88,4.88,4.88,1
2014-12-16 00:00:00+05:30,4.63,4.63,4.63,4.63,1326
2014-12-18 00:00:00+05:30,4.5,4.87,4.5,4.87,211
2014-12-19 00:00:00+05:30,4.63,4.63,4.63,4.63,1
2014-12-22 00:00:00+05:30,4.4,4.4,4.4,4.4,2
2014-12-23 00:00:00+05:30,4.18,4.18,4.18,4.18,52
2014-12-24 00:00:00+05:30,3.98,3.98,3.98,3.98,2
2014-12-29 00:00:00+05:30,3.79,3.79,3.79,3.79,2
2014-12-30 00:00:00+05:30,3.61,3.79,3.61,3.79,125
2014-12-31 00:00:00+05:30,3.61,3.61,3.61,3.61,2
2015-01-02 00:00:00+05:30,3.43,3.43,3.43,3.43,1
2015-01-05 00:00:00+05:30,3.43,3.43,3.3,3.3,1750
2015-01-07 00:00:00+05:30,3.14,3.46,3.14,3.46,542
2015-01-09 00:00:00+05:30,3.63,3.63,3.63,3.63,5
2015-01-14 00:00:00+05:30,3.81,3.81,3.81,3.81,150
2015-01-15 00:00:00+05:30,4.0,4.0,4.0,4.0,1755
2015-01-16 00:00:00+05:30,4.2,4.2,4.2,4.2,1550
2015-01-19 00:00:00+05:30,4.0,4.05,4.0,4.05,5212
2015-01-20 00:00:00+05:30,3.87,4.26,3.87,4.26,3146
2015-01-21 00:00:00+05:30,4.47,4.47,4.46,4.47,2550
2015-01-22 00:00:00+05:30,4.68,4.68,4.68,4.68,850
2015-01-23 00:00:00+05:30,4.9,4.91,4.9,4.91,5125
2015-01-27 00:00:00+05:30,4.67,5.14,4.67,5.14,6499
2015-01-28 00:00:00+05:30,5.38,5.39,4.9,5.0,4950
2015-01-29 00:00:00+05:30,5.25,5.25,5.25,5.25,10260
2015-01-30 00:00:00+05:30,5.5,5.51,5.5,5.5,2577
2015-02-03 00:00:00+05:30,5.74,5.77,5.74,5.77,2451
2015-02-04 00:00:00+05:30,6.0,6.04,5.49,5.99,1644
2015-02-05 00:00:00+05:30,6.0,6.28,6.0,6.28,72597
2015-02-06 00:00:00+05:30,5.97,6.59,5.97,5.97,2553
2015-02-09 00:00:00+05:30,5.69,5.69,5.69,5.69,300
2015-02-10 00:00:00+05:30,5.69,5.69,5.42,5.42,101
2015-02-11 00:00:00+05:30,5.15,5.15,5.15,5.15,1
2015-02-12 00:00:00+05:30,4.92,4.92,4.92,4.92,199
2015-02-13 00:00:00+05:30,4.68,4.68,4.68,4.68,1
2015-02-16 00:00:00+05:30,4.45,4.45,4.45,4.45,525
2015-02-18 00:00:00+05:30,4.23,4.67,4.23,4.67,150
2015-02-19 00:00:00+05:30,4.45,4.45,4.45,4.45,50
2015-02-20 00:00:00+05:30,4.23,4.23,4.23,4.23,50
2015-02-23 00:00:00+05:30,4.44,4.44,4.3,4.3,9265
2015-02-24 00:00:00+05:30,4.38,4.38,4.38,4.38,809
2015-02-25 00:00:00+05:30,4.58,4.59,4.2,4.59,2205
2015-03-02 00:00:00+05:30,4.58,4.59,4.58,4.59,700
2015-03-03 00:00:00+05:30,4.8,4.8,4.8,4.8,1052
2015-03-04 00:00:00+05:30,4.57,4.9,4.55,4.9,2400
2015-03-05 00:00:00+05:30,5.11,5.14,5.11,5.14,2070
2015-03-09 00:00:00+05:30,4.88,4.88,4.88,4.88,56
2015-03-10 00:00:00+05:30,4.99,4.99,4.99,4.99,1
2015-03-12 00:00:00+05:30,4.88,4.88,4.75,4.75,221
2015-03-13 00:00:00+05:30,4.51,4.51,4.51,4.51,1
2015-03-16 00:00:00+05:30,4.3,4.3,4.3,4.3,600
2015-03-17 00:00:00+05:30,4.17,4.17,4.17,4.17,200
2015-03-18 00:00:00+05:30,4.25,4.37,4.25,4.37,314
2015-03-19 00:00:00+05:30,4.58,4.58,4.58,4.58,2134
2015-03-20 00:00:00+05:30,4.58,4.58,4.36,4.36,2046
2015-03-23 00:00:00+05:30,4.16,4.57,4.15,4.57,1649
2015-03-24 00:00:00+05:30,4.34,4.78,4.34,4.78,40
2015-03-25 00:00:00+05:30,5.0,5.0,4.55,4.55,2
2015-03-26 00:00:00+05:30,4.59,4.59,4.59,4.59,1
2015-03-27 00:00:00+05:30,4.8,4.8,4.8,4.8,500
2015-03-30 00:00:00+05:30,5.04,5.04,5.04,5.04,1000
2015-03-31 00:00:00+05:30,5.27,5.27,5.27,5.27,50
2015-04-01 00:00:00+05:30,5.5,5.52,5.01,5.01,2686
2015-04-06 00:00:00+05:30,5.01,5.27,5.01,5.27,2600
2015-04-07 00:00:00+05:30,5.25,5.25,5.25,5.25,14
2015-04-08 00:00:00+05:30,5.0,5.51,5.0,5.51,2820
2015-04-09 00:00:00+05:30,5.78,5.78,5.26,5.27,2261
2015-04-13 00:00:00+05:30,5.01,5.01,5.01,5.01,5600
2015-04-15 00:00:00+05:30,4.76,4.76,4.76,4.76,9000
2015-04-16 00:00:00+05:30,4.55,4.55,4.55,4.55,199
2015-04-17 00:00:00+05:30,4.76,4.76,4.34,4.34,5100
2015-04-20 00:00:00+05:30,4.16,4.55,4.15,4.55,8745
2015-04-21 00:00:00+05:30,4.5,4.61,4.5,4.61,121
2015-04-22 00:00:00+05:30,4.83,4.83,4.38,4.83,1785
2015-04-23 00:00:00+05:30,5.01,5.01,5.01,5.01,10
2015-04-24 00:00:00+05:30,4.84,4.95,4.76,4.95,1010
2015-04-27 00:00:00+05:30,4.71,4.71,4.71,4.71,498
2015-04-28 00:00:00+05:30,4.75,4.94,4.66,4.72,1120
2015-04-29 00:00:00+05:30,4.8,4.8,4.8,4.8,1000
2015-04-30 00:00:00+05:30,4.8,4.8,4.55,4.55,400
2015-05-04 00:00:00+05:30,4.34,4.34,4.34,4.34,2000
2015-05-05 00:00:00+05:30,4.5,4.5,4.5,4.5,200
2015-05-08 00:00:00+05:30,4.71,4.71,4.71,4.71,234
2015-05-11 00:00:00+05:30,4.7,4.7,4.7,4.7,1
2015-05-12 00:00:00+05:30,4.92,4.92,4.92,4.92,200
2015-05-14 00:00:00+05:30,5.15,5.15,5.15,5.15,501
2015-05-15 00:00:00+05:30,5.34,5.34,5.34,5.34,1
2015-05-19 00:00:00+05:30,5.58,5.58,5.58,5.58,1
2015-05-20 00:00:00+05:30,5.85,5.85,5.85,5.85,1000
2015-05-22 00:00:00+05:30,5.99,5.99,5.99,5.99,1
2015-05-26 00:00:00+05:30,5.7,5.7,5.7,5.7,2
2015-05-28 00:00:00+05:30,5.95,5.95,5.95,5.95,1
2015-06-01 00:00:00+05:30,6.23,6.23,6.23,6.23,1
2015-06-02 00:00:00+05:30,6.53,6.53,6.53,6.53,1
2015-06-04 00:00:00+05:30,6.84,6.84,6.84,6.84,1
2015-06-05 00:00:00+05:30,6.79,6.79,6.79,6.79,1
2015-06-15 00:00:00+05:30,6.75,6.75,6.75,6.75,45
2015-06-19 00:00:00+05:30,6.42,7.08,6.42,7.04,11426
2015-06-22 00:00:00+05:30,7.3,7.37,7.3,7.37,3740
2015-06-23 00:00:00+05:30,7.5,7.73,7.25,7.54,7150
2015-06-24 00:00:00+05:30,7.89,7.89,7.18,7.18,3955
2015-06-29 00:00:00+05:30,7.49,7.49,6.83,7.1,2001
2015-07-01 00:00:00+05:30,6.75,6.75,6.75,6.75,2000
2015-07-03 00:00:00+05:30,6.99,6.99,6.99,6.99,1
2015-07-06 00:00:00+05:30,7.3,7.3,7.3,7.3,1
2015-07-07 00:00:00+05:30,6.95,7.0,6.94,6.94,27432
2015-07-08 00:00:00+05:30,6.7,6.8,6.6,6.65,2985
2015-07-09 00:00:00+05:30,6.5,6.98,6.5,6.98,19963
2015-07-10 00:00:00+05:30,7.0,7.19,7.0,7.0,5459
2015-07-13 00:00:00+05:30,7.35,7.35,7.2,7.35,1000
2015-07-14 00:00:00+05:30,7.35,7.7,7.35,7.7,1529
2015-07-15 00:00:00+05:30,8.07,8.07,7.32,7.69,902
2015-07-16 00:00:00+05:30,8.05,8.05,7.5,7.5,5200
2015-07-17 00:00:00+05:30,7.14,7.57,7.14,7.57,2001
2015-07-20 00:00:00+05:30,7.2,7.94,7.2,7.94,18877
2015-07-21 00:00:00+05:30,8.3,8.3,7.55,7.93,506
2015-07-22 00:00:00+05:30,8.27,8.32,7.6,7.6,9824
2015-07-23 00:00:00+05:30,7.48,7.6,7.23,7.6,1861
2015-07-24 00:00:00+05:30,7.98,7.98,7.26,7.26,1297
2015-07-27 00:00:00+05:30,6.92,7.6,6.92,7.6,4200
2015-07-30 00:00:00+05:30,7.5,7.5,7.5,7.5,11
2015-08-05 00:00:00+05:30,7.54,7.55,7.54,7.55,250
2015-08-06 00:00:00+05:30,7.18,7.18,7.18,7.18,100
2015-08-07 00:00:00+05:30,7.0,7.0,6.83,6.83,1000
2015-08-10 00:00:00+05:30,6.49,6.49,6.49,6.49,4
2015-08-11 00:00:00+05:30,6.17,6.8,6.17,6.8,2050
2015-08-12 00:00:00+05:30,6.5,6.5,6.5,6.5,1
2015-08-13 00:00:00+05:30,6.18,6.5,6.18,6.19,534
2015-08-18 00:00:00+05:30,6.0,6.48,5.89,6.48,527
2015-08-19 00:00:00+05:30,6.19,6.2,6.19,6.2,322
2015-08-20 00:00:00+05:30,6.0,6.0,6.0,6.0,18
2015-08-24 00:00:00+05:30,5.7,6.2,5.7,6.2,33
2015-08-25 00:00:00+05:30,6.5,6.5,6.5,6.5,2501
2015-09-02 00:00:00+05:30,6.2,6.2,6.2,6.2,13
2015-09-09 00:00:00+05:30,5.9,5.9,5.9,5.9,1
2015-09-10 00:00:00+05:30,6.15,6.15,5.72,5.72,105
2015-09-11 00:00:00+05:30,5.85,5.85,5.85,5.85,76
2015-10-01 00:00:00+05:30,6.14,6.14,6.14,6.14,150
2015-10-09 00:00:00+05:30,6.43,6.43,6.4,6.4,149
2015-10-12 00:00:00+05:30,6.08,6.08,6.08,6.08,1000
2015-10-13 00:00:00+05:30,5.8,6.37,5.8,6.37,65
2015-10-20 00:00:00+05:30,6.07,6.07,6.07,6.07,20
2015-10-23 00:00:00+05:30,5.8,6.35,5.77,5.77,1003
2015-10-26 00:00:00+05:30,6.0,6.0,5.81,6.0,3
2015-10-28 00:00:00+05:30,5.8,6.29,5.7,6.29,152
2015-11-03 00:00:00+05:30,6.0,6.0,6.0,6.0,1000
2015-11-04 00:00:00+05:30,5.71,5.71,5.7,5.7,1008
2015-11-05 00:00:00+05:30,5.7,5.7,5.5,5.5,31
2015-11-06 00:00:00+05:30,5.6,5.6,5.25,5.25,2013
2015-11-09 00:00:00+05:30,5.25,5.5,5.25,5.5,369
2015-11-10 00:00:00+05:30,5.23,5.23,5.23,5.23,1000
2015-11-16 00:00:00+05:30,4.98,5.23,4.98,5.23,279
2015-11-17 00:00:00+05:30,4.97,5.01,4.97,5.01,1562
2015-11-18 00:00:00+05:30,4.97,5.2,4.97,5.05,74
2015-11-19 00:00:00+05:30,4.8,4.8,4.8,4.8,1466
2015-11-20 00:00:00+05:30,4.8,4.8,4.55,4.55,360
2015-11-24 00:00:00+05:30,4.61,4.75,4.41,4.75,1025
2015-11-26 00:00:00+05:30,4.97,4.97,4.53,4.53,675
2015-11-27 00:00:00+05:30,4.42,4.74,4.41,4.43,143
2015-11-30 00:00:00+05:30,4.45,4.45,4.45,4.45,200
2015-12-01 00:00:00+05:30,4.66,4.66,4.23,4.23,1430
2015-12-02 00:00:00+05:30,4.03,4.43,4.01,4.43,1600
2015-12-04 00:00:00+05:30,4.63,4.63,4.22,4.22,15
2015-12-08 00:00:00+05:30,4.01,4.01,4.01,4.01,350
2015-12-09 00:00:00+05:30,4.18,4.22,4.18,4.19,1600
2015-12-11 00:00:00+05:30,4.0,4.0,3.99,3.99,5000
2015-12-14 00:00:00+05:30,4.17,4.17,4.13,4.13,530
2015-12-16 00:00:00+05:30,4.33,4.33,3.94,3.94,1809
2015-12-17 00:00:00+05:30,4.09,4.09,3.76,4.09,1168
2015-12-18 00:00:00+05:30,3.91,3.91,3.9,3.9,2922
2015-12-21 00:00:00+05:30,4.05,4.05,3.71,3.71,2194
2015-12-22 00:00:00+05:30,3.7,3.88,3.54,3.54,1330
2015-12-23 00:00:00+05:30,3.55,3.7,3.37,3.7,2605
2015-12-24 00:00:00+05:30,3.87,3.87,3.87,3.87,255
2015-12-28 00:00:00+05:30,3.9,3.9,3.9,3.9,20
2015-12-29 00:00:00+05:30,4.0,4.0,3.71,3.71,1200
2015-12-30 00:00:00+05:30,3.88,3.88,3.75,3.88,1939
2015-12-31 00:00:00+05:30,3.89,3.89,3.89,3.89,10
2016-01-04 00:00:00+05:30,4.08,4.08,4.08,4.08,150
2016-01-05 00:00:00+05:30,4.28,4.28,4.28,4.28,10
2016-01-06 00:00:00+05:30,4.49,4.49,4.49,4.49,751
2016-01-07 00:00:00+05:30,4.66,4.66,4.66,4.66,4541
2016-01-08 00:00:00+05:30,4.66,4.66,4.66,4.66,3580
2016-01-11 00:00:00+05:30,4.88,4.88,4.88,4.88,74
2016-01-12 00:00:00+05:30,5.05,5.05,4.76,5.05,220
2016-01-13 00:00:00+05:30,5.05,5.05,5.05,5.05,1583
2016-01-14 00:00:00+05:30,4.8,5.0,4.8,5.0,520
2016-01-18 00:00:00+05:30,5.05,5.05,5.05,5.05,806
2016-01-19 00:00:00+05:30,5.04,5.04,4.8,4.84,1500
2016-01-21 00:00:00+05:30,4.61,5.05,4.61,5.05,3421
2016-01-22 00:00:00+05:30,4.8,5.04,4.8,5.04,1540
2016-01-25 00:00:00+05:30,5.04,5.04,5.04,5.04,832
2016-01-28 00:00:00+05:30,5.0,5.0,5.0,5.0,500
2016-01-29 00:00:00+05:30,5.05,5.05,5.05,5.05,1000
2016-02-01 00:00:00+05:30,5.05,5.05,5.05,5.05,1
2016-02-03 00:00:00+05:30,4.82,5.25,4.8,4.84,6511
2016-02-04 00:00:00+05:30,4.84,5.05,4.61,5.05,6490
2016-02-09 00:00:00+05:30,5.28,5.28,5.28,5.28,300
2016-02-18 00:00:00+05:30,5.53,5.54,5.53,5.54,10000
2016-02-19 00:00:00+05:30,5.75,5.8,5.3,5.3,5717
2016-02-22 00:00:00+05:30,5.05,5.05,5.04,5.04,640
2016-03-02 00:00:00+05:30,4.79,4.79,4.79,4.79,1100
2016-03-03 00:00:00+05:30,4.79,5.0,4.57,4.57,1005
2016-03-04 00:00:00+05:30,4.78,4.78,4.36,4.5,2950
2016-03-08 00:00:00+05:30,4.72,4.72,4.72,4.72,30
2016-03-10 00:00:00+05:30,4.94,4.94,4.94,4.94,500
2016-03-17 00:00:00+05:30,4.7,4.8,4.7,4.8,80
2016-03-18 00:00:00+05:30,5.03,5.03,4.57,4.57,12200
2016-03-21 00:00:00+05:30,4.67,4.67,4.66,4.66,930
2016-03-22 00:00:00+05:30,4.43,4.89,4.43,4.43,18700
2016-03-28 00:00:00+05:30,4.21,4.21,4.21,4.21,295
2016-03-29 00:00:00+05:30,4.05,4.05,4.02,4.03,85
2016-03-30 00:00:00+05:30,3.86,3.86,3.86,3.86,1575
2016-03-31 00:00:00+05:30,4.05,4.05,4.05,4.05,1
2016-04-01 00:00:00+05:30,4.25,4.25,4.25,4.25,9
2016-04-08 00:00:00+05:30,4.06,4.44,4.06,4.44,1144
2016-04-11 00:00:00+05:30,4.65,4.65,4.25,4.65,3310
2016-04-12 00:00:00+05:30,4.64,4.64,4.4,4.4,900
2016-04-13 00:00:00+05:30,4.4,4.4,4.4,4.4,200
2016-04-20 00:00:00+05:30,4.4,4.41,4.4,4.41,1125
2016-04-21 00:00:00+05:30,4.4,4.4,4.4,4.4,99
2016-04-25 00:00:00+05:30,4.62,4.62,4.2,4.2,3011
2016-04-26 00:00:00+05:30,4.2,4.2,4.2,4.2,19
2016-04-27 00:00:00+05:30,4.2,4.2,4.2,4.2,100
2016-05-02 00:00:00+05:30,3.99,3.99,3.99,3.99,1
2016-05-03 00:00:00+05:30,4.0,4.0,3.83,3.83,380
2016-05-05 00:00:00+05:30,3.65,3.65,3.65,3.65,100
2016-05-06 00:00:00+05:30,3.83,3.83,3.6,3.6,60
2016-05-09 00:00:00+05:30,3.6,3.6,3.6,3.6,1
2016-05-11 00:00:00+05:30,3.78,3.78,3.78,3.78,2270
2016-05-12 00:00:00+05:30,3.62,3.96,3.6,3.95,10700
2016-05-13 00:00:00+05:30,4.07,4.07,3.72,4.07,8244
2016-05-17 00:00:00+05:30,4.25,4.27,4.0,4.0,1960
2016-05-18 00:00:00+05:30,4.2,4.2,3.81,3.9,2106
2016-05-19 00:00:00+05:30,4.09,4.09,3.85,3.85,635
2016-05-23 00:00:00+05:30,4.04,4.04,3.68,4.04,850
2016-05-25 00:00:00+05:30,4.24,4.24,4.24,4.24,3
2016-05-26 00:00:00+05:30,4.45,4.45,4.1,4.1,55
2016-05-27 10:00:00+05:30,4.15,4.15,4.15,4.15,20000
2016-05-31 00:00:00+05:30,4.35,4.35,4.12,4.12,110
2016-06-01 00:00:00+05:30,3.92,3.92,3.92,3.92,5
2016-06-02 00:00:00+05:30,3.78,4.1,3.78,4.1,1801
2016-06-03 00:00:00+05:30,3.95,4.3,3.95,4.3,4454
2016-06-06 00:00:00+05:30,4.1,4.5,4.09,4.09,2200
2016-06-07 00:00:00+05:30,4.28,4.29,3.89,4.29,5112
2016-06-08 00:00:00+05:30,4.48,4.48,4.12,4.12,1010
2016-06-10 00:00:00+05:30,4.3,4.3,3.95,3.95,1250
2016-06-13 00:00:00+05:30,4.12,4.12,3.86,3.86,5172
2016-06-15 00:00:00+05:30,3.95,3.95,3.95,3.95,1455
2016-06-16 00:00:00+05:30,4.01,4.01,3.81,3.87,1073
2016-06-21 00:00:00+05:30,4.06,4.06,3.92,3.92,2100
2016-06-23 00:00:00+05:30,3.82,4.11,3.82,4.11,1075
2016-06-24 00:00:00+05:30,4.3,4.31,3.95,4.0,2656
2016-06-28 00:00:00+05:30,4.01,4.01,4.01,4.01,1000
2016-06-29 00:00:00+05:30,4.05,4.11,4.05,4.11,959
2016-06-30 00:00:00+05:30,4.3,4.3,4.03,4.03,3795
2016-07-01 00:00:00+05:30,4.03,4.03,3.95,3.95,7000
2016-07-04 00:00:00+05:30,4.0,4.0,3.87,3.87,2367
2016-07-05 00:00:00+05:30,4.05,4.05,3.82,4.05,7774
2016-07-08 00:00:00+05:30,4.24,4.24,4.24,4.24,2000
2016-07-12 00:00:00+05:30,4.04,4.04,4.04,4.04,100
2016-07-13 00:00:00+05:30,3.86,3.86,3.86,3.86,50
2016-07-14 00:00:00+05:30,4.04,4.04,3.7,3.76,2844
2016-07-15 00:00:00+05:30,3.92,3.92,3.78,3.78,525
2016-07-21 00:00:00+05:30,3.96,3.96,3.6,3.61,2000
2016-07-25 00:00:00+05:30,3.44,3.55,3.44,3.52,1383
2016-07-27 00:00:00+05:30,3.69,3.69,3.69,3.69,500
2016-07-28 00:00:00+05:30,3.87,3.87,3.87,3.87,100
2016-07-29 00:00:00+05:30,4.04,4.04,3.69,3.69,2700
2016-08-01 00:00:00+05:30,3.51,3.51,3.51,3.51,10
2016-08-02 00:00:00+05:30,3.35,3.68,3.35,3.68,550
2016-08-08 00:00:00+05:30,3.86,3.86,3.86,3.86,1000
2016-08-09 00:00:00+05:30,4.03,4.03,4.03,4.03,5
2016-08-10 00:00:00+05:30,4.23,4.23,4.23,4.23,1000
2016-08-18 00:00:00+05:30,4.23,4.23,4.23,4.23,50
2016-08-19 00:00:00+05:30,4.02,4.02,4.02,4.02,100
2016-08-29 00:00:00+05:30,3.82,4.02,3.82,4.02,6
2016-09-01 00:00:00+05:30,4.0,4.0,3.82,3.82,2
2016-09-02 00:00:00+05:30,3.82,3.82,3.63,3.63,2007
2016-09-06 00:00:00+05:30,3.63,3.81,3.45,3.81,110
2016-09-07 00:00:00+05:30,3.35,3.35,3.35,3.35,42
2016-09-08 00:00:00+05:30,3.2,3.2,3.2,3.2,100
2016-09-12 00:00:00+05:30,3.2,3.2,3.2,3.2,10
2016-09-14 00:00:00+05:30,3.05,3.05,3.05,3.05,1
2016-09-15 00:00:00+05:30,2.9,2.9,2.9,2.9,60
2016-09-16 00:00:00+05:30,3.04,3.04,3.04,3.04,400
2016-09-21 00:00:00+05:30,3.19,3.19,3.19,3.19,2000
2016-09-22 00:00:00+05:30,3.2,3.34,3.2,3.34,85
2016-09-23 00:00:00+05:30,3.5,3.5,3.5,3.5,51
2016-09-26 00:00:00+05:30,3.67,3.67,3.67,3.67,1
2016-09-27 00:00:00+05:30,3.85,3.85,3.85,3.85,4026
2016-09-28 00:00:00+05:30,4.04,4.04,4.02,4.04,1271
2016-09-29 00:00:00+05:30,4.2,4.2,4.2,4.2,2878
2016-10-03 00:00:00+05:30,4.41,4.41,3.99,4.41,401
2016-10-04 00:00:00+05:30,3.99,4.18,3.99,4.18,1239
2016-10-05 00:00:00+05:30,4.18,4.35,4.18,4.18,3506
2016-10-06 00:00:00+05:30,4.18,4.18,4.18,4.18,100
2016-10-07 00:00:00+05:30,4.18,4.37,4.18,4.33,1226
2016-10-10 00:00:00+05:30,4.51,4.51,4.51,4.51,100
2016-10-13 00:00:00+05:30,4.7,4.73,4.33,4.7,2620
2016-10-14 00:00:00+05:30,4.92,4.92,4.47,4.84,1115
2016-10-17 00:00:00+05:30,4.85,5.07,4.61,5.07,2167
2016-10-19 00:00:00+05:30,4.8,4.93,4.48,4.89,6600
2016-10-20 00:00:00+05:30,4.89,5.08,4.65,4.85,5558
2016-10-21 00:00:00+05:30,4.65,4.98,4.65,4.98,1035
2016-10-24 00:00:00+05:30,4.88,4.88,4.43,4.43,6235
2016-10-25 00:00:00+05:30,4.49,4.5,4.21,4.5,1802
2016-10-26 00:00:00+05:30,4.5,4.5,4.5,4.5,1250
2016-10-27 00:00:00+05:30,4.5,4.5,4.5,4.5,100
2016-10-28 00:00:00+05:30,4.5,4.5,4.28,4.5,2550
2016-10-30 00:00:00+05:30,4.5,4.5,4.3,4.3,100
2016-11-01 00:00:00+05:30,4.3,4.5,4.3,4.5,5174
2016-11-02 00:00:00+05:30,4.5,4.5,4.28,4.28,105
2016-11-03 00:00:00+05:30,4.48,4.49,4.48,4.49,2019
2016-11-04 00:00:00+05:30,4.3,4.3,4.3,4.3,2000
2016-11-07 00:00:00+05:30,4.3,4.3,4.09,4.09,209
2016-11-08 00:00:00+05:30,4.0,4.0,4.0,4.0,1
2016-11-09 00:00:00+05:30,3.8,3.8,3.8,3.8,5000
2016-11-10 00:00:00+05:30,3.8,3.8,3.8,3.8,23
2016-11-11 00:00:00+05:30,3.99,3.99,3.99,3.99,1320
2016-11-15 00:00:00+05:30,4.18,4.18,3.8,3.8,901
2016-11-16 00:00:00+05:30,3.99,3.99,3.99,3.99,79
2016-11-17 00:00:00+05:30,3.8,3.8,3.8,3.8,30
2016-11-21 00:00:00+05:30,3.99,3.99,3.99,3.99,1
2016-11-22 00:00:00+05:30,4.18,4.18,4.18,4.18,2506
2016-11-23 00:00:00+05:30,4.0,4.0,4.0,4.0,4
2016-11-24 00:00:00+05:30,4.2,4.2,4.2,4.2,1
2016-11-25 00:00:00+05:30,4.0,4.0,4.0,4.0,500
2016-11-28 00:00:00+05:30,4.2,4.2,4.2,4.2,1
2016-11-29 00:00:00+05:30,4.0,4.0,3.99,3.99,373
2016-11-30 00:00:00+05:30,4.18,4.18,4.18,4.18,1
2016-12-01 00:00:00+05:30,4.18,4.34,3.98,4.3,3909
2016-12-02 00:00:00+05:30,4.3,4.3,4.3,4.3,2000
2016-12-06 00:00:00+05:30,4.51,4.51,4.51,4.51,1
2016-12-07 00:00:00+05:30,4.51,4.51,4.51,4.51,1
2016-12-09 00:00:00+05:30,4.5,4.5,4.3,4.3,10
2016-12-16 00:00:00+05:30,4.3,4.3,4.3,4.3,24
2016-12-19 00:00:00+05:30,4.1,4.1,4.1,4.1,1
2016-12-21 00:00:00+05:30,3.9,3.9,3.9,3.9,580
2016-12-26 00:00:00+05:30,4.09,4.09,4.09,4.09,885
2016-12-28 00:00:00+05:30,3.95,3.95,3.95,3.95,3682
2017-01-09 00:00:00+05:30,3.77,3.77,3.77,3.77,115
2017-01-12 00:00:00+05:30,3.6,3.6,3.6,3.6,10
2017-01-13 00:00:00+05:30,3.6,3.6,3.6,3.6,100
2017-01-16 00:00:00+05:30,3.6,3.6,3.43,3.43,498
2017-01-31 00:00:00+05:30,3.43,3.43,3.43,3.43,2276
2017-02-01 00:00:00+05:30,3.6,3.6,3.6,3.6,1
2017-02-02 00:00:00+05:30,3.78,3.78,3.78,3.78,1001
2017-02-03 00:00:00+05:30,3.96,3.96,3.8,3.8,211
2017-02-06 00:00:00+05:30,3.88,3.88,3.88,3.88,230
2017-02-09 00:00:00+05:30,3.87,3.87,3.69,3.69,3155
2017-02-10 00:00:00+05:30,3.69,3.69,3.6,3.6,40
2017-02-13 00:00:00+05:30,3.65,3.78,3.42,3.42,2701
2017-02-14 00:00:00+05:30,3.59,3.59,3.25,3.25,2455
2017-02-16 00:00:00+05:30,3.41,3.41,3.09,3.09,561
2017-02-17 00:00:00+05:30,2.95,3.25,2.95,3.25,27298
2017-02-20 00:00:00+05:30,3.41,3.41,3.09,3.09,2102
2017-02-21 00:00:00+05:30,3.24,3.24,2.94,3.23,513
2017-02-22 00:00:00+05:30,3.39,3.39,3.07,3.07,551
2017-02-23 00:00:00+05:30,3.22,3.22,2.92,3.22,2792
2017-02-27 00:00:00+05:30,3.22,3.38,3.22,3.38,1223
2017-02-28 00:00:00+05:30,3.54,3.54,3.54,3.54,7
2017-03-01 00:00:00+05:30,3.7,3.71,3.54,3.71,551
2017-03-02 00:00:00+05:30,3.86,3.86,3.86,3.86,1
2017-03-03 00:00:00+05:30,3.83,3.83,3.83,3.83,820
2017-03-06 00:00:00+05:30,3.84,3.84,3.84,3.84,500
2017-03-08 00:00:00+05:30,3.65,3.84,3.65,3.84,22
2017-03-10 00:00:00+05:30,4.03,4.03,4.03,4.03,1
2017-03-14 00:00:00+05:30,4.02,4.21,4.02,4.21,5004
2017-03-16 00:00:00+05:30,4.0,4.0,4.0,4.0,1500
2017-03-20 00:00:00+05:30,3.98,3.98,3.98,3.98,150
2017-03-21 00:00:00+05:30,3.9,3.9,3.9,3.9,250
2017-03-22 10:00:00+05:30,3.71,3.71,3.71,3.71,4955
2017-03-24 00:00:00+05:30,3.89,3.89,3.89,3.89,85
2017-03-30 00:00:00+05:30,3.89,4.08,3.89,4.08,300
2017-03-31 00:00:00+05:30,4.0,4.0,4.0,4.0,1
2017-04-10 00:00:00+05:30,4.0,4.1,4.0,4.1,133
2017-04-11 00:00:00+05:30,4.1,4.3,4.1,4.3,1075
2017-04-12 00:00:00+05:30,4.09,4.4,4.09,4.4,2524
2017-04-13 00:00:00+05:30,4.15,4.15,4.15,4.15,2000
2017-04-17 00:00:00+05:30,4.15,4.15,4.15,4.15,2350
2017-04-18 00:00:00+05:30,4.35,4.35,3.95,3.95,3000
2017-04-21 00:00:00+05:30,3.95,4.14,3.95,4.14,1707
2017-04-24 00:00:00+05:30,4.1,4.1,4.1,4.1,50
2017-04-26 00:00:00+05:30,3.94,3.94,3.94,3.94,100
2017-04-27 00:00:00+05:30,3.76,4.13,3.76,4.13,451
2017-04-28 00:00:00+05:30,3.95,4.33,3.95,4.33,548
2017-05-02 00:00:00+05:30,4.54,4.54,4.5,4.5,1050
2017-05-03 00:00:00+05:30,4.6,4.6,4.28,4.28,62
2017-05-04 00:00:00+05:30,4.25,4.25,4.25,4.25,500
2017-05-05 00:00:00+05:30,4.45,4.45,4.04,4.25,1170
2017-05-09 00:00:00+05:30,4.05,4.4,4.04,4.04,6099
2017-05-10 00:00:00+05:30,4.0,4.24,4.0,4.24,1060
2017-05-11 00:00:00+05:30,4.44,4.44,4.37,4.37,102
2017-05-12 00:00:00+05:30,4.58,4.58,4.5,4.55,14
2017-05-15 00:00:00+05:30,4.55,4.55,4.55,4.55,5030
2017-05-16 00:00:00+05:30,4.75,4.75,4.33,4.33,631
2017-05-17 00:00:00+05:30,4.54,4.54,4.54,4.54,10
2017-05-18 00:00:00+05:30,4.76,4.76,4.32,4.32,1465
2017-05-23 00:00:00+05:30,4.11,4.11,4.11,4.11,520
2017-05-24 00:00:00+05:30,4.0,4.0,4.0,4.0,5
2017-05-25 00:00:00+05:30,3.8,3.8,3.8,3.8,100
2017-05-26 00:00:00+05:30,3.8,3.8,3.62,3.62,2025
2017-05-29 00:00:00+05:30,3.45,3.45,3.45,3.45,200
2017-05-30 00:00:00+05:30,3.3,3.3,3.3,3.3,94
2017-05-31 00:00:00+05:30,3.3,3.3,3.3,3.3,136
2017-06-02 00:00:00+05:30,3.3,3.3,3.15,3.15,2000
2017-06-06 00:00:00+05:30,3.15,3.15,3.15,3.15,400
2017-06-12 00:00:00+05:30,3.0,3.0,3.0,3.0,1008
2017-06-13 00:00:00+05:30,3.01,3.01,3.0,3.0,769
2017-06-14 00:00:00+05:30,2.91,2.91,2.9,2.9,5000
2017-06-15 00:00:00+05:30,2.9,2.9,2.9,2.9,508
2017-06-16 00:00:00+05:30,3.0,3.0,3.0,3.0,500
2017-06-19 00:00:00+05:30,3.0,3.0,2.9,2.9,170
2017-06-20 00:00:00+05:30,2.9,2.9,2.9,2.9,930
2017-06-21 00:00:00+05:30,2.9,2.9,2.9,2.9,100
2017-06-22 00:00:00+05:30,2.9,2.9,2.9,2.9,600
2017-07-11 00:00:00+05:30,3.0,3.0,3.0,3.0,1
2017-07-12 00:00:00+05:30,3.1,3.1,3.1,3.1,69
2017-07-13 00:00:00+05:30,3.05,3.25,3.05,3.25,202
2017-07-17 00:00:00+05:30,3.39,3.4,3.09,3.1,2000
2017-07-18 00:00:00+05:30,3.25,3.25,3.25,3.25,2000
2017-07-19 00:00:00+05:30,3.4,3.4,3.1,3.1,4604
2017-07-21 00:00:00+05:30,3.0,3.25,3.0,3.0,4904
2017-07-24 00:00:00+05:30,3.0,3.0,3.0,3.0,100
2017-07-25 00:00:00+05:30,3.0,3.02,3.0,3.0,4605
2017-07-27 00:00:00+05:30,3.15,3.15,3.0,3.01,2995
2017-07-28 00:00:00+05:30,3.1,3.1,3.1,3.1,750
2017-07-31 00:00:00+05:30,3.25,3.25,2.95,2.95,549
2017-08-02 00:00:00+05:30,2.81,3.09,2.81,3.09,3847
2017-08-03 00:00:00+05:30,3.24,3.24,2.94,2.94,241
2017-08-09 00:00:00+05:30,3.0,3.0,2.8,2.8,1000
2017-08-10 00:00:00+05:30,2.66,2.67,2.66,2.66,15605
2017-08-16 00:00:00+05:30,2.79,2.79,2.55,2.55,850
2017-08-17 00:00:00+05:30,2.44,2.44,2.43,2.43,7550
2017-08-18 00:00:00+05:30,2.55,2.55,2.31,2.31,7250
2017-08-21 00:00:00+05:30,2.2,2.2,2.2,2.2,6596
2017-08-23 00:00:00+05:30,2.2,2.2,2.2,2.2,631
2017-08-24 00:00:00+05:30,2.09,2.31,2.09,2.31,101
2017-08-28 00:00:00+05:30,2.35,2.35,2.2,2.35,4950
2017-09-01 00:00:00+05:30,2.46,2.46,2.46,2.46,1300
2017-09-04 00:00:00+05:30,2.58,2.58,2.34,2.34,5400
2017-09-05 00:00:00+05:30,2.45,2.45,2.45,2.45,800
2017-09-06 00:00:00+05:30,2.57,2.57,2.57,2.57,2002
2017-09-07 00:00:00+05:30,2.57,2.57,2.57,2.57,100
2017-09-11 00:00:00+05:30,2.5,2.5,2.45,2.45,11000
2017-09-12 00:00:00+05:30,2.33,2.57,2.33,2.57,4263
2017-09-13 15:00:00+05:30,2.57,2.57,2.57,2.57,1900
2017-09-19 00:00:00+05:30,2.45,2.45,2.45,2.45,8471
2017-09-27 00:00:00+05:30,2.45,2.45,2.45,2.45,20
2017-09-29 00:00:00+05:30,2.45,2.45,2.45,2.45,100
2017-10-03 00:00:00+05:30,2.33,2.33,2.33,2.33,50
2017-10-04 00:00:00+05:30,2.44,2.44,2.22,2.22,2000
2017-10-10 00:00:00+05:30,2.11,2.11,2.11,2.11,500
2017-10-12 00:00:00+05:30,2.21,2.21,2.21,2.21,1297
2017-10-13 00:00:00+05:30,2.27,2.27,2.25,2.25,7407
2017-10-16 00:00:00+05:30,2.14,2.14,2.14,2.14,1000
2017-10-18 00:00:00+05:30,2.24,2.24,2.24,2.24,1500
2017-10-24 00:00:00+05:30,2.25,2.25,2.25,2.25,200
2017-10-25 00:00:00+05:30,2.26,2.26,2.25,2.26,5055
2017-10-30 00:00:00+05:30,2.15,2.15,2.15,2.15,1
2017-11-02 00:00:00+05:30,2.25,2.25,2.25,2.25,10
2017-11-09 00:00:00+05:30,2.36,2.36,2.36,2.36,50
2017-11-13 00:00:00+05:30,2.47,2.47,2.47,2.47,2950
2017-11-14 00:00:00+05:30,2.59,2.59,2.59,2.59,50
2017-11-15 00:00:00+05:30,2.71,2.71,2.71,2.71,23
2017-11-16 00:00:00+05:30,2.83,2.83,2.83,2.83,200
2017-11-20 00:00:00+05:30,2.83,2.97,2.83,2.83,1051
2017-11-21 00:00:00+05:30,2.97,2.97,2.83,2.83,150
2017-11-24 00:00:00+05:30,3.06,3.06,3.06,3.06,100
2017-11-27 00:00:00+05:30,3.21,3.21,3.21,3.21,100
2017-11-29 00:00:00+05:30,3.21,3.24,3.21,3.24,560
2017-11-30 00:00:00+05:30,3.24,3.24,3.24,3.24,503
2018-04-09 00:00:00+05:30,3.2,3.2,3.2,3.2,15
2018-04-10 00:00:00+05:30,3.04,3.04,3.04,3.04,41
2018-04-11 11:00:00+05:30,3.04,3.04,3.04,3.04,4
2018-04-12 00:00:00+05:30,3.04,3.04,3.04,3.04,1500
2018-04-13 00:00:00+05:30,3.03,3.03,3.03,3.03,1000
2018-04-16 00:00:00+05:30,3.03,3.03,3.03,3.03,738
2018-04-24 00:00:00+05:30,3.03,3.03,3.03,3.03,1
2018-05-21 00:00:00+05:30,3.0,3.0,3.0,3.0,3000
2018-05-23 00:00:00+05:30,3.15,3.15,3.15,3.15,1469
2018-06-01 00:00:00+05:30,3.0,3.0,3.0,3.0,200
2018-06-05 00:00:00+05:30,3.0,3.0,3.0,3.0,5
2018-07-11 00:00:00+05:30,3.0,3.0,3.0,3.0,1
2018-07-12 00:00:00+05:30,2.85,2.85,2.85,2.85,1
2018-07-16 00:00:00+05:30,2.85,2.85,2.85,2.85,1
2018-07-24 00:00:00+05:30,2.85,2.85,2.85,2.85,1400
2018-08-03 00:00:00+05:30,2.71,2.85,2.71,2.85,3050
2018-08-06 00:00:00+05:30,2.71,2.84,2.71,2.84,800
2018-08-07 00:00:00+05:30,2.7,2.7,2.7,2.7,251
2018-08-08 00:00:00+05:30,2.57,2.83,2.57,2.82,1265
2018-08-10 00:00:00+05:30,2.82,2.82,2.68,2.68,6850
2018-08-13 00:00:00+05:30,2.58,2.58,2.58,2.58,501
2018-08-14 00:00:00+05:30,2.46,2.7,2.46,2.46,1056
2018-08-16 00:00:00+05:30,2.35,2.35,2.35,2.35,301
2018-08-17 00:00:00+05:30,2.24,2.24,2.24,2.24,205
2018-08-20 00:00:00+05:30,2.13,2.35,2.13,2.13,5550
2018-08-21 00:00:00+05:30,2.03,2.22,2.03,2.2,13494
2018-08-28 00:00:00+05:30,2.31,2.31,2.31,2.31,2646
2018-08-29 00:00:00+05:30,2.42,2.42,2.2,2.25,900
2018-09-03 00:00:00+05:30,2.14,2.14,2.14,2.14,2000
2018-09-05 00:00:00+05:30,2.14,2.14,2.14,2.14,200
2018-09-06 00:00:00+05:30,2.04,2.2,2.04,2.2,333
2018-09-07 00:00:00+05:30,2.3,2.3,2.1,2.1,600
2018-09-12 00:00:00+05:30,2.1,2.1,2.1,2.1,100
2018-09-26 00:00:00+05:30,2.1,2.1,2.1,2.1,1
2018-10-09 00:00:00+05:30,2.1,2.1,2.1,2.1,195
2018-10-12 00:00:00+05:30,2.1,2.1,2.1,2.1,50
2018-10-25 00:00:00+05:30,2.2,2.2,2.2,2.2,103
2018-10-26 00:00:00+05:30,2.31,2.31,2.09,2.31,417
2018-10-31 00:00:00+05:30,2.42,2.42,2.42,2.42,5
2018-11-01 00:00:00+05:30,2.54,2.54,2.3,2.3,988
2018-11-02 00:00:00+05:30,2.3,2.41,2.3,2.41,603
2018-11-06 00:00:00+05:30,2.53,2.53,2.53,2.53,100
2018-11-09 00:00:00+05:30,2.65,2.65,2.65,2.65,100
2018-11-12 00:00:00+05:30,2.78,2.78,2.78,2.78,50
2018-11-13 00:00:00+05:30,2.91,2.91,2.91,2.91,1011
2018-11-14 00:00:00+05:30,2.91,2.91,2.91,2.91,35
2018-11-15 00:00:00+05:30,3.05,3.05,3.05,3.05,331
2018-11-16 00:00:00+05:30,3.2,3.2,2.9,2.9,1200
2018-11-19 00:00:00+05:30,3.04,3.04,3.04,3.04,100
2018-11-20 00:00:00+05:30,3.19,3.19,3.15,3.15,50
2018-11-21 00:00:00+05:30,3.3,3.3,3.0,3.3,1422
2018-11-26 00:00:00+05:30,3.46,3.46,3.3,3.3,400
2018-11-27 00:00:00+05:30,3.58,3.58,3.41,3.57,805
2018-11-28 00:00:00+05:30,3.74,3.74,3.74,3.74,733
2018-11-29 00:00:00+05:30,3.74,3.74,3.74,3.74,15
2018-11-30 00:00:00+05:30,3.92,3.92,3.74,3.74,2453
2018-12-03 00:00:00+05:30,3.72,3.72,3.72,3.72,150
2018-12-04 00:00:00+05:30,3.71,3.71,3.71,3.71,330
2018-12-06 00:00:00+05:30,3.71,3.71,3.71,3.71,50
2018-12-10 00:00:00+05:30,3.71,3.71,3.71,3.71,39
2018-12-21 00:00:00+05:30,3.71,3.89,3.71,3.89,2180
2018-12-24 00:00:00+05:30,3.89,3.89,3.89,3.89,2000
2018-12-26 00:00:00+05:30,3.75,3.75,3.75,3.75,300
2018-12-28 00:00:00+05:30,3.6,3.6,3.6,3.6,1251
2018-12-31 00:00:00+05:30,3.6,3.6,3.6,3.6,110
2019-01-01 00:00:00+05:30,3.5,3.6,3.5,3.6,1524
2019-01-08 00:00:00+05:30,3.6,3.6,3.6,3.6,1
2019-01-09 00:00:00+05:30,3.6,3.6,3.6,3.6,109
2019-01-11 00:00:00+05:30,3.6,3.6,3.6,3.6,2
2019-01-14 00:00:00+05:30,3.61,3.61,3.61,3.61,1464
2019-02-04 00:00:00+05:30,3.61,3.61,3.61,3.61,11
2019-02-11 00:00:00+05:30,3.55,3.55,3.55,3.55,1000
2019-02-13 00:00:00+05:30,3.55,3.55,3.55,3.55,4
2019-02-15 00:00:00+05:30,3.55,3.55,3.55,3.55,1
2019-02-28 00:00:00+05:30,3.55,3.55,3.55,3.55,1
2019-03-14 00:00:00+05:30,3.72,3.72,3.72,3.72,5
2019-03-15 00:00:00+05:30,3.8,3.8,3.6,3.6,22609
2019-03-18 00:00:00+05:30,3.72,3.72,3.5,3.5,6150
2019-03-19 00:00:00+05:30,3.5,3.5,3.5,3.5,1000
2019-04-08 00:00:00+05:30,3.5,3.5,3.5,3.5,207
2019-04-15 00:00:00+05:30,3.5,3.5,3.5,3.5,2
2019-04-16 00:00:00+05:30,3.5,3.5,3.5,3.5,50
2019-04-18 00:00:00+05:30,3.45,3.45,3.4,3.4,350
2019-04-23 00:00:00+05:30,3.4,3.4,3.3,3.3,177
2019-04-30 00:00:00+05:30,3.3,3.3,3.3,3.3,263
2019-05-09 00:00:00+05:30,3.45,3.45,3.45,3.45,150
2019-05-20 00:00:00+05:30,3.45,3.45,3.45,3.45,100
2019-05-24 00:00:00+05:30,3.45,3.45,3.45,3.45,100
2019-05-31 00:00:00+05:30,3.45,3.45,3.45,3.45,100
2019-06-06 00:00:00+05:30,3.45,3.45,3.45,3.45,5
2019-06-10 00:00:00+05:30,3.44,3.44,3.44,3.44,150
2019-06-19 00:00:00+05:30,3.27,3.27,3.27,3.27,15
2019-06-21 00:00:00+05:30,3.11,3.11,3.11,3.11,10
2019-06-25 00:00:00+05:30,2.96,2.96,2.96,2.96,10
2019-06-26 00:00:00+05:30,2.82,2.82,2.82,2.82,5
2019-06-27 00:00:00+05:30,2.68,2.68,2.68,2.68,1730
2019-06-28 00:00:00+05:30,2.55,2.55,2.55,2.55,2000
2019-07-02 00:00:00+05:30,2.67,2.67,2.43,2.43,4405
2019-07-03 00:00:00+05:30,2.31,2.31,2.31,2.31,6000
2019-07-04 00:00:00+05:30,2.2,2.2,2.2,2.2,3000
2019-08-01 00:00:00+05:30,2.09,2.09,2.09,2.09,1109
2019-08-06 00:00:00+05:30,2.19,2.19,2.19,2.19,3000
2019-08-13 00:00:00+05:30,2.19,2.19,2.19,2.19,4
2019-08-16 00:00:00+05:30,2.29,2.29,2.29,2.29,100
2019-08-22 00:00:00+05:30,2.18,2.18,2.18,2.18,1000
2019-08-23 00:00:00+05:30,2.08,2.08,2.08,2.08,1012
2019-08-29 00:00:00+05:30,2.18,2.18,1.98,1.98,2000
2019-09-03 00:00:00+05:30,2.0,2.0,2.0,2.0,500
2019-09-09 00:00:00+05:30,1.9,1.9,1.9,1.9,760
2019-09-19 00:00:00+05:30,1.9,1.9,1.9,1.9,3201
2019-09-20 00:00:00+05:30,1.9,1.9,1.9,1.9,200
2019-10-04 00:00:00+05:30,1.9,1.9,1.9,1.9,1
2019-10-11 00:00:00+05:30,1.9,1.9,1.9,1.9,141
2019-10-14 00:00:00+05:30,1.99,1.99,1.99,1.99,1000
2019-10-16 00:00:00+05:30,1.99,2.08,1.99,2.0,600
2019-10-17 00:00:00+05:30,2.05,2.05,2.0,2.05,906
2020-01-15 00:00:00+05:30,10.0,10.0,9.5,9.5,1489
2020-01-16 00:00:00+05:30,9.5,9.5,9.5,9.5,362
2020-01-21 00:00:00+05:30,9.5,9.5,9.5,9.5,1000
2020-01-23 00:00:00+05:30,9.45,9.45,9.45,9.45,1
2020-01-24 00:00:00+05:30,9.45,9.45,9.45,9.45,1
2020-01-30 00:00:00+05:30,9.63,9.63,9.63,9.63,6496
2020-01-31 00:00:00+05:30,9.63,9.8,9.63,9.8,900
2020-02-07 00:00:00+05:30,9.8,9.8,9.8,9.8,35
2020-02-14 00:00:00+05:30,9.8,9.8,9.8,9.8,1
2020-03-11 00:00:00+05:30,9.61,9.61,9.61,9.61,3
2020-03-13 00:00:00+05:30,9.42,9.42,9.42,9.42,35
2020-03-16 00:00:00+05:30,9.24,9.24,9.24,9.24,3
2020-03-31 00:00:00+05:30,9.06,9.06,9.06,9.06,5
2020-04-07 00:00:00+05:30,8.88,8.88,8.88,8.88,10
2020-04-15 00:00:00+05:30,8.44,8.44,8.44,8.44,3
2020-04-16 00:00:00+05:30,8.02,8.02,8.02,8.02,3
2020-04-17 00:00:00+05:30,7.62,7.62,7.62,7.62,111
2020-04-20 00:00:00+05:30,7.5,7.5,7.24,7.24,109
2020-04-23 00:00:00+05:30,6.88,7.24,6.88,7.24,20
2020-04-24 00:00:00+05:30,7.24,7.24,7.24,7.24,1
2020-05-04 00:00:00+05:30,7.0,7.24,7.0,7.24,419
2020-05-18 00:00:00+05:30,7.24,7.24,7.24,7.24,2
2020-06-01 00:00:00+05:30,7.0,7.0,7.0,7.0,15
2020-06-22 00:00:00+05:30,7.0,7.0,7.0,7.0,1
2020-07-01 00:00:00+05:30,6.9,6.9,6.9,6.9,1
2020-07-02 00:00:00+05:30,6.65,6.65,6.65,6.65,10
2020-07-07 00:00:00+05:30,6.35,6.35,6.32,6.32,181
2020-07-09 00:00:00+05:30,6.01,6.01,6.01,6.01,51
2020-07-10 00:00:00+05:30,5.71,6.3,5.71,6.0,215
2020-07-13 00:00:00+05:30,6.3,6.3,6.2,6.25,51
2020-07-15 00:00:00+05:30,6.0,6.0,6.0,6.0,100
2020-07-16 00:00:00+05:30,5.9,5.9,5.9,5.9,80
2020-07-17 00:00:00+05:30,5.61,5.61,5.61,5.61,1
2020-07-20 00:00:00+05:30,5.8,5.8,5.8,5.8,1
2020-07-21 00:00:00+05:30,5.51,5.51,5.51,5.51,100
2020-07-22 00:00:00+05:30,5.3,5.3,5.3,5.3,50
2020-07-23 00:00:00+05:30,5.05,5.05,5.05,5.05,67
2020-07-24 00:00:00+05:30,4.8,5.3,4.8,5.3,1803
2020-07-27 00:00:00+05:30,5.3,5.3,5.3,5.3,267
2020-08-04 00:00:00+05:30,5.3,5.3,5.3,5.3,6
2020-08-07 00:00:00+05:30,5.3,5.3,5.3,5.3,119
2020-08-11 00:00:00+05:30,5.3,5.3,5.3,5.3,5
2020-08-14 00:00:00+05:30,5.3,5.3,5.3,5.3,89
2020-08-17 00:00:00+05:30,5.25,5.25,5.25,5.25,5
2020-08-18 00:00:00+05:30,5.25,5.25,5.25,5.25,50
2020-08-19 00:00:00+05:30,5.25,5.25,4.99,4.99,22
2020-08-21 00:00:00+05:30,4.8,4.8,4.75,4.75,604
2020-08-24 00:00:00+05:30,4.75,4.75,4.6,4.6,232
2020-08-25 00:00:00+05:30,4.4,4.4,4.4,4.4,278
2020-08-27 00:00:00+05:30,4.4,4.4,4.4,4.4,100
2020-08-28 00:00:00+05:30,4.2,4.2,4.2,4.2,893
2020-08-31 00:00:00+05:30,4.0,4.0,4.0,4.0,100
2020-09-01 00:00:00+05:30,3.8,3.8,3.8,3.8,120
2020-09-03 00:00:00+05:30,3.65,3.99,3.61,3.99,450
2020-09-04 00:00:00+05:30,3.8,3.8,3.8,3.8,100
2020-09-08 00:00:00+05:30,3.65,3.65,3.65,3.65,90
2020-09-09 00:00:00+05:30,3.5,3.5,3.5,3.5,80
2020-09-10 00:00:00+05:30,3.35,3.35,3.35,3.35,49
2020-09-14 00:00:00+05:30,3.2,3.3,3.2,3.3,120
2020-09-16 00:00:00+05:30,3.15,3.15,3.15,3.15,315
2020-09-17 00:00:00+05:30,3.15,3.15,3.15,3.15,4
2020-09-23 00:00:00+05:30,3.15,3.15,3.15,3.15,50
2020-09-24 00:00:00+05:30,3.15,3.15,3.15,3.15,11
2020-09-25 00:00:00+05:30,3.15,3.15,3.15,3.15,902
2020-10-01 00:00:00+05:30,3.3,3.3,3.0,3.0,1710
2020-10-05 00:00:00+05:30,3.0,3.0,2.85,2.85,1890
2020-10-07 00:00:00+05:30,2.99,2.99,2.99,2.99,200
2020-10-12 00:00:00+05:30,3.0,3.0,3.0,3.0,60
2020-10-14 00:00:00+05:30,3.15,3.15,2.85,2.85,375
2020-10-15 00:00:00+05:30,2.99,2.99,2.99,2.99,150
2020-10-19 00:00:00+05:30,3.0,3.0,3.0,3.0,342
2020-10-20 00:00:00+05:30,3.0,3.0,2.9,2.9,150
2020-10-23 00:00:00+05:30,3.04,3.04,3.04,3.04,3197
2020-11-03 00:00:00+05:30,2.95,2.95,2.91,2.91,616
2020-11-09 00:00:00+05:30,3.05,3.05,2.95,2.95,120
2020-11-10 00:00:00+05:30,2.85,2.85,2.85,2.85,544
2020-11-11 00:00:00+05:30,2.76,2.76,2.76,2.76,1591
2020-11-12 00:00:00+05:30,2.85,2.85,2.85,2.85,299
2020-11-13 00:00:00+05:30,2.71,2.71,2.71,2.71,10
2020-11-17 00:00:00+05:30,2.71,2.78,2.71,2.76,4538
2020-11-18 00:00:00+05:30,2.89,2.89,2.89,2.89,15
2020-11-20 00:00:00+05:30,3.03,3.03,3.03,3.03,266
2020-11-23 00:00:00+05:30,3.03,3.18,3.03,3.18,131
2020-11-24 00:00:00+05:30,3.2,3.2,3.2,3.2,90
2020-12-01 00:00:00+05:30,3.04,3.36,3.04,3.36,207
2020-12-02 00:00:00+05:30,3.33,3.33,3.33,3.33,900
2020-12-07 00:00:00+05:30,3.49,3.49,3.49,3.49,1290
2020-12-09 00:00:00+05:30,3.49,3.49,3.49,3.49,500
2020-12-11 00:00:00+05:30,3.66,3.66,3.65,3.66,2605
2020-12-14 00:00:00+05:30,3.8,3.8,3.48,3.48,7530
2020-12-16 00:00:00+05:30,3.35,3.35,3.35,3.35,90
2020-12-17 00:00:00+05:30,3.51,3.51,3.51,3.51,43
2020-12-23 00:00:00+05:30,3.56,3.56,3.56,3.56,45
2020-12-28 00:00:00+05:30,3.56,3.56,3.56,3.56,500
2020-12-31 00:00:00+05:30,3.39,3.39,3.39,3.39,745
2021-01-01 00:00:00+05:30,3.23,3.55,3.23,3.55,305
2021-01-04 00:00:00+05:30,3.72,3.72,3.72,3.72,653
2021-01-07 00:00:00+05:30,3.9,3.9,3.9,3.9,900
2021-01-08 00:00:00+05:30,4.09,4.09,4.09,4.09,165
2021-01-11 00:00:00+05:30,4.2,4.29,4.1,4.29,630
2021-01-13 00:00:00+05:30,4.26,4.27,4.26,4.27,150
2021-01-15 00:00:00+05:30,4.27,4.27,4.27,4.27,46
2021-01-18 00:00:00+05:30,4.27,4.27,4.27,4.27,125
2021-01-20 00:00:00+05:30,4.3,4.3,4.3,4.3,1
2021-01-21 00:00:00+05:30,4.3,4.51,4.3,4.51,21
2021-01-22 00:00:00+05:30,4.51,4.73,4.51,4.51,1860
2021-01-25 00:00:00+05:30,4.73,4.73,4.73,4.73,1000
2021-01-27 00:00:00+05:30,4.73,4.73,4.51,4.51,1659
2021-01-28 00:00:00+05:30,4.51,4.51,4.5,4.5,245
2021-02-02 00:00:00+05:30,4.28,4.28,4.28,4.28,37
2021-02-08 00:00:00+05:30,4.49,4.49,4.49,4.49,435
2021-02-10 00:00:00+05:30,4.71,4.71,4.71,4.71,150
2021-02-11 00:00:00+05:30,4.71,4.94,4.71,4.94,5607
2021-02-12 00:00:00+05:30,5.18,5.18,5.18,5.18,500
2021-02-15 00:00:00+05:30,5.43,5.43,5.43,5.43,3385
2021-02-16 00:00:00+05:30,5.7,5.7,5.7,5.7,179
2021-02-17 00:00:00+05:30,5.98,5.98,5.98,5.98,1572
2021-02-18 00:00:00+05:30,6.27,6.27,6.27,6.27,937
2021-02-19 00:00:00+05:30,6.58,6.58,6.58,6.58,216
2021-02-22 00:00:00+05:30,6.9,6.9,6.9,6.9,100
2021-02-23 00:00:00+05:30,7.24,7.24,7.24,7.24,31
2021-02-24 00:00:00+05:30,7.6,7.6,7.6,7.6,1740
2021-02-25 00:00:00+05:30,7.98,7.98,7.75,7.98,2915
2021-02-26 00:00:00+05:30,8.13,8.13,8.13,8.13,4560
2021-03-01 00:00:00+05:30,8.29,8.29,8.29,8.29,417
2021-03-02 00:00:00+05:30,8.45,8.45,8.29,8.33,7330
2021-03-03 00:00:00+05:30,8.33,8.49,8.33,8.49,664
2021-03-04 00:00:00+05:30,8.65,8.65,8.65,8.65,105
2021-03-05 00:00:00+05:30,8.82,8.82,8.82,8.82,608
2021-03-08 00:00:00+05:30,8.99,8.99,8.7,8.7,1451
2021-03-09 00:00:00+05:30,8.87,8.87,8.53,8.53,1683
2021-03-10 00:00:00+05:30,8.36,8.36,8.36,8.36,645
2021-03-12 00:00:00+05:30,8.5,8.5,8.5,8.5,383
2021-03-15 00:00:00+05:30,8.5,8.5,8.5,8.5,201
2021-03-17 00:00:00+05:30,8.5,8.5,8.45,8.45,6
2021-03-18 00:00:00+05:30,8.61,8.61,8.29,8.29,1899
2021-03-19 00:00:00+05:30,8.13,8.13,8.13,8.13,3500
2021-03-22 00:00:00+05:30,8.29,8.29,8.29,8.29,99
2021-03-23 00:00:00+05:30,8.45,8.45,8.29,8.29,694
2021-03-30 00:00:00+05:30,8.29,8.29,8.29,8.29,10
2021-04-05 00:00:00+05:30,8.29,8.29,8.13,8.13,16
2021-04-06 00:00:00+05:30,8.29,8.29,7.97,7.97,11167
2021-04-07 00:00:00+05:30,7.83,8.12,7.83,8.12,2449
2021-04-08 00:00:00+05:30,8.12,8.52,7.72,8.52,125
2021-04-09 00:00:00+05:30,8.94,8.94,8.94,8.94,336
2021-04-12 00:00:00+05:30,9.38,9.38,9.38,9.38,550
2021-04-13 00:00:00+05:30,9.84,9.84,9.84,9.84,2048
2021-04-15 00:00:00+05:30,10.33,10.33,10.33,10.33,3700
2021-04-16 00:00:00+05:30,10.55,10.84,9.82,10.84,222
2021-04-19 00:00:00+05:30,10.84,11.38,10.3,11.38,1407
2021-04-20 00:00:00+05:30,11.38,11.94,11.38,11.94,1388
2021-04-22 00:00:00+05:30,12.2,12.53,12.0,12.53,800
2021-04-23 00:00:00+05:30,13.15,13.15,13.15,13.15,292
2021-04-26 00:00:00+05:30,13.8,13.8,13.8,13.8,100
2021-04-27 00:00:00+05:30,14.49,14.49,14.49,14.49,1218
2021-04-28 00:00:00+05:30,15.21,15.21,14.49,15.21,5900
2021-04-29 00:00:00+05:30,15.51,15.51,15.1,15.51,14537
2021-04-30 00:00:00+05:30,15.82,15.82,15.82,15.82,462
2021-05-03 00:00:00+05:30,16.1,16.1,16.1,16.1,2171
2021-05-04 00:00:00+05:30,16.4,16.4,16.4,16.4,600
2021-05-05 00:00:00+05:30,16.7,16.7,16.45,16.55,8144
2021-05-06 00:00:00+05:30,16.6,16.85,16.6,16.85,2700
2021-05-07 00:00:00+05:30,17.15,17.15,17.15,17.15,1601
2021-05-10 00:00:00+05:30,17.15,17.45,17.15,17.45,1029
2021-05-11 00:00:00+05:30,17.75,17.75,17.75,17.75,560
2021-05-12 00:00:00+05:30,17.4,18.1,17.4,18.1,4802
2021-05-14 00:00:00+05:30,18.2,18.45,18.2,18.45,6150
2021-05-17 00:00:00+05:30,18.8,18.8,18.45,18.8,2833
2021-05-18 00:00:00+05:30,19.15,19.15,19.15,19.15,4366
2021-05-19 00:00:00+05:30,19.5,19.5,19.5,19.5,415
2021-05-20 00:00:00+05:30,19.85,19.85,19.85,19.85,1684
2021-05-21 00:00:00+05:30,20.2,20.2,20.2,20.2,10023
2021-05-24 00:00:00+05:30,20.6,20.6,20.6,20.6,352
2021-05-25 00:00:00+05:30,21.0,21.0,20.2,20.4,3723
2021-05-26 00:00:00+05:30,20.4,20.4,20.0,20.0,477
2021-05-27 00:00:00+05:30,19.6,19.6,19.6,19.6,25
2021-05-28 00:00:00+05:30,19.25,19.25,19.25,19.25,275
2021-05-31 00:00:00+05:30,18.9,18.9,18.9,18.9,10
2021-06-01 00:00:00+05:30,18.55,18.55,18.55,18.55,206
2021-06-02 00:00:00+05:30,18.2,18.2,18.2,18.2,352
2021-06-03 00:00:00+05:30,17.85,17.85,17.85,17.85,251
2021-06-04 00:00:00+05:30,17.5,17.5,17.5,17.5,10
2021-06-07 00:00:00+05:30,16.65,16.65,16.65,16.65,1902
2021-06-08 00:00:00+05:30,15.85,15.85,15.85,15.85,731
2021-06-09 00:00:00+05:30,15.1,15.1,15.1,15.1,1589
2021-06-10 00:00:00+05:30,14.35,14.35,14.35,14.35,2268
2021-06-11 00:00:00+05:30,14.0,14.0,13.65,13.65,3966
2021-06-14 00:00:00+05:30,13.95,14.3,13.0,14.3,6037
2021-06-15 00:00:00+05:30,14.3,14.3,13.6,13.6,1588
2021-06-16 00:00:00+05:30,14.1,14.1,12.95,14.1,2265
2021-06-17 00:00:00+05:30,14.4,14.75,14.4,14.4,1965
2021-06-18 00:00:00+05:30,15.1,15.1,13.7,14.0,1747
2021-06-21 00:00:00+05:30,14.0,14.0,13.3,13.3,1842
2021-06-22 00:00:00+05:30,13.5,13.5,13.3,13.5,824
2021-06-23 00:00:00+05:30,13.5,13.5,13.45,13.45,1030
2021-06-24 00:00:00+05:30,13.45,13.45,12.8,13.1,2814
2021-06-25 00:00:00+05:30,13.1,13.2,13.1,13.2,570
2021-06-28 00:00:00+05:30,13.85,13.85,12.55,13.2,375
2021-06-29 00:00:00+05:30,13.5,13.5,12.55,13.1,1073
2021-06-30 00:00:00+05:30,12.65,13.75,12.55,13.75,601
2021-07-01 00:00:00+05:30,14.43,14.43,14.43,14.43,829
2021-07-02 00:00:00+05:30,15.0,15.1,13.71,15.0,1541
2021-07-05 00:00:00+05:30,15.3,15.75,15.0,15.75,4440
2021-07-06 00:00:00+05:30,16.53,16.53,16.53,16.53,2065
2021-07-07 00:00:00+05:30,17.35,17.35,15.71,16.53,6934
2021-07-08 00:00:00+05:30,16.5,16.5,16.0,16.04,3908
2021-07-09 00:00:00+05:30,16.25,16.25,16.2,16.2,213
2021-07-12 00:00:00+05:30,16.2,16.2,15.95,15.95,570
2021-07-13 00:00:00+05:30,16.0,16.0,15.16,15.16,2658
2021-07-14 00:00:00+05:30,14.41,15.4,14.41,15.39,1613
2021-07-15 00:00:00+05:30,15.1,16.15,14.63,16.15,2977
2021-07-16 00:00:00+05:30,15.35,15.35,15.35,15.35,1106
2021-07-19 00:00:00+05:30,15.7,16.11,14.6,14.69,1149
2021-07-20 00:00:00+05:30,14.4,15.42,14.4,15.0,3970
2021-07-22 00:00:00+05:30,15.0,15.0,15.0,15.0,1087
2021-07-23 00:00:00+05:30,14.9,14.9,14.9,14.9,1162
2021-07-26 00:00:00+05:30,15.2,15.64,15.2,15.2,570
2021-07-27 00:00:00+05:30,15.2,15.96,14.44,15.96,4213
2021-07-28 00:00:00+05:30,16.75,16.75,16.5,16.75,6167
2021-07-29 00:00:00+05:30,17.58,17.58,17.0,17.58,8160
2021-07-30 00:00:00+05:30,18.05,18.45,17.62,17.71,4592
2021-08-02 00:00:00+05:30,18.1,18.55,18.1,18.55,8241
2021-08-03 00:00:00+05:30,19.45,19.45,18.95,19.45,12591
2021-08-04 00:00:00+05:30,20.4,20.4,18.5,18.6,20584
2021-08-05 00:00:00+05:30,18.0,18.0,17.7,17.7,2067
2021-08-06 00:00:00+05:30,18.05,18.05,16.85,16.85,2236
2021-08-09 00:00:00+05:30,16.85,17.65,16.05,16.05,4015
2021-08-10 00:00:00+05:30,15.25,16.75,15.25,15.25,11541
2021-08-11 00:00:00+05:30,15.6,15.6,14.5,14.5,1259
2021-08-12 00:00:00+05:30,14.25,15.2,13.8,15.1,9116
2021-08-13 00:00:00+05:30,15.25,15.25,14.35,14.35,6079
2021-08-16 00:00:00+05:30,14.65,14.65,13.65,13.7,1596
2021-08-17 00:00:00+05:30,14.0,14.0,13.05,13.05,2781
2021-08-18 00:00:00+05:30,13.05,13.05,12.4,12.4,1582
2021-08-20 00:00:00+05:30,12.0,12.4,11.8,12.0,4646
2021-08-23 00:00:00+05:30,12.0,12.6,11.4,12.6,52464
2021-08-24 00:00:00+05:30,13.2,13.2,12.0,13.0,12021
2021-08-25 00:00:00+05:30,13.65,13.65,12.5,13.6,28769
2021-08-26 00:00:00+05:30,14.25,14.25,14.25,14.25,11855
2021-08-27 00:00:00+05:30,14.95,14.95,14.55,14.95,1067
2021-08-30 00:00:00+05:30,15.65,15.65,15.65,15.65,2852
2021-08-31 00:00:00+05:30,16.4,16.4,16.4,16.4,3938
2021-09-01 00:00:00+05:30,17.2,17.2,15.7,17.2,11216
2021-09-02 00:00:00+05:30,16.9,18.05,16.9,17.35,8391
2021-09-03 00:00:00+05:30,17.7,17.7,16.5,16.5,4123
2021-09-06 00:00:00+05:30,17.25,17.25,15.7,15.7,3165
2021-09-07 00:00:00+05:30,15.9,16.45,14.95,16.45,7460
2021-09-08 00:00:00+05:30,16.4,17.25,16.0,17.0,2620
2021-09-09 00:00:00+05:30,17.55,17.8,16.9,16.9,2626
2021-09-13 00:00:00+05:30,16.9,17.5,16.1,17.5,2835
2021-09-14 00:00:00+05:30,17.6,17.6,16.75,16.85,1411
2021-09-15 00:00:00+05:30,16.05,17.65,16.05,16.2,16240
2021-09-16 00:00:00+05:30,16.55,17.0,15.9,16.0,4595
2021-09-17 00:00:00+05:30,16.8,16.8,16.0,16.0,1950
2021-09-20 00:00:00+05:30,16.75,16.8,15.2,16.35,3362
2021-09-21 00:00:00+05:30,16.7,16.7,15.55,15.6,1226
2021-09-22 00:00:00+05:30,15.65,16.35,15.65,16.05,5840
2021-09-23 00:00:00+05:30,15.3,16.85,15.3,16.8,17476
2021-09-24 00:00:00+05:30,16.55,17.6,16.0,17.45,9634
2021-09-27 00:00:00+05:30,17.6,18.3,16.6,17.05,6664
2021-09-28 00:00:00+05:30,17.9,17.9,17.5,17.9,959
2021-09-29 00:00:00+05:30,17.95,18.75,17.9,18.75,6589
2021-09-30 00:00:00+05:30,19.65,19.65,19.65,19.65,881
2021-10-01 00:00:00+05:30,20.6,20.6,18.7,20.5,9049
2021-10-04 00:00:00+05:30,20.5,21.5,19.5,21.15,6981
2021-10-05 00:00:00+05:30,22.2,22.2,21.75,22.2,2980
2021-10-06 00:00:00+05:30,21.8,23.3,21.1,21.1,4447
2021-10-07 00:00:00+05:30,22.0,22.15,22.0,22.0,2496
2021-10-08 00:00:00+05:30,22.45,23.1,22.0,23.1,4442
2021-10-11 00:00:00+05:30,23.1,24.25,23.1,24.25,2654
2021-10-12 00:00:00+05:30,24.75,25.45,23.5,25.4,3350
2021-10-13 00:00:00+05:30,26.65,26.65,24.15,24.25,13415
2021-10-14 00:00:00+05:30,25.45,25.45,23.05,23.5,7135
2021-10-18 00:00:00+05:30,24.0,24.0,22.35,22.35,13163
2021-10-19 00:00:00+05:30,23.0,23.45,21.25,21.25,7146
2021-10-20 00:00:00+05:30,21.7,21.7,20.2,20.2,6054
2021-10-21 00:00:00+05:30,21.0,21.2,20.0,21.2,8077
2021-10-22 00:00:00+05:30,22.25,22.25,20.15,22.15,13490
2021-10-25 00:00:00+05:30,22.15,22.15,21.05,21.05,4218
2021-10-26 00:00:00+05:30,20.65,22.1,20.0,20.1,3305
2021-10-27 00:00:00+05:30,20.2,21.1,20.2,20.3,796
2021-10-28 00:00:00+05:30,20.75,21.3,20.3,21.0,802
2021-10-29 00:00:00+05:30,21.45,22.05,20.35,21.6,3593
2021-11-01 00:00:00+05:30,22.05,22.05,21.6,22.05,490
2021-11-02 00:00:00+05:30,22.65,22.65,20.95,22.0,563
2021-11-03 00:00:00+05:30,22.0,23.0,20.9,22.65,4424
2021-11-04 00:00:00+05:30,22.45,22.45,21.55,21.6,248
2021-11-08 00:00:00+05:30,22.05,22.65,21.0,21.4,2783
2021-11-09 00:00:00+05:30,21.85,22.45,20.35,22.45,3069
2021-11-10 00:00:00+05:30,22.45,22.45,21.35,21.35,833
2021-11-11 00:00:00+05:30,20.3,21.95,20.3,21.05,1751
2021-11-12 00:00:00+05:30,21.05,22.1,20.3,21.25,3127
2021-11-15 00:00:00+05:30,21.7,22.3,20.2,20.65,1245
2021-11-16 00:00:00+05:30,20.65,20.65,19.65,19.65,721
2021-11-17 00:00:00+05:30,19.65,20.6,19.65,20.6,5003
2021-11-18 00:00:00+05:30,21.2,21.6,19.6,21.5,4441
2021-11-22 00:00:00+05:30,21.95,21.95,21.0,21.0,273
2021-11-23 00:00:00+05:30,21.45,21.45,19.95,20.1,1965
2021-11-24 00:00:00+05:30,20.6,20.6,19.1,19.8,8303
2021-11-25 00:00:00+05:30,19.95,20.75,19.0,19.3,5915
2021-11-26 00:00:00+05:30,20.25,20.25,19.25,20.25,3909
2021-11-29 00:00:00+05:30,19.85,20.25,19.25,19.25,655
2021-11-30 00:00:00+05:30,20.2,20.2,18.3,20.2,2130
2021-12-01 00:00:00+05:30,20.2,21.2,19.2,19.35,4415
2021-12-02 00:00:00+05:30,19.75,20.3,18.45,19.6,13081
2021-12-03 00:00:00+05:30,19.25,20.5,18.65,19.1,10915
2021-12-06 00:00:00+05:30,19.5,19.55,19.5,19.5,410
2021-12-07 00:00:00+05:30,19.15,20.45,19.15,20.4,1342
2021-12-08 00:00:00+05:30,20.85,20.85,19.4,19.4,1033
2021-12-09 00:00:00+05:30,19.8,20.35,19.5,20.0,2748
2021-12-10 00:00:00+05:30,20.35,21.0,19.0,21.0,8901
2021-12-13 00:00:00+05:30,21.0,22.05,19.95,21.15,3208
2021-12-14 00:00:00+05:30,22.1,22.2,20.1,22.2,1181
2021-12-15 00:00:00+05:30,22.2,23.2,22.2,22.2,3863
2021-12-16 00:00:00+05:30,22.2,22.2,21.1,21.1,456
2021-12-17 00:00:00+05:30,21.55,22.0,20.05,21.5,1454
2021-12-20 00:00:00+05:30,21.95,21.95,20.45,20.45,2251
2021-12-21 00:00:00+05:30,20.45,21.4,20.45,21.4,659
2021-12-22 00:00:00+05:30,21.0,21.4,21.0,21.05,178
2021-12-23 00:00:00+05:30,21.05,22.1,20.0,20.1,3622
2021-12-24 00:00:00+05:30,20.1,20.1,19.1,19.4,2853
2021-12-27 00:00:00+05:30,19.8,20.35,18.45,20.35,499
2021-12-28 00:00:00+05:30,21.35,21.35,20.0,20.0,5281
2021-12-29 00:00:00+05:30,20.0,20.9,19.0,19.85,1978
2021-12-30 00:00:00+05:30,19.85,19.85,19.1,19.85,192
2021-12-31 00:00:00+05:30,20.25,20.7,19.85,20.7,3203
2022-01-03 00:00:00+05:30,21.15,21.7,21.15,21.7,6381
2022-01-04 00:00:00+05:30,22.75,22.75,20.65,21.0,5237
2022-01-05 00:00:00+05:30,21.0,22.05,20.0,20.9,1266
2022-01-06 00:00:00+05:30,21.35,21.9,19.9,21.8,3177
2022-01-07 00:00:00+05:30,22.85,22.85,20.75,22.65,5661
2022-01-10 00:00:00+05:30,22.65,23.75,21.55,21.85,5166
2022-01-11 00:00:00+05:30,22.9,22.9,20.8,20.8,6340
2022-01-12 00:00:00+05:30,21.25,21.8,21.25,21.8,1844
2022-01-13 00:00:00+05:30,22.45,22.85,20.75,21.55,10525
2022-01-14 00:00:00+05:30,21.15,22.6,21.15,21.2,4290
2022-01-17 00:00:00+05:30,22.25,22.25,20.15,22.1,6082
2022-01-18 00:00:00+05:30,22.1,22.5,21.0,21.65,9926
2022-01-19 00:00:00+05:30,21.5,21.9,20.6,20.6,6276
2022-01-20 00:00:00+05:30,21.05,21.6,19.6,21.4,2755
2022-01-21 00:00:00+05:30,22.0,22.0,20.35,20.65,1641
2022-01-24 00:00:00+05:30,21.0,21.65,19.65,21.35,4707
2022-01-25 00:00:00+05:30,20.95,20.95,20.35,20.35,868
2022-01-27 00:00:00+05:30,20.35,20.35,19.35,19.35,5242
2022-01-28 00:00:00+05:30,18.4,20.2,18.4,19.4,13506
2022-01-31 00:00:00+05:30,20.3,20.3,18.45,20.0,4518
2022-02-01 00:00:00+05:30,20.95,21.0,19.05,19.5,8497
2022-02-02 00:00:00+05:30,20.45,20.45,19.5,20.0,542
2022-02-03 00:00:00+05:30,20.0,21.0,19.1,19.5,1186
2022-02-04 00:00:00+05:30,20.35,20.45,19.0,20.35,1946
2022-02-07 00:00:00+05:30,21.35,21.35,19.35,19.4,1289
2022-02-08 00:00:00+05:30,20.35,20.35,18.45,20.35,1894
2022-02-09 00:00:00+05:30,19.95,21.25,19.35,21.15,594
2022-02-10 00:00:00+05:30,21.6,22.2,20.1,20.2,3446
2022-02-11 00:00:00+05:30,21.2,21.2,19.2,20.0,258
2022-02-14 00:00:00+05:30,20.4,20.4,19.0,19.2,602
2022-02-15 00:00:00+05:30,18.25,20.15,18.25,19.2,947
2022-02-16 00:00:00+05:30,20.15,20.15,19.6,20.15,2249
2022-02-17 00:00:00+05:30,21.15,21.15,19.15,20.85,2164
2022-02-18 00:00:00+05:30,21.0,21.0,19.85,20.8,672
2022-02-21 00:00:00+05:30,20.85,20.85,19.8,20.75,470
2022-02-22 00:00:00+05:30,21.2,21.2,20.25,20.25,35
2022-02-23 00:00:00+05:30,19.25,19.25,19.25,19.25,409
2022-02-24 00:00:00+05:30,19.25,19.25,18.3,18.3,1485
2022-02-25 00:00:00+05:30,18.3,19.2,18.3,18.35,1369
2022-02-28 00:00:00+05:30,18.75,19.25,18.5,19.25,817
2022-03-02 00:00:00+05:30,19.2,19.2,18.5,18.5,731
2022-03-03 00:00:00+05:30,18.15,19.3,18.15,19.25,1655
2022-03-04 00:00:00+05:30,19.65,20.2,18.3,18.3,7531
2022-03-07 00:00:00+05:30,18.7,19.2,18.7,19.2,5212
2022-03-08 00:00:00+05:30,20.1,20.1,18.25,19.5,1443
2022-03-09 00:00:00+05:30,20.4,20.4,18.6,20.2,1216
2022-03-10 00:00:00+05:30,20.6,21.0,19.2,21.0,1713
2022-03-11 00:00:00+05:30,21.45,21.45,19.95,20.55,1040
2022-03-14 00:00:00+05:30,20.15,20.15,20.0,20.0,655
2022-03-15 00:00:00+05:30,19.0,21.0,19.0,20.4,2130
2022-03-16 00:00:00+05:30,19.4,20.0,19.4,19.45,1626
2022-03-17 00:00:00+05:30,19.1,20.4,18.5,20.4,10829
2022-03-21 00:00:00+05:30,20.0,20.0,19.4,19.4,240
2022-03-22 00:00:00+05:30,19.0,19.0,18.45,18.5,468
2022-03-23 00:00:00+05:30,18.9,19.4,18.9,18.9,1743
2022-03-24 00:00:00+05:30,19.8,19.8,18.7,19.1,277
2022-03-25 00:00:00+05:30,20.05,20.05,18.2,18.2,759
2022-03-28 00:00:00+05:30,17.4,19.05,17.3,17.3,3950
2022-03-29 00:00:00+05:30,17.3,18.15,16.45,18.15,1317
2022-03-30 00:00:00+05:30,17.8,19.0,17.8,18.95,2812
2022-03-31 00:00:00+05:30,19.85,19.85,18.05,18.05,1763
2022-04-01 00:00:00+05:30,18.5,18.95,18.5,18.5,1097
2022-04-04 00:00:00+05:30,18.7,18.9,17.65,18.7,1268
2022-04-05 00:00:00+05:30,18.7,19.4,17.85,18.6,1715
2022-04-06 00:00:00+05:30,17.7,19.5,17.7,19.5,6493
2022-04-07 00:00:00+05:30,19.9,20.45,18.7,20.4,706
2022-04-08 00:00:00+05:30,20.2,20.2,20.1,20.1,13
2022-04-11 00:00:00+05:30,20.1,20.1,19.1,19.15,1127
2022-04-12 00:00:00+05:30,19.15,19.5,18.25,19.0,877
2022-04-13 00:00:00+05:30,19.4,19.4,18.1,18.2,1625
2022-04-18 00:00:00+05:30,18.6,19.0,18.0,19.0,881
2022-04-19 00:00:00+05:30,19.4,19.9,18.2,19.85,1714
2022-04-20 00:00:00+05:30,19.85,20.65,18.9,18.9,2763
2022-04-21 00:00:00+05:30,18.9,19.8,18.9,19.8,363
2022-04-22 00:00:00+05:30,19.8,19.8,18.9,19.75,851
2022-04-25 00:00:00+05:30,18.9,18.9,18.9,18.9,508
2022-04-26 00:00:00+05:30,18.05,19.7,18.05,19.5,1178
2022-04-27 00:00:00+05:30,19.0,20.25,18.6,18.7,3129
2022-04-28 00:00:00+05:30,17.85,19.6,17.85,18.15,6230
2022-04-29 00:00:00+05:30,18.15,19.05,18.15,19.05,1901
2022-05-02 00:00:00+05:30,18.7,20.0,18.2,20.0,14856
2022-05-04 00:00:00+05:30,20.95,21.0,20.95,21.0,8392
2022-05-05 00:00:00+05:30,22.0,22.05,20.0,21.75,5319
2022-05-06 00:00:00+05:30,22.2,22.8,20.7,20.8,10372
2022-05-09 00:00:00+05:30,21.25,21.75,19.8,21.75,758
2022-05-10 00:00:00+05:30,22.2,22.8,20.75,20.95,7790
2022-05-11 00:00:00+05:30,20.95,21.95,20.55,20.6,4339
2022-05-12 00:00:00+05:30,20.6,21.6,19.65,19.65,2094
2022-05-13 00:00:00+05:30,20.6,20.6,20.6,20.6,824
2022-05-16 00:00:00+05:30,21.05,21.05,20.1,20.1,1200
2022-05-17 00:00:00+05:30,19.55,21.0,19.55,19.65,1547
2022-05-18 00:00:00+05:30,20.6,20.6,20.6,20.6,150
2022-05-19 00:00:00+05:30,20.6,21.6,20.6,20.6,1396
2022-05-20 00:00:00+05:30,19.6,19.65,19.6,19.65,1082
2022-05-23 00:00:00+05:30,20.6,20.6,20.6,20.6,1383
2022-05-24 00:00:00+05:30,21.6,21.6,20.85,21.6,2644
2022-05-25 00:00:00+05:30,20.55,22.65,20.55,22.6,2498
2022-05-26 00:00:00+05:30,23.7,23.7,22.6,22.6,3643
2022-05-27 00:00:00+05:30,23.7,23.7,21.6,21.7,11044
2022-05-30 00:00:00+05:30,21.3,21.9,21.0,21.9,1098
2022-05-31 00:00:00+05:30,21.7,21.8,21.7,21.8,124
2022-06-01 00:00:00+05:30,21.8,22.85,20.8,22.85,1008
2022-06-02 00:00:00+05:30,21.8,23.95,21.8,21.8,206
2022-06-03 00:00:00+05:30,21.85,22.85,21.85,22.85,188
2022-06-06 00:00:00+05:30,22.85,22.85,21.8,22.85,1725
2022-06-07 00:00:00+05:30,22.85,23.9,21.9,23.9,131
2022-06-08 00:00:00+05:30,23.9,23.9,22.75,23.9,172
2022-06-09 00:00:00+05:30,25.0,25.0,22.75,24.9,1242
2022-06-10 00:00:00+05:30,24.9,26.1,24.4,26.1,2368
2022-06-13 00:00:00+05:30,26.65,26.8,24.8,24.8,430
2022-06-14 00:00:00+05:30,26.0,26.0,23.6,26.0,648
2022-06-15 00:00:00+05:30,26.0,27.3,24.7,27.25,1445
2022-06-16 00:00:00+05:30,27.3,27.3,25.9,25.9,238
2022-06-17 00:00:00+05:30,25.9,25.9,24.65,24.65,484
2022-06-20 00:00:00+05:30,25.15,25.8,23.45,25.8,314
2022-06-21 00:00:00+05:30,25.8,25.8,24.55,24.55,1101
2022-06-22 00:00:00+05:30,25.75,25.75,23.35,23.35,218
2022-06-23 00:00:00+05:30,23.35,24.5,23.35,23.35,135
2022-06-24 00:00:00+05:30,23.85,23.85,22.2,23.85,423
2022-06-27 00:00:00+05:30,24.35,24.35,22.7,23.55,168
2022-06-28 00:00:00+05:30,24.7,24.7,22.5,24.7,43
2022-06-29 00:00:00+05:30,25.2,25.9,23.5,23.5,374
2022-06-30 00:00:00+05:30,24.6,24.6,22.4,24.6,526
2022-07-01 00:00:00+05:30,25.8,25.8,23.4,23.4,465
2022-07-04 00:00:00+05:30,22.4,23.0,22.4,23.0,8
2022-07-05 00:00:00+05:30,23.5,23.5,21.9,23.5,47
2022-07-06 00:00:00+05:30,22.35,24.65,22.35,24.65,587
2022-07-07 00:00:00+05:30,25.6,25.8,23.45,25.8,1945
2022-07-08 00:00:00+05:30,25.3,25.3,24.55,24.55,47
2022-07-11 00:00:00+05:30,24.55,24.55,23.35,24.55,32
2022-07-12 00:00:00+05:30,25.65,25.65,23.35,23.35,75
2022-07-13 00:00:00+05:30,23.35,23.9,22.2,23.9,370
2022-07-14 00:00:00+05:30,22.75,22.8,22.75,22.75,111
2022-07-15 00:00:00+05:30,22.0,23.8,21.65,21.7,194
2022-07-19 00:00:00+05:30,21.65,22.7,20.7,22.7,148
2022-07-20 00:00:00+05:30,21.6,23.7,21.6,23.7,785
2022-07-21 00:00:00+05:30,22.8,24.7,22.8,24.7,1023
2022-07-22 00:00:00+05:30,24.7,25.9,23.5,25.9,2739
2022-07-25 00:00:00+05:30,25.9,26.9,24.7,24.7,1187
2022-07-26 00:00:00+05:30,24.7,25.75,23.5,25.65,1238
2022-07-27 00:00:00+05:30,26.9,26.9,24.4,24.4,425
2022-07-28 00:00:00+05:30,23.3,25.4,23.2,23.2,509
2022-07-29 00:00:00+05:30,23.2,24.35,22.25,24.35,1366
2022-08-01 00:00:00+05:30,24.35,24.35,23.15,23.15,1345
2022-08-02 00:00:00+05:30,23.2,23.2,23.2,23.2,5461
2022-08-03 00:00:00+05:30,24.3,24.3,22.2,24.2,204
2022-08-04 00:00:00+05:30,24.2,24.2,23.0,24.2,380
2022-08-05 00:00:00+05:30,23.0,23.0,23.0,23.0,65
2022-08-08 00:00:00+05:30,24.15,24.15,22.45,22.5,176
2022-08-10 00:00:00+05:30,23.6,23.6,21.6,21.6,58
2022-08-11 00:00:00+05:30,21.2,22.65,21.2,21.2,458
2022-08-12 00:00:00+05:30,21.0,22.2,21.0,21.0,332
2022-08-16 00:00:00+05:30,19.95,22.05,19.95,22.05,623
2022-08-17 00:00:00+05:30,23.1,23.1,21.0,21.0,253
2022-08-18 00:00:00+05:30,20.2,21.9,19.95,20.05,427
2022-08-19 00:00:00+05:30,19.05,21.05,19.05,19.2,375
2022-08-22 00:00:00+05:30,20.0,20.15,19.5,19.6,302
2022-08-23 00:00:00+05:30,20.55,20.55,20.0,20.55,267
2022-08-24 00:00:00+05:30,19.55,21.55,19.55,21.0,95
2022-08-25 00:00:00+05:30,21.0,21.0,19.95,20.5,634
2022-08-26 00:00:00+05:30,19.55,20.5,19.55,20.5,87
2022-08-30 00:00:00+05:30,19.5,20.5,19.5,20.45,573
2022-09-01 00:00:00+05:30,19.5,21.3,19.5,19.6,1713
2022-09-02 00:00:00+05:30,18.65,20.4,18.65,20.4,901
2022-09-05 00:00:00+05:30,21.3,21.4,19.45,21.4,1440
2022-09-06 00:00:00+05:30,21.4,21.4,20.35,21.35,766
2022-09-07 00:00:00+05:30,21.45,21.45,20.3,20.4,605
2022-09-08 00:00:00+05:30,20.4,21.4,20.4,20.45,127
2022-09-09 00:00:00+05:30,21.45,21.45,20.45,21.25,3229
2022-09-12 00:00:00+05:30,21.45,21.45,20.25,20.25,55
2022-09-13 00:00:00+05:30,19.85,21.25,19.4,19.65,1331
2022-09-14 00:00:00+05:30,19.65,20.6,19.65,20.6,17993
2022-09-15 00:00:00+05:30,21.05,21.05,21.05,21.05,47
2022-09-16 00:00:00+05:30,21.05,21.05,20.0,21.05,170
2022-09-19 00:00:00+05:30,20.65,22.0,20.65,21.95,3389
2022-09-20 00:00:00+05:30,21.95,23.0,21.1,23.0,3811
2022-09-21 00:00:00+05:30,22.0,23.5,21.85,23.45,167
2022-09-22 00:00:00+05:30,22.3,22.3,22.3,22.3,639
2022-09-23 00:00:00+05:30,21.55,21.55,21.2,21.5,668
2022-09-26 00:00:00+05:30,20.5,22.0,20.45,20.45,94
2022-09-27 00:00:00+05:30,21.45,21.45,21.4,21.4,1445
2022-09-28 00:00:00+05:30,21.4,22.45,20.4,22.45,679
2022-09-29 00:00:00+05:30,22.4,23.4,21.4,23.3,32
2022-09-30 00:00:00+05:30,22.15,23.3,22.15,22.15,66
2022-10-03 00:00:00+05:30,22.15,22.15,21.05,21.05,126
2022-10-04 00:00:00+05:30,21.5,22.1,20.0,21.7,639
2022-10-06 00:00:00+05:30,22.7,22.7,20.65,22.6,365
2022-10-07 00:00:00+05:30,21.5,22.5,21.5,22.5,204
2022-10-10 00:00:00+05:30,21.4,21.4,21.4,21.4,365
2022-10-11 00:00:00+05:30,21.4,22.45,21.4,22.4,3635
2022-10-12 00:00:00+05:30,22.4,22.4,21.3,21.3,271
2022-10-13 00:00:00+05:30,20.3,22.2,20.25,22.2,212
2022-10-14 00:00:00+05:30,23.3,23.3,21.1,21.1,1035
2022-10-17 00:00:00+05:30,22.1,22.15,22.0,22.0,158
2022-10-18 00:00:00+05:30,20.9,20.9,20.9,20.9,441
2022-10-19 00:00:00+05:30,19.9,21.7,19.9,21.7,230
2022-10-20 00:00:00+05:30,20.65,20.65,20.65,20.65,131
2022-10-21 00:00:00+05:30,19.65,21.5,19.65,21.45,10879
2022-10-24 00:00:00+05:30,20.45,20.45,20.4,20.4,78
2022-10-25 00:00:00+05:30,19.4,21.4,19.4,21.4,908
2022-10-27 00:00:00+05:30,21.4,22.45,20.4,20.65,3591
2022-10-31 00:00:00+05:30,20.65,21.65,19.75,21.65,2520
2022-11-01 00:00:00+05:30,21.0,21.0,21.0,21.0,36
2022-11-02 00:00:00+05:30,21.0,22.05,20.1,22.05,390
2022-11-04 00:00:00+05:30,23.05,23.05,20.95,22.4,10129
2022-11-07 00:00:00+05:30,21.3,23.5,21.3,23.5,22290
2022-11-09 00:00:00+05:30,22.35,23.5,22.35,22.35,268
2022-11-10 00:00:00+05:30,22.3,22.3,21.25,21.25,1220
2022-11-11 00:00:00+05:30,21.9,21.9,21.25,21.25,84
2022-11-14 00:00:00+05:30,20.2,22.2,20.2,20.65,1944
2022-11-15 00:00:00+05:30,19.95,21.6,19.95,21.4,1211
2022-11-16 00:00:00+05:30,20.35,20.35,20.35,20.35,53
2022-11-17 00:00:00+05:30,19.6,21.1,19.45,21.0,719
2022-11-18 00:00:00+05:30,20.05,22.05,20.05,22.05,8388
2022-11-21 00:00:00+05:30,23.0,23.0,20.95,20.95,530
2022-11-22 00:00:00+05:30,20.05,21.95,20.05,20.1,267
2022-11-23 00:00:00+05:30,20.1,21.1,20.1,20.1,506
2022-11-24 00:00:00+05:30,20.2,21.05,19.2,19.8,537
2022-11-25 00:00:00+05:30,19.55,20.7,19.55,20.65,572
2022-11-28 00:00:00+05:30,21.5,21.5,20.0,21.25,427
2022-11-29 00:00:00+05:30,20.2,22.3,20.2,22.1,1587
2022-11-30 00:00:00+05:30,22.0,23.2,21.05,22.0,9517
2022-12-01 00:00:00+05:30,23.0,23.0,20.9,22.95,18
2022-12-02 00:00:00+05:30,21.85,21.85,21.85,21.85,5
2022-12-05 00:00:00+05:30,21.0,22.9,20.9,22.9,2989
2022-12-06 00:00:00+05:30,21.8,24.0,21.8,23.9,6138
2022-12-07 00:00:00+05:30,23.8,25.05,22.85,22.9,10898
2022-12-09 00:00:00+05:30,22.9,23.25,21.8,21.9,156
2022-12-12 00:00:00+05:30,21.5,22.9,21.1,22.2,132
2022-12-13 00:00:00+05:30,22.8,23.3,21.1,23.3,10015
2022-12-14 00:00:00+05:30,23.25,24.2,22.15,22.2,2678
2022-12-15 00:00:00+05:30,22.05,23.3,21.5,23.25,4689
2022-12-16 00:00:00+05:30,23.15,24.4,22.15,22.8,2869
2022-12-19 00:00:00+05:30,22.0,23.15,22.0,22.0,116
2022-12-20 00:00:00+05:30,22.7,23.0,21.45,21.7,1285
2022-12-21 00:00:00+05:30,22.7,22.7,21.7,22.7,62
2022-12-22 00:00:00+05:30,21.7,22.7,21.7,22.6,1057
2022-12-23 00:00:00+05:30,22.0,23.6,21.7,22.95,1782
2022-12-26 00:00:00+05:30,22.5,24.0,21.85,22.45,342
2022-12-27 00:00:00+05:30,22.9,23.4,21.4,23.3,9
2022-12-28 00:00:00+05:30,23.3,23.3,22.15,22.15,17
2022-12-29 00:00:00+05:30,23.0,23.0,21.1,22.45,1472
2022-12-30 00:00:00+05:30,21.35,23.55,21.35,21.6,491
2023-01-02 00:00:00+05:30,21.6,22.0,21.6,22.0,80
2023-01-03 00:00:00+05:30,22.0,23.1,22.0,22.15,201
2023-01-04 00:00:00+05:30,23.0,23.25,21.6,23.25,1029
2023-01-05 00:00:00+05:30,22.1,24.4,22.1,24.3,466
2023-01-06 00:00:00+05:30,25.4,25.5,23.2,24.8,41
2023-01-09 00:00:00+05:30,25.8,25.8,23.6,23.6,3360
2023-01-10 00:00:00+05:30,24.7,24.7,24.55,24.55,9
2023-01-11 00:00:00+05:30,23.4,23.4,23.35,23.35,364
2023-01-12 00:00:00+05:30,24.2,24.5,22.6,22.6,811
2023-01-16 00:00:00+05:30,21.7,23.7,21.7,23.7,1719
2023-01-17 00:00:00+05:30,24.8,24.8,23.7,24.8,4454
2023-01-18 00:00:00+05:30,24.8,25.5,24.15,24.15,1028
2023-01-19 00:00:00+05:30,25.35,25.35,24.15,24.15,121
2023-01-20 00:00:00+05:30,24.15,25.35,23.75,23.8,108
2023-01-23 00:00:00+05:30,23.8,24.95,23.8,23.8,123
2023-01-24 00:00:00+05:30,24.0,24.95,23.9,23.95,6312
2023-01-25 00:00:00+05:30,24.2,25.0,24.1,24.4,2609
2023-01-27 00:00:00+05:30,24.35,25.6,24.0,25.6,3699
2023-01-30 00:00:00+05:30,26.15,26.85,24.5,26.75,963
2023-01-31 00:00:00+05:30,26.1,28.0,26.1,26.8,173
2023-02-01 00:00:00+05:30,27.0,28.1,27.0,28.1,26757
2023-02-02 00:00:00+05:30,28.7,29.5,28.7,29.5,6030
2023-02-03 00:00:00+05:30,30.0,30.95,28.95,28.95,2072
2023-02-06 00:00:00+05:30,28.6,28.65,27.9,28.65,19854
2023-02-07 00:00:00+05:30,28.45,28.75,28.15,28.75,14155
2023-02-08 00:00:00+05:30,28.75,28.85,28.75,28.85,206
2023-02-09 00:00:00+05:30,28.8,30.25,28.75,29.05,2800
2023-02-13 00:00:00+05:30,29.05,29.05,28.45,28.55,300
2023-02-14 00:00:00+05:30,28.55,28.55,28.55,28.55,50
2023-02-20 00:00:00+05:30,28.55,28.55,28.55,28.55,60
2023-02-21 00:00:00+05:30,28.5,28.5,28.0,28.5,14001
2023-02-23 00:00:00+05:30,28.5,28.5,28.5,28.5,1
2023-02-28 00:00:00+05:30,27.5,27.5,27.15,27.15,30
2023-03-01 00:00:00+05:30,25.9,25.9,25.9,25.9,10
2023-03-02 00:00:00+05:30,24.7,24.7,24.7,24.7,10
2023-03-03 00:00:00+05:30,23.5,23.5,23.5,23.5,10
2023-03-06 00:00:00+05:30,22.35,22.35,22.35,22.35,10
2023-03-08 00:00:00+05:30,21.25,21.25,21.25,21.25,10
2023-03-09 00:00:00+05:30,20.25,20.25,20.25,20.25,10
2023-03-10 00:00:00+05:30,19.3,20.25,19.24,19.25,15031
2023-03-13 00:00:00+05:30,19.0,19.0,19.0,19.0,1
2023-03-14 00:00:00+05:30,18.05,18.05,18.05,18.05,1111
2023-03-15 00:00:00+05:30,18.95,18.95,18.25,18.25,20021
2023-03-16 00:00:00+05:30,19.16,19.16,18.5,18.5,5220
2023-03-17 00:00:00+05:30,18.75,18.9,17.58,18.9,20317
2023-03-20 00:00:00+05:30,17.96,19.84,17.96,18.9,26944
2023-03-21 00:00:00+05:30,18.95,19.2,18.95,19.2,1222
2023-03-22 00:00:00+05:30,20.15,20.16,19.4,19.4,25050
2023-03-23 00:00:00+05:30,19.5,19.5,18.47,19.49,2257
2023-03-24 00:00:00+05:30,19.49,20.46,19.25,19.64,74408
2023-03-27 00:00:00+05:30,20.6,20.6,19.68,19.77,46219
2023-03-28 00:00:00+05:30,20.0,20.45,19.77,19.83,22201
2023-03-29 00:00:00+05:30,19.83,19.97,18.84,19.94,5574
2023-03-31 00:00:00+05:30,20.8,20.8,19.99,20.01,1458
2023-04-03 00:00:00+05:30,20.0,20.49,19.01,20.08,16212
2023-04-05 00:00:00+05:30,20.5,20.5,19.2,20.04,49575
2023-04-06 00:00:00+05:30,19.1,21.04,19.04,20.75,18253
2023-04-10 00:00:00+05:30,21.78,21.78,19.8,20.47,10822
2023-04-11 00:00:00+05:30,20.47,20.8,19.5,20.5,8220
2023-04-12 00:00:00+05:30,20.01,20.5,19.48,19.79,20514
2023-04-13 00:00:00+05:30,19.79,20.2,18.82,20.1,59000
2023-04-17 00:00:00+05:30,20.1,20.1,19.55,19.98,12974
2023-04-18 00:00:00+05:30,19.02,20.6,18.99,20.15,74382
2023-04-19 00:00:00+05:30,21.0,21.15,20.5,21.15,15400
2023-04-20 00:00:00+05:30,22.15,22.2,20.9,21.49,61805
2023-04-21 00:00:00+05:30,22.55,22.56,20.42,20.43,15454
2023-04-24 00:00:00+05:30,20.0,21.0,19.41,20.88,7857
2023-04-25 00:00:00+05:30,21.49,21.49,19.84,20.5,58313
2023-04-26 00:00:00+05:30,20.99,20.99,19.6,19.91,1130
2023-04-27 00:00:00+05:30,19.01,20.5,18.92,20.24,77347
2023-04-28 00:00:00+05:30,20.99,20.99,19.23,20.34,62356
2023-05-02 00:00:00+05:30,19.5,19.98,19.33,19.9,6887
2023-05-03 00:00:00+05:30,19.8,19.8,18.91,19.2,5786
2023-05-04 00:00:00+05:30,19.5,19.98,18.25,19.5,54712
2023-05-05 00:00:00+05:30,19.4,20.14,19.0,20.05,153099
2023-05-08 00:00:00+05:30,19.15,20.95,19.15,20.25,50203
2023-05-09 00:00:00+05:30,20.4,20.4,19.25,19.5,148373
2023-05-10 00:00:00+05:30,19.99,20.4,19.0,19.84,149759
2023-05-11 00:00:00+05:30,19.94,20.49,18.86,19.6,101482
2023-05-12 00:00:00+05:30,19.9,20.58,19.3,19.74,72060
2023-05-15 00:00:00+05:30,19.9,20.2,18.87,19.97,98015
2023-05-16 00:00:00+05:30,19.11,20.4,19.11,20.06,147045
2023-05-17 00:00:00+05:30,20.45,21.0,19.8,20.5,51594
2023-05-18 00:00:00+05:30,21.43,21.45,19.8,20.97,41745
2023-05-19 00:00:00+05:30,21.89,21.89,20.07,21.02,50642
2023-05-22 00:00:00+05:30,21.8,21.8,20.0,20.65,19591
2023-05-23 00:00:00+05:30,21.24,21.24,19.76,20.3,12342
2023-05-24 00:00:00+05:30,21.17,21.17,19.29,19.29,7813
2023-05-25 00:00:00+05:30,19.29,20.08,18.36,18.75,3210
2023-05-26 00:00:00+05:30,18.75,19.68,18.57,19.46,12942
2023-05-29 00:00:00+05:30,20.43,20.43,18.5,19.9,17720
2023-05-30 00:00:00+05:30,18.96,20.0,18.95,19.78,4828
2023-05-31 00:00:00+05:30,18.8,19.25,18.8,19.25,3234
2023-06-01 00:00:00+05:30,18.4,19.0,18.3,18.3,3944
2023-06-02 00:00:00+05:30,17.6,18.68,17.6,18.68,2
2023-06-05 00:00:00+05:30,19.6,19.61,17.77,18.99,15362
2023-06-06 00:00:00+05:30,18.11,19.0,18.11,18.21,3253
2023-06-07 00:00:00+05:30,18.6,18.6,17.3,17.3,5936
2023-06-08 00:00:00+05:30,17.3,17.7,16.44,16.9,18462
2023-06-09 00:00:00+05:30,17.28,17.74,17.27,17.67,7965
2023-06-12 00:00:00+05:30,17.6,18.55,17.2,18.21,7963
2023-06-13 00:00:00+05:30,19.1,19.1,17.41,17.79,6167
2023-06-14 00:00:00+05:30,18.58,18.67,16.96,18.65,10347
2023-06-15 00:00:00+05:30,19.57,19.57,18.25,19.04,6459
2023-06-16 00:00:00+05:30,18.21,19.38,18.09,18.39,25597
2023-06-19 00:00:00+05:30,17.48,19.24,17.48,18.79,4848
2023-06-20 00:00:00+05:30,18.72,18.72,17.86,18.0,5182
2023-06-21 00:00:00+05:30,18.0,18.69,17.1,18.47,4078
2023-06-22 00:00:00+05:30,18.49,18.49,17.55,18.39,1103
2023-06-23 00:00:00+05:30,18.95,18.95,17.48,18.2,3159
2023-06-26 00:00:00+05:30,18.97,18.97,17.29,18.46,1381
2023-06-27 00:00:00+05:30,18.4,18.4,17.54,17.54,650
2023-06-28 00:00:00+05:30,16.67,18.25,16.67,17.59,4700
2023-06-30 00:00:00+05:30,18.2,18.2,16.72,17.9,4326
2023-07-03 00:00:00+05:30,18.79,18.79,17.01,17.98,22731
2023-07-04 00:00:00+05:30,17.99,17.99,17.09,17.09,1574
2023-07-05 00:00:00+05:30,16.25,17.65,16.25,16.86,11216
2023-07-06 00:00:00+05:30,16.5,17.5,16.07,16.27,4898
2023-07-07 00:00:00+05:30,16.98,16.98,15.46,15.99,22924
2023-07-10 00:00:00+05:30,16.58,16.58,15.2,15.2,6654
2023-07-11 00:00:00+05:30,14.46,14.46,14.44,14.44,16256
2023-07-12 00:00:00+05:30,14.42,15.12,13.78,14.99,35912
2023-07-13 00:00:00+05:30,15.3,15.3,14.25,14.45,3969
2023-07-14 00:00:00+05:30,13.9,14.25,13.73,13.81,22089
2023-07-17 00:00:00+05:30,14.28,14.5,13.85,14.28,1060
2023-07-18 00:00:00+05:30,14.95,14.95,13.71,14.5,1450
2023-07-19 00:00:00+05:30,14.9,14.9,13.78,13.78,3297
2023-07-20 00:00:00+05:30,14.46,14.46,13.1,14.0,8717
2023-07-21 00:00:00+05:30,13.7,14.7,13.5,14.66,7567
2023-07-24 00:00:00+05:30,15.39,15.39,14.45,14.45,1816
2023-07-25 00:00:00+05:30,13.83,15.1,13.83,14.27,6108
2023-07-26 00:00:00+05:30,14.73,14.73,13.88,14.6,10122
2023-07-27 00:00:00+05:30,15.19,15.19,13.9,14.97,2141
2023-07-28 00:00:00+05:30,14.97,15.39,14.23,15.3,1853
2023-07-31 00:00:00+05:30,15.3,16.06,14.56,16.0,7463
2023-08-01 00:00:00+05:30,16.5,16.5,15.22,15.5,7971
2023-08-02 00:00:00+05:30,14.75,14.75,14.74,14.74,2096
2023-08-03 00:00:00+05:30,14.04,15.4,14.01,15.29,7009
2023-08-04 00:00:00+05:30,15.0,15.0,14.53,14.53,5625
2023-08-07 00:00:00+05:30,14.24,15.1,13.95,15.1,512
2023-08-08 00:00:00+05:30,15.4,15.4,14.8,15.0,119
2023-08-09 00:00:00+05:30,14.95,14.95,14.25,14.95,380
2023-08-10 00:00:00+05:30,15.29,15.29,14.25,14.98,735
2023-08-11 00:00:00+05:30,14.24,14.98,14.24,14.28,12580
2023-08-14 00:00:00+05:30,14.9,14.9,13.57,14.65,4069
2023-08-16 00:00:00+05:30,14.95,14.95,13.92,14.5,1236
2023-08-17 00:00:00+05:30,13.95,14.9,13.78,14.5,1815
2023-08-18 00:00:00+05:30,14.7,14.7,13.8,13.85,1752
2023-08-21 00:00:00+05:30,14.2,14.2,13.75,14.2,3202
2023-08-22 00:00:00+05:30,14.5,14.5,13.5,14.19,2548
2023-08-23 00:00:00+05:30,13.5,14.15,13.5,14.0,1023
2023-08-24 00:00:00+05:30,13.31,14.3,13.31,13.4,739
2023-08-25 00:00:00+05:30,13.45,14.07,13.45,14.07,1330
2023-08-28 00:00:00+05:30,14.6,14.6,13.4,14.3,2202
2023-08-29 00:00:00+05:30,14.99,14.99,13.59,13.6,2494
2023-08-30 00:00:00+05:30,13.1,13.8,13.1,13.8,706
2023-08-31 00:00:00+05:30,13.8,13.8,13.11,13.5,15322
2023-09-01 00:00:00+05:30,12.87,14.15,12.87,14.15,2203
2023-09-04 00:00:00+05:30,14.0,14.1,13.51,14.03,6102
2023-09-05 00:00:00+05:30,14.0,14.0,13.51,14.0,51
2023-09-06 00:00:00+05:30,14.0,14.0,13.3,13.55,4077
2023-09-07 00:00:00+05:30,13.31,14.0,12.88,12.88,26886
2023-09-08 00:00:00+05:30,13.48,13.5,13.0,13.0,1420
2023-09-11 00:00:00+05:30,13.5,13.5,12.35,13.45,7950
2023-09-12 00:00:00+05:30,13.45,14.12,12.8,12.82,7325
2023-09-13 00:00:00+05:30,13.4,13.46,13.4,13.46,5485
2023-09-14 00:00:00+05:30,14.13,14.13,14.0,14.0,44082
2023-09-15 00:00:00+05:30,14.0,14.7,13.34,14.0,4934
2023-09-18 00:00:00+05:30,13.41,14.4,13.41,13.62,3939
2023-09-20 00:00:00+05:30,13.89,14.3,12.96,13.2,3920
2023-09-21 00:00:00+05:30,13.86,13.86,12.62,13.86,2350
2023-09-22 00:00:00+05:30,14.14,14.14,13.21,14.0,176
2023-09-25 00:00:00+05:30,13.9,14.45,13.5,14.45,7794
2023-09-26 00:00:00+05:30,15.11,15.11,14.75,14.97,10760
2023-09-27 00:00:00+05:30,14.97,14.97,14.26,14.95,903
2023-09-28 00:00:00+05:30,14.95,14.95,14.22,14.88,4417
2023-09-29 00:00:00+05:30,14.2,14.87,14.15,14.87,2072
2023-10-03 00:00:00+05:30,15.17,15.17,14.15,15.04,3203
2023-10-04 00:00:00+05:30,15.46,15.46,14.29,15.0,3175
2023-10-05 00:00:00+05:30,15.0,15.44,14.25,14.61,342
2023-10-06 00:00:00+05:30,14.61,15.34,14.61,15.3,455
2023-10-09 00:00:00+05:30,15.61,15.61,14.7,14.7,1634
2023-10-10 00:00:00+05:30,15.42,15.42,14.0,14.01,12921
2023-10-11 00:00:00+05:30,14.0,14.0,13.31,13.52,4176
2023-10-12 00:00:00+05:30,13.5,14.19,13.2,14.19,3885
2023-10-13 00:00:00+05:30,14.89,14.89,13.49,14.46,7352
2023-10-16 00:00:00+05:30,14.99,14.99,14.79,14.79,184
2023-10-17 00:00:00+05:30,14.06,14.69,14.06,14.06,3184
2023-10-18 00:00:00+05:30,14.34,14.45,13.36,14.27,6493
2023-10-19 00:00:00+05:30,14.27,14.7,13.56,14.27,10036
2023-10-20 00:00:00+05:30,14.7,14.7,13.8,13.81,1314
2023-10-23 00:00:00+05:30,13.5,14.5,13.12,14.24,1752
2023-10-25 00:00:00+05:30,14.55,14.55,13.53,13.53,836
2023-10-26 00:00:00+05:30,13.5,13.99,13.5,13.94,3270
2023-10-27 00:00:00+05:30,14.48,14.48,13.25,14.27,338
2023-10-31 00:00:00+05:30,14.96,14.96,13.6,14.38,7559
2023-11-01 00:00:00+05:30,13.67,13.99,13.67,13.67,639
2023-11-02 00:00:00+05:30,12.99,13.99,12.99,13.5,939
2023-11-03 00:00:00+05:30,14.17,14.17,13.5,13.5,678
2023-11-06 00:00:00+05:30,14.14,14.14,12.85,13.29,1928
2023-11-07 00:00:00+05:30,13.29,13.9,12.8,13.9,1813
2023-11-08 00:00:00+05:30,14.45,14.45,13.21,13.89,8780
2023-11-09 00:00:00+05:30,13.2,13.8,13.2,13.21,1704
2023-11-10 00:00:00+05:30,13.86,13.86,12.61,12.71,5792
2023-11-12 00:00:00+05:30,13.34,13.34,13.34,13.34,250
2023-11-13 00:00:00+05:30,14.0,14.0,13.89,13.89,2152
2023-11-15 00:00:00+05:30,13.95,13.95,13.21,13.89,2376
2023-11-16 00:00:00+05:30,13.89,13.89,13.2,13.2,1544
2023-11-17 00:00:00+05:30,13.2,13.86,12.55,13.86,7050
2023-11-20 00:00:00+05:30,14.55,14.55,13.17,13.56,10445
2023-11-21 00:00:00+05:30,13.29,14.23,13.29,13.31,4803
2023-11-22 00:00:00+05:30,13.58,13.97,13.58,13.97,4355
2023-11-23 00:00:00+05:30,14.5,14.5,13.31,14.19,9829
2023-11-24 00:00:00+05:30,13.61,14.19,13.61,14.05,751
2023-11-28 00:00:00+05:30,14.18,14.18,13.35,14.14,1196
2023-11-29 00:00:00+05:30,14.1,14.1,13.45,14.02,1228
2023-11-30 00:00:00+05:30,13.99,14.1,13.35,13.38,1951
2023-12-01 00:00:00+05:30,13.35,13.89,13.35,13.38,430
2023-12-04 00:00:00+05:30,13.45,13.89,13.25,13.3,2754
2023-12-05 00:00:00+05:30,12.81,13.79,12.81,13.39,2039
2023-12-06 00:00:00+05:30,13.74,13.75,13.22,13.23,4084
2023-12-07 00:00:00+05:30,13.59,13.89,13.19,13.69,3695
2023-12-08 00:00:00+05:30,13.01,14.37,13.01,13.83,13007
2023-12-11 00:00:00+05:30,14.0,14.52,13.86,14.44,33023
2023-12-12 00:00:00+05:30,14.0,14.45,14.0,14.45,8792
2023-12-13 00:00:00+05:30,15.0,15.0,13.77,14.79,591
2023-12-14 00:00:00+05:30,14.79,14.8,14.06,14.8,788
2023-12-15 00:00:00+05:30,14.5,15.23,14.06,14.06,15414
2023-12-18 00:00:00+05:30,14.0,14.76,13.55,14.76,10882
2023-12-19 00:00:00+05:30,14.46,15.15,14.03,14.7,30146
2023-12-20 00:00:00+05:30,14.05,15.2,13.97,14.18,7636
2023-12-21 00:00:00+05:30,14.0,14.86,14.0,14.6,759
2023-12-22 00:00:00+05:30,14.31,14.7,14.0,14.04,1273
2023-12-26 00:00:00+05:30,13.34,14.55,13.34,14.45,5487
2023-12-27 00:00:00+05:30,14.45,14.75,14.05,14.5,2542
2023-12-28 00:00:00+05:30,14.79,14.79,14.01,14.78,2861
2023-12-29 00:00:00+05:30,15.42,15.42,14.5,14.5,3497
2024-01-01 00:00:00+05:30,14.02,15.15,14.02,15.07,13638
2024-01-02 00:00:00+05:30,14.36,15.2,14.36,15.0,8948
2024-01-03 00:00:00+05:30,14.99,14.99,14.25,14.65,2151
2024-01-04 00:00:00+05:30,14.98,14.98,13.96,14.93,1866
2024-01-05 00:00:00+05:30,14.92,15.0,14.2,14.4,13741
2024-01-08 00:00:00+05:30,14.89,14.99,14.3,14.99,4273
2024-01-09 00:00:00+05:30,15.5,15.73,15.5,15.73,25484
2024-01-10 00:00:00+05:30,16.51,16.51,16.05,16.5,41659
2024-01-11 00:00:00+05:30,17.32,17.32,16.01,17.16,12583
2024-01-12 00:00:00+05:30,17.98,18.01,17.25,18.01,28647
2024-01-15 00:00:00+05:30,18.91,18.91,17.11,17.51,17226
2024-01-16 00:00:00+05:30,17.86,18.38,16.78,18.31,20535
2024-01-17 00:00:00+05:30,19.13,19.22,18.35,18.66,35501
2024-01-18 00:00:00+05:30,17.73,18.95,17.73,18.6,16314
2024-01-19 00:00:00+05:30,19.52,19.52,17.82,18.82,12433
2024-01-20 00:00:00+05:30,19.38,19.38,18.2,18.71,4293
2024-01-23 00:00:00+05:30,19.39,19.39,17.78,18.59,22519
2024-01-24 00:00:00+05:30,17.69,19.51,17.69,19.12,34688
2024-01-25 00:00:00+05:30,19.93,20.07,18.5,20.03,92316
2024-01-29 00:00:00+05:30,20.43,21.03,19.13,21.03,597876
2024-01-30 00:00:00+05:30,21.89,21.9,19.98,19.98,475604
2024-01-31 00:00:00+05:30,18.99,18.99,18.99,18.99,26762
2024-02-01 00:00:00+05:30,18.05,18.05,18.05,18.05,18402
2024-02-02 00:00:00+05:30,17.2,18.89,17.15,17.15,75068
2024-02-05 00:00:00+05:30,17.83,18.0,16.5,17.36,20837
2024-02-06 00:00:00+05:30,18.09,18.22,16.8,17.75,12933
2024-02-07 00:00:00+05:30,17.11,18.63,17.11,18.15,35216
2024-02-08 00:00:00+05:30,18.63,19.05,18.06,19.05,22591
2024-02-09 00:00:00+05:30,20.0,20.0,18.56,18.86,61281
2024-02-12 00:00:00+05:30,19.49,19.76,18.02,19.11,16207
2024-02-13 00:00:00+05:30,20.06,20.06,18.16,18.16,108168
2024-02-14 00:00:00+05:30,17.8,17.8,17.26,17.26,47238
2024-02-15 00:00:00+05:30,18.05,18.05,16.42,16.49,27033
2024-02-16 00:00:00+05:30,16.89,17.2,16.05,16.52,20876
2024-02-19 00:00:00+05:30,16.52,17.34,16.0,17.0,19723
2024-02-20 00:00:00+05:30,17.7,17.7,16.15,16.29,34001
2024-02-21 00:00:00+05:30,16.45,16.98,15.55,16.5,28271
2024-02-22 00:00:00+05:30,16.8,16.84,15.7,15.75,15628
2024-02-23 00:00:00+05:30,16.2,16.2,15.53,16.17,10311
2024-02-26 00:00:00+05:30,16.97,16.97,16.9,16.97,33207
2024-02-27 00:00:00+05:30,17.81,17.81,17.81,17.81,14880
2024-02-28 00:00:00+05:30,18.7,18.7,17.81,18.51,485223
2024-02-29 00:00:00+05:30,19.43,19.43,19.39,19.43,118867
2024-03-01 00:00:00+05:30,20.4,20.4,18.46,18.46,98396
2024-03-02 00:00:00+05:30,17.54,19.3,17.54,18.83,24683
2024-03-04 00:00:00+05:30,19.19,19.2,17.89,18.48,398962
2024-03-05 00:00:00+05:30,18.79,18.79,17.56,17.56,29060
2024-03-06 00:00:00+05:30,17.9,17.9,16.69,16.69,11054
2024-03-07 00:00:00+05:30,15.9,17.25,15.86,16.57,377952
2024-03-11 00:00:00+05:30,17.13,17.15,15.75,15.83,29961
2024-03-12 00:00:00+05:30,15.75,16.62,15.5,16.62,277252
2024-03-13 00:00:00+05:30,16.62,17.45,15.79,16.76,76923
2024-03-14 00:00:00+05:30,17.44,17.59,15.93,17.59,585001
2024-03-15 00:00:00+05:30,18.3,18.46,16.72,16.98,509373
2024-03-18 00:00:00+05:30,16.99,17.45,16.14,16.14,39435
2024-03-19 00:00:00+05:30,15.34,16.27,15.34,15.34,165414
2024-03-20 00:00:00+05:30,15.34,15.78,14.59,15.09,26032
2024-03-21 00:00:00+05:30,15.5,15.7,14.5,15.25,10464
2024-03-22 00:00:00+05:30,14.86,15.54,14.86,15.14,60887
2024-03-26 00:00:00+05:30,15.85,15.85,14.45,14.92,90833
2024-03-27 00:00:00+05:30,15.44,15.44,14.2,14.42,30562
2024-03-28 00:00:00+05:30,15.07,15.07,14.31,14.34,20836
2024-04-01 00:00:00+05:30,14.2,14.74,14.2,14.39,5347
2024-04-02 00:00:00+05:30,14.68,14.78,13.85,14.54,18371
2024-04-03 00:00:00+05:30,14.99,14.99,14.25,14.67,13476
2024-04-04 00:00:00+05:30,15.27,15.4,14.96,15.4,30928
2024-04-05 00:00:00+05:30,16.1,16.9,15.55,16.54,8848
2024-04-08 00:00:00+05:30,16.9,16.9,15.55,16.13,32746
2024-04-09 00:00:00+05:30,16.87,16.87,15.7,16.74,7856
2024-04-10 00:00:00+05:30,16.69,16.69,15.5,16.0,17573
2024-04-12 00:00:00+05:30,16.0,16.68,15.6,16.0,4693
2024-04-15 00:00:00+05:30,16.75,16.75,15.1,16.31,3940
2024-04-16 00:00:00+05:30,16.4,17.94,15.15,17.21,37056
2024-04-18 00:00:00+05:30,17.21,17.64,16.5,16.66,5266
2024-04-19 00:00:00+05:30,15.87,16.73,15.87,16.41,32117
2024-04-22 00:00:00+05:30,18.05,18.05,16.5,17.49,19979
2024-04-23 00:00:00+05:30,18.0,19.23,17.02,19.23,55739
2024-04-24 00:00:00+05:30,18.85,19.98,17.31,17.31,599416
2024-04-25 00:00:00+05:30,16.0,17.27,16.0,16.36,74698
2024-04-26 00:00:00+05:30,17.38,17.38,16.4,16.42,16503
2024-04-29 00:00:00+05:30,17.42,17.42,15.0,15.01,419019
2024-04-30 00:00:00+05:30,14.11,15.33,13.56,13.59,456413
2024-05-02 00:00:00+05:30,13.8,14.08,13.11,13.41,89070
2024-05-03 00:00:00+05:30,13.97,14.08,13.25,14.08,127438
2024-05-06 00:00:00+05:30,14.77,14.78,13.43,14.23,335763
2024-05-07 00:00:00+05:30,14.58,14.58,13.52,13.52,562590
2024-05-08 00:00:00+05:30,13.89,14.19,13.01,13.08,655174
2024-05-09 00:00:00+05:30,13.7,13.73,12.8,13.55,119660
2024-05-10 00:00:00+05:30,13.85,14.22,13.32,14.22,210012
2024-05-13 00:00:00+05:30,14.89,14.93,13.51,14.82,583654
2024-05-14 00:00:00+05:30,14.82,15.56,14.82,15.56,151318
2024-05-15 00:00:00+05:30,16.33,16.33,15.56,16.33,209753
2024-05-16 00:00:00+05:30,17.0,17.14,16.01,17.14,401989
2024-05-17 00:00:00+05:30,17.39,17.39,16.37,17.04,159211
2024-05-18 00:00:00+05:30,17.48,17.84,16.75,17.1,70785
2024-05-21 00:00:00+05:30,17.03,17.88,16.47,16.93,108255
2024-05-22 00:00:00+05:30,17.0,17.77,16.41,17.77,405513
2024-05-23 00:00:00+05:30,18.54,18.65,18.11,18.65,163322
2024-05-24 00:00:00+05:30,19.45,19.58,18.7,19.58,436735
2024-05-27 00:00:00+05:30,20.25,20.55,18.61,18.61,354972
2024-05-28 00:00:00+05:30,19.0,19.54,18.26,19.54,239888
2024-05-29 00:00:00+05:30,20.2,20.2,18.62,19.1,98326
2024-05-30 00:00:00+05:30,19.1,19.1,18.15,18.16,59021
2024-05-31 00:00:00+05:30,18.51,18.51,17.26,17.26,22726
2024-06-03 00:00:00+05:30,17.61,18.1,16.51,16.85,92923
2024-06-04 00:00:00+05:30,16.75,17.47,16.01,16.01,39199
2024-06-05 00:00:00+05:30,16.01,16.01,15.21,15.74,57027
2024-06-06 00:00:00+05:30,15.74,16.52,15.12,16.42,79677
2024-06-07 00:00:00+05:30,17.19,17.19,15.71,16.44,21119
2024-06-10 00:00:00+05:30,16.97,16.97,16.01,16.48,27436
2024-06-11 00:00:00+05:30,16.5,17.0,16.02,16.42,32128
2024-06-12 00:00:00+05:30,16.4,16.74,16.0,16.17,84264
2024-06-13 00:00:00+05:30,16.48,16.48,15.86,15.98,33056
2024-06-14 00:00:00+05:30,15.98,16.29,15.4,15.91,21417
2024-06-18 00:00:00+05:30,16.55,16.55,15.3,15.55,46072
2024-06-19 00:00:00+05:30,15.45,15.9,15.45,15.73,13311
2024-06-20 00:00:00+05:30,15.99,16.19,15.6,15.77,19925
2024-06-21 00:00:00+05:30,16.29,16.29,15.49,15.54,27297
2024-06-24 00:00:00+05:30,15.6,16.24,15.6,15.95,28271
2024-06-25 00:00:00+05:30,16.1,16.1,15.16,15.17,48469
2024-06-26 00:00:00+05:30,15.01,15.58,14.61,15.08,21988
2024-06-27 00:00:00+05:30,15.39,15.39,14.57,14.9,16661
2024-06-28 00:00:00+05:30,15.0,15.44,14.54,15.16,23508
2024-07-01 00:00:00+05:30,15.5,15.9,15.29,15.41,21324
2024-07-02 00:00:00+05:30,16.16,16.16,15.1,15.66,7740
2024-07-03 00:00:00+05:30,15.5,15.74,15.15,15.42,6119
2024-07-04 00:00:00+05:30,15.2,15.72,14.65,14.65,54329
2024-07-05 00:00:00+05:30,14.65,14.98,14.0,14.83,52019
2024-07-08 00:00:00+05:30,15.0,15.0,14.21,14.4,28519
2024-07-09 00:00:00+05:30,14.69,14.79,13.82,14.25,21165
2024-07-10 00:00:00+05:30,14.5,14.75,13.8,14.4,51671
2024-07-11 00:00:00+05:30,15.05,15.05,14.15,14.46,20238
2024-07-12 00:00:00+05:30,14.89,14.89,14.03,14.27,22198
2024-07-15 00:00:00+05:30,14.4,14.86,14.06,14.16,18675
2024-07-16 00:00:00+05:30,14.45,14.49,14.0,14.13,26291
2024-07-18 00:00:00+05:30,14.35,14.48,13.92,14.13,20430
2024-07-19 00:00:00+05:30,14.13,14.45,14.0,14.12,11997
2024-07-22 00:00:00+05:30,14.3,14.3,13.77,14.24,19379
2024-07-23 00:00:00+05:30,14.24,14.49,13.75,14.19,33531
2024-07-24 00:00:00+05:30,14.4,14.4,13.63,14.06,16410
2024-07-25 00:00:00+05:30,14.44,14.44,13.9,14.24,9880
2024-07-26 00:00:00+05:30,14.24,14.95,13.95,14.4,41398
2024-07-29 00:00:00+05:30,14.9,14.9,14.16,14.62,13198
2024-07-30 00:00:00+05:30,14.65,14.99,13.9,14.11,43482
2024-07-31 00:00:00+05:30,14.4,14.64,14.09,14.5,17697
2024-08-01 00:00:00+05:30,14.55,14.78,14.12,14.35,15592
2024-08-02 00:00:00+05:30,14.77,14.77,14.03,14.54,9026
2024-08-05 00:00:00+05:30,14.75,15.19,13.82,13.96,26984
2024-08-06 00:00:00+05:30,14.24,14.24,13.6,13.72,12587
2024-08-07 00:00:00+05:30,13.99,14.44,13.48,14.22,14448
2024-08-08 00:00:00+05:30,14.36,14.36,13.01,13.99,48618
2024-08-09 00:00:00+05:30,13.99,14.22,13.32,13.6,7510
2024-08-12 00:00:00+05:30,13.87,13.99,13.2,13.59,4876
2024-08-13 00:00:00+05:30,13.8,13.8,12.55,13.16,38831
2024-08-14 00:00:00+05:30,13.39,13.4,12.7,12.75,29133
2024-08-16 00:00:00+05:30,12.8,13.49,12.8,13.36,9158
2024-08-19 00:00:00+05:30,13.59,13.76,12.91,13.51,8794
2024-08-20 00:00:00+05:30,13.96,13.96,12.95,13.11,29568
2024-08-21 00:00:00+05:30,13.11,13.6,13.02,13.17,12512
2024-08-22 00:00:00+05:30,13.43,13.75,13.38,13.45,5844
2024-08-23 00:00:00+05:30,13.69,13.69,13.0,13.37,8319
2024-08-26 00:00:00+05:30,13.69,13.69,13.16,13.58,6479
2024-08-27 00:00:00+05:30,13.96,13.96,13.0,13.29,7627
2024-08-28 00:00:00+05:30,13.56,14.6,13.02,14.02,37057
2024-08-29 00:00:00+05:30,14.19,14.19,13.3,14.09,40529
2024-08-30 00:00:00+05:30,14.93,14.93,13.43,13.63,10387
2024-09-02 00:00:00+05:30,14.24,14.24,13.74,13.75,4224
2024-09-03 00:00:00+05:30,14.34,14.34,13.33,13.79,7822
2024-09-04 00:00:00+05:30,14.0,14.0,12.72,13.34,14775
2024-09-05 00:00:00+05:30,13.94,13.94,13.05,13.57,6890
2024-09-06 00:00:00+05:30,13.57,14.39,13.12,13.58,28056
2024-09-09 00:00:00+05:30,13.5,14.17,13.31,13.75,10532
2024-09-10 00:00:00+05:30,13.75,13.8,13.35,13.68,6359
2024-09-11 00:00:00+05:30,13.32,13.76,13.32,13.56,7807
2024-09-12 00:00:00+05:30,13.56,13.8,13.56,13.56,3886
2024-09-13 00:00:00+05:30,13.7,13.7,13.23,13.51,15281
2024-09-16 00:00:00+05:30,13.56,14.6,13.56,13.73,17771
2024-09-17 00:00:00+05:30,14.15,14.79,13.33,13.99,22431
2024-09-18 00:00:00+05:30,14.74,14.93,13.45,13.85,79137
2024-09-19 00:00:00+05:30,14.18,14.51,13.5,13.68,21196
2024-09-20 00:00:00+05:30,13.68,14.3,13.61,14.0,63088
2024-09-23 00:00:00+05:30,14.77,15.4,13.22,15.4,91696
2024-09-24 00:00:00+05:30,16.0,16.94,14.25,14.72,831603
2024-09-25 00:00:00+05:30,15.0,15.5,13.52,14.02,125002
2024-09-26 00:00:00+05:30,14.3,14.3,13.75,13.83,60607
2024-09-27 00:00:00+05:30,13.8,14.2,13.5,14.04,27740
2024-09-30 00:00:00+05:30,14.32,14.32,13.55,14.12,6288
2024-10-01 00:00:00+05:30,14.44,14.5,13.56,14.21,17996
2024-10-03 00:00:00+05:30,14.5,14.5,13.53,14.07,20420
2024-10-04 00:00:00+05:30,14.44,14.44,13.56,14.15,7365
2024-10-07 00:00:00+05:30,14.5,14.5,13.0,13.53,26403
2024-10-08 00:00:00+05:30,13.26,14.46,13.02,14.02,5144
2024-10-09 00:00:00+05:30,14.2,14.35,13.56,14.12,1750
2024-10-10 00:00:00+05:30,14.14,14.29,14.0,14.17,3550
2024-10-11 00:00:00+05:30,14.28,14.28,13.6,14.28,4335
2024-10-14 00:00:00+05:30,14.49,14.49,13.76,14.0,4324
2024-10-15 00:00:00+05:30,14.1,14.1,13.53,13.89,3347
2024-10-16 00:00:00+05:30,14.43,14.43,13.6,14.08,9438
2024-10-17 00:00:00+05:30,14.45,14.45,13.63,14.2,20611
2024-10-18 00:00:00+05:30,14.2,14.48,13.63,14.34,27077
2024-10-21 00:00:00+05:30,14.43,14.45,13.5,13.83,6345
2024-10-22 00:00:00+05:30,14.07,14.07,13.6,13.9,5027
2024-10-23 00:00:00+05:30,14.18,14.18,13.56,13.92,3348
2024-10-24 00:00:00+05:30,13.97,14.2,13.56,13.98,6303
2024-10-25 00:00:00+05:30,14.26,14.26,12.55,13.64,14712
2024-10-28 00:00:00+05:30,14.35,14.35,13.24,13.26,29062
2024-10-29 00:00:00+05:30,12.62,13.55,12.62,13.0,12338
2024-10-30 00:00:00+05:30,13.0,13.9,12.7,13.48,25771
2024-10-31 00:00:00+05:30,14.37,14.9,13.2,14.7,221230
2024-11-01 00:00:00+05:30,14.26,16.1,14.26,15.64,145501
2024-11-04 00:00:00+05:30,15.64,15.65,14.67,14.98,23437
2024-11-05 00:00:00+05:30,15.2,15.2,13.2,14.22,25317
2024-11-06 00:00:00+05:30,14.86,15.05,14.0,14.77,31914
2024-11-07 00:00:00+05:30,14.9,14.9,14.13,14.66,15246
2024-11-08 00:00:00+05:30,14.92,15.0,14.13,14.2,18430
2024-11-11 00:00:00+05:30,14.5,14.5,13.8,14.35,11071
2024-11-12 00:00:00+05:30,14.1,14.3,13.95,14.15,5001
2024-11-13 00:00:00+05:30,15.97,15.97,13.5,14.19,10509
2024-11-14 00:00:00+05:30,14.19,14.32,13.7,13.94,17934
2024-11-18 00:00:00+05:30,13.94,14.59,13.21,14.04,5237
2024-11-19 00:00:00+05:30,14.03,14.65,13.3,14.26,26470
2024-11-21 00:00:00+05:30,13.53,14.49,13.53,13.88,11048
2024-11-22 00:00:00+05:30,14.5,14.92,13.61,13.9,11520
2024-11-25 00:00:00+05:30,14.18,14.87,13.57,14.2,15962
2024-11-26 00:00:00+05:30,14.7,14.7,13.71,14.08,4087
2024-11-27 00:00:00+05:30,14.36,14.36,13.72,14.24,3598
2024-11-28 00:00:00+05:30,14.0,14.87,13.5,13.82,19531
2024-11-29 00:00:00+05:30,13.83,14.7,13.83,14.11,19124
2024-12-02 00:00:00+05:30,14.6,14.6,13.4,13.94,19334
2024-12-03 00:00:00+05:30,14.29,14.29,13.51,13.81,9673
2024-12-04 00:00:00+05:30,13.63,14.39,13.63,13.74,16220
2024-12-05 00:00:00+05:30,14.0,14.32,13.65,14.28,10219
2024-12-06 00:00:00+05:30,14.44,14.44,13.64,14.18,13109
2024-12-09 00:00:00+05:30,14.5,14.5,13.76,14.33,11010
2024-12-10 00:00:00+05:30,14.32,14.5,13.76,14.29,8247
2024-12-11 00:00:00+05:30,14.73,14.73,13.87,14.14,11891
2024-12-12 00:00:00+05:30,14.7,14.7,13.81,14.4,11961
2024-12-13 00:00:00+05:30,13.83,14.83,13.83,14.05,6751
2024-12-16 00:00:00+05:30,15.7,15.7,13.63,13.97,27326
2024-12-17 00:00:00+05:30,14.84,14.84,13.66,13.77,8929
2024-12-18 00:00:00+05:30,13.96,14.2,13.62,13.77,12466
2024-12-19 00:00:00+05:30,14.03,14.19,13.49,13.79,15610
2024-12-20 00:00:00+05:30,14.41,14.58,13.6,13.79,31780
2024-12-23 00:00:00+05:30,14.45,14.45,13.61,14.18,40460
2024-12-24 00:00:00+05:30,14.55,14.55,13.95,14.13,25520
2024-12-26 00:00:00+05:30,14.52,14.52,13.66,14.44,30414
2024-12-27 00:00:00+05:30,15.0,15.0,13.87,14.24,6966
2024-12-30 00:00:00+05:30,14.25,14.49,13.88,13.95,3117
2024-12-31 00:00:00+05:30,14.47,14.47,13.72,14.01,5996
2025-01-01 00:00:00+05:30,13.74,14.37,13.74,14.09,1433
2025-01-02 00:00:00+05:30,14.31,14.7,13.8,14.0,4729
2025-01-03 00:00:00+05:30,13.74,14.19,13.74,14.14,7972
2025-01-06 00:00:00+05:30,13.75,14.49,13.5,13.76,16584
2025-01-07 00:00:00+05:30,12.1,14.2,12.1,13.64,11695
2025-01-08 00:00:00+05:30,14.42,14.42,13.11,13.82,2858
2025-01-09 00:00:00+05:30,14.0,14.0,12.99,13.56,2012
2025-01-10 00:00:00+05:30,14.11,14.11,12.21,12.49,27195
2025-01-13 00:00:00+05:30,12.81,13.0,11.5,12.04,22738
2025-01-14 00:00:00+05:30,12.72,13.36,12.01,12.63,7865
2025-01-15 00:00:00+05:30,13.96,13.96,12.74,13.04,7915
2025-01-16 00:00:00+05:30,12.76,13.8,12.76,13.76,18750
2025-01-17 00:00:00+05:30,13.9,14.14,13.6,13.89,9110
2025-01-20 00:00:00+05:30,14.05,14.05,12.9,13.28,6995
2025-01-21 00:00:00+05:30,13.13,13.88,13.13,13.51,4215
2025-01-22 00:00:00+05:30,12.51,14.45,12.51,13.95,26325
2025-01-23 00:00:00+05:30,13.99,13.99,13.16,13.46,14287
2025-01-24 00:00:00+05:30,14.17,14.17,13.22,13.59,13524
2025-01-27 00:00:00+05:30,13.5,14.19,11.95,12.02,24460
2025-01-28 00:00:00+05:30,12.01,12.73,10.11,12.11,58129
2025-01-29 00:00:00+05:30,12.4,13.0,12.11,12.73,27159
2025-01-30 00:00:00+05:30,13.52,14.1,12.6,13.82,50638
2025-01-31 00:00:00+05:30,14.48,14.48,11.55,12.91,33562
2025-02-01 00:00:00+05:30,13.89,14.1,12.52,13.37,54262
2025-02-03 00:00:00+05:30,13.85,13.85,12.61,12.66,7581
2025-02-04 00:00:00+05:30,12.91,12.96,12.65,12.74,6470
2025-02-05 00:00:00+05:30,13.23,13.23,12.25,12.78,2129
2025-02-06 00:00:00+05:30,12.16,13.16,12.16,13.0,3927
2025-02-07 00:00:00+05:30,12.74,13.0,12.41,13.0,597
2025-02-10 00:00:00+05:30,13.34,13.8,12.55,13.6,21521
2025-02-11 00:00:00+05:30,13.5,13.5,12.5,12.97,17948
2025-02-12 00:00:00+05:30,13.95,13.95,12.04,12.47,7698
2025-02-13 00:00:00+05:30,12.55,13.14,12.0,12.31,14213
2025-02-14 00:00:00+05:30,13.27,13.27,11.27,11.5,15541
2025-02-17 00:00:00+05:30,10.7,12.0,10.7,11.49,6808
2025-02-18 00:00:00+05:30,11.5,11.78,9.61,9.93,42744
2025-02-19 00:00:00+05:30,11.49,11.49,9.26,9.9,25963
2025-02-20 00:00:00+05:30,10.3,10.85,9.81,10.5,28441
2025-02-21 00:00:00+05:30,10.7,10.99,10.07,10.38,7658
2025-02-24 00:00:00+05:30,10.99,10.99,9.8,10.66,6078
2025-02-25 00:00:00+05:30,10.87,11.18,10.32,10.91,1658
2025-02-27 00:00:00+05:30,11.2,11.49,10.8,10.95,2392
2025-02-28 00:00:00+05:30,10.1,10.5,9.38,9.8,86482
2025-03-03 00:00:00+05:30,10.0,10.45,9.56,9.87,5458
2025-03-04 00:00:00+05:30,10.05,10.5,9.11,10.29,8324
2025-03-05 00:00:00+05:30,10.94,10.94,9.5,10.29,4894
2025-03-06 00:00:00+05:30,10.99,11.49,10.51,11.07,10719
2025-03-07 00:00:00+05:30,11.5,11.5,10.54,10.98,16968
2025-03-10 00:00:00+05:30,11.7,11.7,9.99,10.19,11831
2025-03-11 00:00:00+05:30,9.57,10.89,9.57,10.21,3973
2025-03-12 00:00:00+05:30,10.95,10.99,10.02,10.24,12276
2025-03-13 00:00:00+05:30,10.24,10.24,9.01,9.42,48662
2025-03-17 00:00:00+05:30,9.48,9.89,9.41,9.68,2218
2025-03-18 00:00:00+05:30,9.68,9.68,9.11,9.52,78460
2025-03-19 00:00:00+05:30,10.29,10.29,9.33,9.54,12236
2025-03-20 00:00:00+05:30,9.5,10.29,9.5,9.8,19560
2025-03-21 00:00:00+05:30,9.51,10.87,9.51,9.95,40764
2025-03-24 00:00:00+05:30,9.94,10.44,9.06,9.81,16234
2025-03-25 00:00:00+05:30,10.35,10.35,9.5,9.69,10586
2025-03-26 00:00:00+05:30,9.89,9.99,9.15,9.73,15401
2025-03-27 00:00:00+05:30,9.8,10.2,9.2,9.8,23873
2025-03-28 00:00:00+05:30,9.8,11.0,9.15,10.23,26631
2025-04-01 00:00:00+05:30,11.99,11.99,9.51,10.88,1812
2025-04-02 00:00:00+05:30,10.0,11.65,10.0,10.09,9767
2025-04-03 00:00:00+05:30,10.74,10.74,9.25,10.35,1780
2025-04-04 00:00:00+05:30,10.14,10.7,9.81,10.66,1184
2025-04-07 00:00:00+05:30,11.0,11.0,9.12,9.95,5166
2025-04-08 00:00:00+05:30,10.94,10.94,9.75,10.39,2459
2025-04-09 00:00:00+05:30,10.97,10.97,10.0,10.44,1104
2025-04-11 00:00:00+05:30,10.94,10.94,10.04,10.47,5488
2025-04-15 00:00:00+05:30,11.49,11.49,10.08,10.94,1775
2025-04-16 00:00:00+05:30,10.9,10.9,10.18,10.52,5280
2025-04-17 00:00:00+05:30,10.51,11.2,9.8,10.37,7979
2025-04-21 00:00:00+05:30,10.97,10.97,10.07,10.58,9262
2025-04-22 00:00:00+05:30,10.85,10.85,10.31,10.69,1906
2025-04-23 00:00:00+05:30,10.9,10.95,10.2,10.89,1777
2025-04-24 00:00:00+05:30,11.0,11.7,10.02,10.88,11774
2025-04-25 00:00:00+05:30,10.88,10.88,10.01,10.07,5948
2025-04-28 00:00:00+05:30,10.83,10.83,9.51,10.43,8583
2025-04-29 00:00:00+05:30,10.53,10.84,9.93,10.15,8026
2025-04-30 00:00:00+05:30,10.2,11.46,9.6,10.63,10149
2025-05-02 00:00:00+05:30,11.1,11.1,10.15,10.62,3538
2025-05-05 00:00:00+05:30,11.25,11.25,9.9,10.0,21571
2025-05-06 00:00:00+05:30,9.8,9.85,9.65,9.8,7127
2025-05-07 00:00:00+05:30,10.06,10.06,7.84,8.1,326499
2025-05-08 00:00:00+05:30,8.1,8.65,8.0,8.3,35282
2025-05-09 00:00:00+05:30,8.59,8.98,8.0,8.58,15924
2025-05-12 00:00:00+05:30,9.45,9.45,8.82,9.29,19573
2025-05-13 00:00:00+05:30,9.73,9.73,8.61,9.62,26308
2025-05-14 00:00:00+05:30,9.6,9.92,9.12,9.45,4447
2025-05-15 00:00:00+05:30,9.92,9.92,9.07,9.49,5795
2025-05-16 00:00:00+05:30,9.72,9.9,9.28,9.81,5687
2025-05-19 00:00:00+05:30,9.81,9.81,9.31,9.8,7315
2025-05-20 00:00:00+05:30,9.8,10.37,9.33,9.62,8093
2025-05-21 00:00:00+05:30,9.97,9.97,9.6,9.87,11293
2025-05-22 00:00:00+05:30,9.9,9.9,9.01,9.71,11217
2025-05-23 00:00:00+05:30,9.74,9.93,9.27,9.65,4082
2025-05-26 00:00:00+05:30,10.0,10.0,9.66,9.76,6078
2025-05-27 00:00:00+05:30,9.76,10.53,9.23,9.47,22150
2025-05-28 00:00:00+05:30,9.99,10.6,9.8,10.37,42938
2025-05-29 00:00:00+05:30,10.98,10.98,10.11,10.77,10147
2025-05-30 00:00:00+05:30,11.06,11.06,10.16,10.42,3357
2025-06-02 00:00:00+05:30,11.41,11.41,10.45,10.7,2549
2025-06-03 00:00:00+05:30,11.33,12.7,10.12,11.59,43635
2025-06-04 00:00:00+05:30,11.5,12.0,11.03,11.9,15913
2025-06-05 00:00:00+05:30,11.88,11.88,11.18,11.68,3140
2025-06-06 00:00:00+05:30,11.13,11.68,11.13,11.58,3066
2025-06-09 00:00:00+05:30,13.7,13.7,11.51,12.05,42162
2025-06-10 00:00:00+05:30,12.0,12.5,11.73,12.19,7052
2025-06-11 00:00:00+05:30,12.19,13.49,12.04,13.09,52960
2025-06-12 00:00:00+05:30,13.04,13.65,12.79,13.35,17735
2025-06-13 00:00:00+05:30,12.77,13.35,12.05,12.8,27465
2025-06-16 00:00:00+05:30,12.15,13.2,11.61,12.21,11627
2025-06-17 00:00:00+05:30,12.09,12.45,11.71,12.23,2924
2025-06-18 00:00:00+05:30,11.91,12.48,11.7,11.7,3122
2025-06-19 00:00:00+05:30,11.17,12.24,11.17,11.99,2510
2025-06-20 00:00:00+05:30,11.99,12.35,11.4,12.28,6853
2025-06-23 00:00:00+05:30,11.72,12.27,11.7,12.26,1735
2025-06-24 00:00:00+05:30,12.42,12.42,11.76,12.35,620
2025-06-25 00:00:00+05:30,11.75,12.33,11.74,12.31,752
2025-06-26 00:00:00+05:30,12.31,12.31,11.7,11.85,3096
2025-06-27 00:00:00+05:30,11.82,12.29,11.3,12.21,1452
2025-06-30 00:00:00+05:30,11.97,12.2,11.6,12.17,6957
2025-07-01 00:00:00+05:30,12.17,12.17,11.57,11.8,2821
2025-07-02 00:00:00+05:30,11.62,12.19,11.21,11.99,8670
2025-07-03 00:00:00+05:30,11.98,11.98,11.4,11.6,3561
2025-07-04 00:00:00+05:30,11.93,11.93,11.02,11.6,2434
2025-07-07 00:00:00+05:30,12.15,12.15,11.03,11.78,13693
2025-07-08 00:00:00+05:30,12.04,12.04,11.5,11.8,2699
2025-07-09 00:00:00+05:30,11.56,12.09,11.5,11.75,5804
2025-07-10 00:00:00+05:30,11.75,11.94,11.17,11.17,53729
2025-07-11 00:00:00+05:30,11.17,11.17,10.63,11.02,5733
2025-07-14 00:00:00+05:30,10.48,11.46,10.48,11.35,4924
2025-07-15 00:00:00+05:30,11.3,11.3,10.95,11.0,2148
2025-07-16 00:00:00+05:30,11.35,11.39,10.95,11.37,5826
2025-07-17 00:00:00+05:30,11.37,11.37,10.81,11.36,7109
2025-07-18 00:00:00+05:30,11.36,11.36,11.0,11.35,9640
2025-07-21 00:00:00+05:30,11.12,11.5,11.12,11.37,9309
2025-07-22 00:00:00+05:30,10.84,11.57,10.84,11.42,8699
2025-07-23 00:00:00+05:30,11.02,11.88,11.02,11.79,11797
2025-07-24 00:00:00+05:30,11.88,12.35,11.3,11.73,31440
2025-07-25 00:00:00+05:30,11.68,11.68,11.67,11.67,81
2025-07-28 00:00:00+05:30,12.02,12.02,11.1,11.6,4647
2025-07-29 00:00:00+05:30,12.17,12.18,11.3,11.64,72473
2025-07-30 00:00:00+05:30,11.94,11.94,11.1,11.74,5147
2025-07-31 00:00:00+05:30,11.69,11.8,11.16,11.16,16355
2025-08-01 00:00:00+05:30,11.58,11.58,10.8,11.22,9007
2025-08-04 00:00:00+05:30,11.69,11.69,11.25,11.25,7142
2025-08-05 00:00:00+05:30,11.05,11.44,10.74,11.18,6144
2025-08-06 00:00:00+05:30,10.71,11.0,10.63,10.98,4674
2025-08-07 00:00:00+05:30,10.45,11.19,10.44,10.83,5483
2025-08-08 00:00:00+05:30,11.24,11.24,10.93,10.97,63
2025-08-11 00:00:00+05:30,11.19,11.32,10.43,11.16,2148
2025-08-12 00:00:00+05:30,11.26,11.3,10.66,11.29,2028
2025-08-13 00:00:00+05:30,11.33,11.33,10.74,11.0,7005
2025-08-14 00:00:00+05:30,11.0,11.26,10.46,10.98,1989
2025-08-18 00:00:00+05:30,10.51,10.51,10.44,10.44,6502
2025-08-19 00:00:00+05:30,10.4,10.91,10.01,10.71,5258
2025-08-20 00:00:00+05:30,11.2,11.2,10.21,10.95,8097
2025-08-21 00:00:00+05:30,10.42,11.24,10.41,10.41,9262
2025-08-22 00:00:00+05:30,10.41,10.88,10.06,10.78,3341
2025-08-25 00:00:00+05:30,10.78,10.78,10.26,10.61,2010
2025-08-26 00:00:00+05:30,10.98,10.98,10.11,10.81,1661
2025-08-28 00:00:00+05:30,11.24,11.24,10.28,10.95,84990
2025-08-29 00:00:00+05:30,11.0,11.0,10.41,10.41,3631
2025-09-01 00:00:00+05:30,10.41,10.93,9.89,10.85,187918
2025-09-02 00:00:00+05:30,10.85,11.15,10.31,11.01,52507
2025-09-03 00:00:00+05:30,11.18,11.18,10.47,11.07,54715
2025-09-04 00:00:00+05:30,10.9,11.15,10.8,11.07,22070
2025-09-05 00:00:00+05:30,11.19,11.34,10.61,11.04,16554
2025-09-08 00:00:00+05:30,11.04,11.04,10.49,10.87,11141
2025-09-09 00:00:00+05:30,10.87,10.87,10.33,10.44,14201
2025-09-10 00:00:00+05:30,10.49,10.96,10.22,10.86,32753
2025-09-11 00:00:00+05:30,10.91,11.15,10.33,10.54,7821
2025-09-12 00:00:00+05:30,10.8,10.8,10.23,10.7,956
2025-09-15 00:00:00+05:30,11.22,11.23,10.42,11.19,81016
2025-09-16 00:00:00+05:30,11.72,11.72,10.91,11.37,15326
2025-09-17 00:00:00+05:30,11.86,11.86,11.03,11.54,24545
2025-09-18 00:00:00+05:30,11.54,11.73,10.97,10.97,13552
2025-09-19 00:00:00+05:30,10.97,11.4,10.5,10.86,15137
