date,open,high,low,close,volume
2008-01-01 00:00:00+05:30,20.0,21.35,20.0,21.35,900
2008-01-02 00:00:00+05:30,22.4,22.4,22.4,22.4,1600
2008-01-03 00:00:00+05:30,23.5,23.5,23.5,23.5,200
2008-01-04 00:00:00+05:30,24.65,24.65,24.65,24.65,300
2008-01-07 00:00:00+05:30,25.85,25.85,25.85,25.85,1900
2008-01-08 00:00:00+05:30,27.1,27.1,25.15,25.15,4000
2008-01-09 00:00:00+05:30,25.5,26.4,24.55,26.0,3100
2008-01-10 00:00:00+05:30,26.95,27.25,26.25,26.25,1700
2008-01-11 00:00:00+05:30,27.55,27.55,24.95,26.95,1400
2008-01-14 00:00:00+05:30,26.0,26.0,25.65,25.65,600
2008-01-15 00:00:00+05:30,25.45,25.5,24.4,24.4,800
2008-01-17 00:00:00+05:30,24.4,24.4,24.4,24.4,500
2008-01-18 00:00:00+05:30,25.0,25.0,25.0,25.0,300
2008-01-23 00:00:00+05:30,23.8,23.8,23.8,23.8,100
2008-01-24 00:00:00+05:30,22.65,22.65,22.65,22.65,100
2008-01-29 00:00:00+05:30,21.55,21.55,21.55,21.55,100
2008-01-30 00:00:00+05:30,20.5,20.5,20.5,20.5,200
2008-02-01 00:00:00+05:30,19.5,19.5,19.5,19.5,200
2008-02-04 00:00:00+05:30,19.05,19.05,18.7,18.7,200
2008-02-05 00:00:00+05:30,18.05,18.05,17.95,17.95,300
2008-02-06 00:00:00+05:30,18.8,18.8,18.8,18.8,100
2008-02-13 00:00:00+05:30,17.89,17.89,17.89,17.89,100
2008-02-18 00:00:00+05:30,18.7,18.75,18.7,18.75,300
2008-02-21 00:00:00+05:30,19.64,19.64,18.75,18.75,800
2008-02-25 00:00:00+05:30,19.5,19.5,19.5,19.5,500
2008-02-27 00:00:00+05:30,18.55,18.55,18.55,18.55,600
2008-02-28 00:00:00+05:30,18.6,19.45,17.64,19.45,600
2008-02-29 00:00:00+05:30,18.5,18.5,18.5,18.5,1100
2008-03-05 00:00:00+05:30,19.39,19.39,19.39,19.39,100
2008-03-07 00:00:00+05:30,20.35,20.35,18.45,19.0,300
2008-03-10 00:00:00+05:30,18.1,19.89,18.1,19.89,200
2008-03-12 00:00:00+05:30,18.95,18.95,18.95,18.95,100
2008-03-13 00:00:00+05:30,18.05,18.05,18.05,18.05,100
2008-03-26 00:00:00+05:30,17.14,17.14,17.14,17.14,100
2008-03-27 00:00:00+05:30,16.3,16.3,16.3,16.3,100
2008-03-28 00:00:00+05:30,15.5,15.5,15.5,15.5,600
2008-03-31 00:00:00+05:30,14.75,14.75,14.75,14.75,100
2008-04-07 00:00:00+05:30,15.48,15.48,15.48,15.48,100
2008-04-08 00:00:00+05:30,15.5,15.5,14.71,14.71,700
2008-04-09 00:00:00+05:30,13.98,13.98,13.98,13.98,100
2008-04-11 00:00:00+05:30,14.64,14.65,14.64,14.65,400
2008-04-22 00:00:00+05:30,14.75,14.75,14.75,14.75,600
2008-04-23 00:00:00+05:30,15.48,15.48,15.48,15.48,500
2008-04-24 00:00:00+05:30,14.75,14.75,14.75,14.75,200
2008-04-25 00:00:00+05:30,14.14,15.48,14.14,15.48,800
2008-04-29 00:00:00+05:30,16.25,16.25,14.71,15.09,300
2008-05-05 00:00:00+05:30,15.1,15.1,14.75,14.75,200
2008-05-07 00:00:00+05:30,14.05,14.05,14.05,14.05,100
2008-05-09 00:00:00+05:30,13.35,13.35,13.35,13.35,200
2008-05-15 00:00:00+05:30,12.7,14.0,12.7,14.0,300
2008-05-16 00:00:00+05:30,13.35,13.35,13.35,13.35,100
2008-05-21 00:00:00+05:30,14.0,14.0,14.0,14.0,100
2008-05-22 00:00:00+05:30,14.7,14.7,13.75,13.75,300
2008-05-26 00:00:00+05:30,14.4,14.4,14.4,14.4,100
2008-05-30 00:00:00+05:30,13.7,13.7,13.7,13.7,200
2008-06-02 00:00:00+05:30,13.7,14.38,13.7,14.38,200
2008-06-04 00:00:00+05:30,15.09,15.09,15.09,15.09,100
2008-06-06 00:00:00+05:30,15.84,15.84,14.34,14.34,500
2008-06-27 00:00:00+05:30,13.63,13.63,13.63,13.63,100
2008-07-01 00:00:00+05:30,12.95,12.95,12.95,12.95,100
2008-07-02 00:00:00+05:30,12.31,12.31,12.31,12.31,100
2008-07-16 00:00:00+05:30,11.7,11.7,11.7,11.7,100
2008-07-28 00:00:00+05:30,11.5,11.5,11.5,11.5,100
2008-07-31 00:00:00+05:30,12.07,12.07,12.07,12.07,100
2008-08-01 00:00:00+05:30,12.67,12.67,12.67,12.67,100
2008-08-04 00:00:00+05:30,13.0,13.3,13.0,13.15,200
2008-08-05 00:00:00+05:30,13.8,13.8,13.8,13.8,200
2008-08-07 00:00:00+05:30,13.12,13.12,13.12,13.12,100
2008-08-11 00:00:00+05:30,13.77,13.77,13.77,13.77,100
2008-08-13 00:00:00+05:30,14.4,14.45,14.4,14.45,200
2008-08-14 00:00:00+05:30,15.17,15.17,15.17,15.17,100
2008-08-21 00:00:00+05:30,15.92,15.92,15.92,15.92,200
2008-08-22 00:00:00+05:30,16.71,16.71,16.71,16.71,300
2008-08-25 00:00:00+05:30,17.54,17.54,15.88,15.88,1900
2008-08-26 00:00:00+05:30,15.09,16.67,15.09,15.51,700
2008-08-27 00:00:00+05:30,14.78,14.78,14.78,14.78,100
2008-08-28 00:00:00+05:30,14.25,14.25,14.25,14.25,100
2008-08-29 00:00:00+05:30,14.96,14.96,14.96,14.96,100
2008-09-01 00:00:00+05:30,15.0,15.7,15.0,15.7,300
2008-09-02 00:00:00+05:30,16.48,16.48,16.48,16.48,1100
2008-09-05 00:00:00+05:30,17.3,17.3,17.3,17.3,1400
2008-09-08 00:00:00+05:30,16.44,18.16,16.44,18.16,1200
2008-09-11 00:00:00+05:30,17.26,19.05,17.26,19.05,1200
2008-09-12 00:00:00+05:30,18.11,19.98,18.11,18.51,900
2008-09-16 00:00:00+05:30,17.59,17.59,17.59,17.59,300
2008-09-17 00:00:00+05:30,16.75,16.75,16.72,16.73,800
2008-09-18 00:00:00+05:30,16.8,16.8,16.8,16.8,100
2008-09-19 00:00:00+05:30,15.97,15.97,15.97,15.97,100
2008-09-24 00:00:00+05:30,15.99,16.76,15.99,16.76,200
2008-09-29 00:00:00+05:30,15.93,15.93,15.93,15.93,100
2008-09-30 00:00:00+05:30,15.5,15.5,15.5,15.5,300
2008-10-01 00:00:00+05:30,14.75,14.75,14.75,14.75,100
2008-10-07 00:00:00+05:30,15.45,15.45,15.45,15.45,100
2008-10-15 00:00:00+05:30,14.7,14.7,14.7,14.7,100
2008-10-16 00:00:00+05:30,14.0,14.0,14.0,14.0,300
2008-10-17 00:00:00+05:30,13.35,13.35,13.35,13.35,100
2008-10-20 00:00:00+05:30,12.7,12.7,12.7,12.7,100
2008-11-06 00:00:00+05:30,13.33,13.33,13.33,13.33,2600
2008-11-10 00:00:00+05:30,13.99,13.99,13.99,13.99,100
2008-11-17 00:00:00+05:30,14.0,14.0,14.0,14.0,5100
2008-11-18 00:00:00+05:30,14.0,14.0,13.5,13.5,200
2008-11-21 00:00:00+05:30,14.13,14.13,14.13,14.13,100
2008-11-24 00:00:00+05:30,14.79,14.79,14.79,14.79,500
2008-11-25 00:00:00+05:30,15.3,15.3,15.3,15.3,100
2008-12-02 00:00:00+05:30,16.05,16.05,16.05,16.05,500
2008-12-03 00:00:00+05:30,15.25,16.05,15.25,16.05,600
2008-12-19 00:00:00+05:30,16.05,16.05,16.05,16.05,100
2009-01-29 00:00:00+05:30,15.25,15.25,15.25,15.25,300
2009-02-03 00:00:00+05:30,14.5,14.5,14.5,14.5,100
2009-02-04 00:00:00+05:30,13.8,13.8,13.8,13.8,100
2009-02-05 00:00:00+05:30,13.15,13.15,13.15,13.15,300
2009-02-06 00:00:00+05:30,12.5,12.5,12.5,12.5,400
2009-02-13 00:00:00+05:30,11.9,11.9,11.9,11.9,100
2009-03-18 00:00:00+05:30,11.32,11.32,10.76,10.76,1100
2009-03-20 00:00:00+05:30,10.76,10.76,10.23,10.23,200
2009-04-01 00:00:00+05:30,10.45,10.73,10.45,10.73,500
2009-04-02 00:00:00+05:30,11.26,11.26,11.26,11.26,100
2009-04-13 00:00:00+05:30,11.26,11.26,11.26,11.26,200
2009-04-15 00:00:00+05:30,11.1,11.1,11.1,11.1,500
2009-04-23 00:00:00+05:30,10.55,10.55,10.55,10.55,100
2009-05-04 00:00:00+05:30,11.07,11.07,11.07,11.07,100
2009-05-06 00:00:00+05:30,11.62,11.62,11.62,11.62,100
2009-05-20 00:00:00+05:30,10.5,10.5,10.5,10.5,100
2009-05-22 00:00:00+05:30,11.02,11.02,10.02,11.02,300
2009-05-27 00:00:00+05:30,11.02,11.02,11.02,11.02,200
2009-05-28 00:00:00+05:30,11.57,11.57,11.57,11.57,100
2009-06-01 00:00:00+05:30,12.14,12.14,12.14,12.14,100
2009-06-02 00:00:00+05:30,12.74,12.74,12.74,12.74,2100
2009-06-03 00:00:00+05:30,13.37,13.37,13.35,13.37,1200
2009-06-04 00:00:00+05:30,13.01,13.01,13.01,13.01,100
2009-06-05 00:00:00+05:30,12.36,13.66,12.36,13.66,1600
2009-06-08 00:00:00+05:30,13.5,13.5,13.5,13.5,300
2009-06-09 00:00:00+05:30,12.83,12.83,12.83,12.83,200
2009-06-10 00:00:00+05:30,13.47,13.47,13.47,13.47,100
2009-06-12 00:00:00+05:30,12.8,14.14,12.8,14.14,900
2009-06-15 00:00:00+05:30,14.84,14.84,14.84,14.84,700
2009-06-16 00:00:00+05:30,15.58,15.58,15.58,15.58,500
2009-06-17 00:00:00+05:30,16.35,16.35,16.35,16.35,300
2009-06-18 00:00:00+05:30,16.35,17.16,16.35,17.16,600
2009-06-19 00:00:00+05:30,16.3,16.35,16.3,16.35,800
2009-06-22 00:00:00+05:30,16.5,17.16,16.5,17.16,400
2009-06-23 00:00:00+05:30,16.5,16.8,16.5,16.8,800
2009-06-25 00:00:00+05:30,16.5,16.5,16.5,16.5,200
2009-06-29 00:00:00+05:30,17.32,17.32,17.01,17.01,200
2009-06-30 00:00:00+05:30,17.85,17.86,17.85,17.86,300
2009-07-01 00:00:00+05:30,18.75,18.75,18.75,18.75,100
2009-07-03 00:00:00+05:30,19.1,19.64,19.0,19.64,900
2009-07-14 00:00:00+05:30,19.0,19.0,19.0,19.0,100
2009-07-15 00:00:00+05:30,19.0,19.0,19.0,19.0,100
2009-07-16 00:00:00+05:30,19.0,19.0,19.0,19.0,500
2009-07-21 00:00:00+05:30,18.1,18.14,18.1,18.1,800
2009-07-23 00:00:00+05:30,17.2,17.2,17.2,17.2,300
2009-07-24 00:00:00+05:30,16.35,16.39,16.35,16.35,300
2009-07-28 00:00:00+05:30,15.55,15.55,15.55,15.55,100
2009-07-29 00:00:00+05:30,15.55,15.55,15.55,15.55,1000
2009-08-05 00:00:00+05:30,15.54,15.54,15.54,15.54,100
2009-08-07 00:00:00+05:30,14.77,14.77,14.77,14.77,200
2009-08-11 00:00:00+05:30,15.5,15.5,15.5,15.5,100
2009-08-14 00:00:00+05:30,15.5,15.5,15.5,15.5,100
2009-08-17 00:00:00+05:30,16.27,16.27,16.27,16.27,1000
2009-08-21 00:00:00+05:30,16.8,16.8,16.8,16.8,300
2009-08-27 00:00:00+05:30,18.5,18.5,18.5,18.5,100
2009-08-31 00:00:00+05:30,19.39,19.39,19.39,19.39,500
2009-09-02 00:00:00+05:30,21.35,21.35,21.35,21.35,600
2009-09-04 00:00:00+05:30,23.5,23.5,23.5,23.5,200
2009-09-07 00:00:00+05:30,24.65,24.65,24.65,24.65,100
2009-09-09 00:00:00+05:30,27.0,27.1,24.6,26.8,4700
2009-09-10 00:00:00+05:30,27.8,28.1,27.8,28.05,3300
2009-09-14 00:00:00+05:30,30.9,30.9,30.9,30.9,2300
2009-09-15 00:00:00+05:30,32.4,32.4,32.4,32.4,3400
2009-09-16 00:00:00+05:30,34.0,34.0,34.0,34.0,1900
2009-09-17 00:00:00+05:30,35.7,35.7,35.7,35.7,400
2009-09-18 00:00:00+05:30,37.45,37.45,37.45,37.45,900
2009-09-22 00:00:00+05:30,39.29,39.29,39.29,39.29,1200
2009-09-23 00:00:00+05:30,41.25,41.25,37.35,37.79,11700
2009-09-24 00:00:00+05:30,36.1,37.9,35.95,35.95,4300
2009-09-25 00:00:00+05:30,37.4,37.7,34.75,37.15,5100
2009-09-29 00:00:00+05:30,38.75,38.75,35.29,35.29,2600
2009-09-30 00:00:00+05:30,34.75,37.04,34.75,35.0,2400
2009-10-01 00:00:00+05:30,33.5,36.75,33.5,36.75,2600
2009-10-05 00:00:00+05:30,38.5,38.54,37.04,38.54,3600
2009-10-06 00:00:00+05:30,40.45,40.45,39.5,40.45,2600
2009-10-07 00:00:00+05:30,42.45,42.45,42.45,42.45,900
2009-10-08 00:00:00+05:30,44.55,44.55,44.55,44.55,1100
2009-10-09 00:00:00+05:30,46.75,46.75,46.75,46.75,2700
2009-10-12 00:00:00+05:30,49.0,49.05,44.45,44.45,5700
2009-10-15 00:00:00+05:30,20.05,20.05,20.05,20.05,1700
2009-10-16 00:00:00+05:30,19.05,19.05,19.05,19.05,600
2009-10-20 00:00:00+05:30,20.0,20.0,18.3,20.0,1200
2009-10-21 00:00:00+05:30,21.0,21.0,21.0,21.0,200
2009-10-22 00:00:00+05:30,22.05,22.05,22.05,22.05,800
2009-10-23 00:00:00+05:30,20.95,20.95,20.95,20.95,300
2009-10-27 00:00:00+05:30,19.95,20.95,19.95,20.95,600
2009-11-06 00:00:00+05:30,19.95,19.95,19.95,19.95,100
2009-11-09 00:00:00+05:30,19.0,19.0,19.0,19.0,100
2009-11-10 00:00:00+05:30,18.1,18.1,18.1,18.1,100
2009-11-11 00:00:00+05:30,17.2,17.2,17.2,17.2,100
2009-11-12 00:00:00+05:30,16.35,16.35,16.35,16.35,200
2009-11-13 00:00:00+05:30,15.55,15.55,15.55,15.55,200
2009-11-16 00:00:00+05:30,14.8,16.3,14.8,16.3,1600
2009-11-17 00:00:00+05:30,15.6,17.1,15.6,16.89,2600
2009-11-18 00:00:00+05:30,17.64,17.7,17.64,17.7,1000
2009-11-19 00:00:00+05:30,18.55,18.55,18.0,18.0,5200
2009-11-20 00:00:00+05:30,17.14,17.14,17.14,17.14,2400
2009-11-23 00:00:00+05:30,16.39,16.8,16.39,16.8,900
2009-11-24 00:00:00+05:30,16.39,16.5,16.39,16.5,500
2009-11-25 00:00:00+05:30,15.7,17.0,15.7,15.7,800
2009-11-26 00:00:00+05:30,14.95,16.39,14.95,16.35,400
2009-12-01 00:00:00+05:30,17.14,17.14,17.14,17.14,2100
2009-12-02 00:00:00+05:30,17.3,17.3,16.3,16.3,2400
2009-12-03 00:00:00+05:30,16.0,16.0,15.5,16.0,900
2009-12-04 00:00:00+05:30,16.75,16.8,15.3,15.3,5400
2009-12-07 00:00:00+05:30,16.05,16.05,16.05,16.05,2900
2009-12-08 00:00:00+05:30,16.85,16.85,16.85,16.85,1800
2009-12-09 00:00:00+05:30,17.64,17.64,17.64,17.64,400
2009-12-10 00:00:00+05:30,18.5,18.5,18.5,18.5,1400
2009-12-14 00:00:00+05:30,17.6,19.14,17.6,18.0,1000
2009-12-15 00:00:00+05:30,17.3,17.3,17.3,17.3,500
2009-12-16 00:00:00+05:30,16.5,16.5,16.45,16.5,900
2009-12-17 00:00:00+05:30,16.0,16.0,16.0,16.0,200
2009-12-18 00:00:00+05:30,16.75,16.75,16.0,16.0,400
2009-12-22 00:00:00+05:30,15.6,16.8,15.6,15.6,900
2009-12-23 00:00:00+05:30,16.0,16.0,15.15,15.25,1000
2009-12-24 00:00:00+05:30,15.5,16.0,15.5,16.0,2000
2009-12-29 00:00:00+05:30,16.8,16.8,15.25,15.3,3200
2009-12-30 00:00:00+05:30,15.95,16.05,15.95,16.05,1100
2009-12-31 00:00:00+05:30,15.5,15.5,15.5,15.5,100
2010-01-04 00:00:00+05:30,16.2,16.25,16.2,16.2,1100
2010-01-05 00:00:00+05:30,16.95,16.95,15.6,15.95,1900
2010-01-06 00:00:00+05:30,15.35,16.25,15.35,15.55,1500
2010-01-07 00:00:00+05:30,15.5,16.25,15.5,16.2,1800
2010-01-08 00:00:00+05:30,16.5,16.8,16.2,16.2,1300
2010-01-11 00:00:00+05:30,16.89,16.89,16.0,16.0,800
2010-01-12 00:00:00+05:30,16.7,16.8,16.7,16.8,800
2010-01-13 00:00:00+05:30,16.05,17.6,16.0,17.6,3100
2010-01-14 00:00:00+05:30,17.0,17.75,16.75,17.25,700
2010-01-15 00:00:00+05:30,17.0,17.0,16.5,16.75,600
2010-01-18 00:00:00+05:30,16.25,17.55,16.25,17.55,300
2010-01-19 00:00:00+05:30,18.39,18.39,18.39,18.39,1200
2010-01-20 00:00:00+05:30,19.25,19.3,17.8,18.85,3200
2010-01-21 00:00:00+05:30,18.6,18.7,17.95,17.95,2100
2010-01-22 00:00:00+05:30,17.95,17.95,17.1,17.1,200
2010-01-25 00:00:00+05:30,16.25,16.25,16.25,16.25,300
2010-01-27 00:00:00+05:30,15.5,15.5,15.45,15.5,700
2010-01-29 00:00:00+05:30,15.5,15.5,14.1,14.1,300
2010-02-01 00:00:00+05:30,13.75,13.75,13.5,13.6,900
2010-02-02 00:00:00+05:30,13.4,14.28,13.4,14.28,300
2010-02-03 00:00:00+05:30,13.75,13.75,13.75,13.75,100
2010-02-04 00:00:00+05:30,13.85,13.85,13.85,13.85,100
2010-02-08 00:00:00+05:30,13.5,13.5,13.2,13.2,1000
2010-02-09 00:00:00+05:30,13.0,13.0,12.6,12.6,400
2010-02-10 00:00:00+05:30,12.0,13.0,12.0,12.4,700
2010-02-11 00:00:00+05:30,11.8,12.05,11.79,11.79,1600
2010-02-16 00:00:00+05:30,11.25,12.37,11.21,12.37,300
2010-02-17 00:00:00+05:30,12.98,12.98,12.98,12.98,200
2010-02-18 00:00:00+05:30,13.62,13.62,13.62,13.62,500
2010-02-19 00:00:00+05:30,14.28,14.3,14.28,14.3,800
2010-02-22 00:00:00+05:30,15.01,15.01,15.01,15.01,600
2010-02-23 00:00:00+05:30,15.76,15.76,14.26,15.32,3600
2010-02-24 00:00:00+05:30,15.6,15.6,15.6,15.6,100
2010-02-26 00:00:00+05:30,15.5,15.5,14.83,14.83,300
2010-03-03 00:00:00+05:30,15.0,15.0,14.85,14.85,1000
2010-03-08 00:00:00+05:30,14.99,14.99,14.11,14.12,400
2010-03-10 00:00:00+05:30,13.55,13.55,13.5,13.5,1800
2010-03-11 00:00:00+05:30,12.85,12.85,12.83,12.84,600
2010-03-12 00:00:00+05:30,12.2,12.26,12.2,12.25,1200
2010-03-15 00:00:00+05:30,12.2,12.86,11.64,12.81,7000
2010-03-16 00:00:00+05:30,13.42,13.44,13.42,13.44,200
2010-03-17 00:00:00+05:30,13.0,13.0,13.0,13.0,100
2010-03-18 00:00:00+05:30,12.77,12.77,12.5,12.5,200
2010-03-19 00:00:00+05:30,12.5,13.0,12.0,13.0,2200
2010-03-22 00:00:00+05:30,12.5,12.5,12.5,12.5,300
2010-03-23 00:00:00+05:30,12.5,13.12,12.5,13.12,500
2010-03-25 00:00:00+05:30,12.6,12.6,12.49,12.49,2200
2010-03-26 00:00:00+05:30,11.87,11.9,11.87,11.9,1700
2010-03-29 00:00:00+05:30,11.32,12.49,11.31,12.49,2900
2010-03-31 00:00:00+05:30,12.99,13.0,12.99,13.0,500
2010-04-01 00:00:00+05:30,13.54,13.65,13.54,13.65,500
2010-04-05 00:00:00+05:30,13.5,14.2,13.0,14.19,1700
2010-04-06 00:00:00+05:30,14.19,14.2,13.49,13.49,1500
2010-04-07 00:00:00+05:30,13.49,13.49,13.49,13.49,300
2010-04-08 00:00:00+05:30,12.92,14.15,12.82,14.15,4300
2010-04-09 00:00:00+05:30,14.15,14.85,14.15,14.16,2300
2010-04-12 00:00:00+05:30,14.15,14.86,14.15,14.3,900
2010-04-13 00:00:00+05:30,14.2,14.2,14.2,14.2,200
2010-04-16 00:00:00+05:30,14.91,14.91,14.15,14.25,900
2010-04-19 00:00:00+05:30,14.85,14.89,13.57,13.57,2600
2010-04-20 00:00:00+05:30,13.5,14.2,13.03,14.2,400
2010-04-22 00:00:00+05:30,13.51,13.51,13.5,13.5,2100
2010-04-26 00:00:00+05:30,13.0,13.0,13.0,13.0,700
2010-04-27 00:00:00+05:30,13.01,13.01,13.0,13.0,1000
2010-04-29 00:00:00+05:30,12.36,12.36,12.36,12.36,200
2010-04-30 00:00:00+05:30,12.25,12.97,12.1,12.18,2300
2010-05-03 00:00:00+05:30,12.05,12.7,11.78,12.7,2200
2010-05-04 00:00:00+05:30,13.18,13.18,13.18,13.18,100
2010-05-05 00:00:00+05:30,13.49,13.49,13.49,13.49,200
2010-05-06 00:00:00+05:30,14.1,14.1,14.1,14.1,100
2010-05-07 00:00:00+05:30,13.4,13.4,13.4,13.4,100
2010-05-10 00:00:00+05:30,12.74,12.74,12.74,12.74,600
2010-05-13 00:00:00+05:30,13.0,13.0,13.0,13.0,4000
2010-05-14 00:00:00+05:30,13.0,13.0,13.0,13.0,5000
2010-05-17 00:00:00+05:30,13.0,13.0,13.0,13.0,2600
2010-05-19 00:00:00+05:30,13.0,13.0,13.0,13.0,700
2010-05-21 00:00:00+05:30,12.36,12.36,12.36,12.36,100
2010-05-24 00:00:00+05:30,12.0,12.0,12.0,12.0,200
2010-05-25 00:00:00+05:30,12.6,12.6,12.6,12.6,4700
2010-05-26 00:00:00+05:30,12.01,12.01,12.01,12.01,200
2010-05-27 00:00:00+05:30,12.61,12.61,12.61,12.61,2000
2010-05-31 00:00:00+05:30,12.01,12.01,12.0,12.0,800
2010-06-01 00:00:00+05:30,12.6,12.6,12.6,12.6,700
2010-06-04 00:00:00+05:30,13.2,13.23,13.15,13.23,1400
2010-06-09 00:00:00+05:30,12.57,12.57,12.57,12.57,100
2010-06-11 00:00:00+05:30,13.19,13.19,13.19,13.19,200
2010-06-14 00:00:00+05:30,12.54,12.54,12.54,12.54,200
2010-06-15 00:00:00+05:30,11.93,13.02,11.93,13.02,200
2010-06-16 00:00:00+05:30,13.0,13.0,13.0,13.0,500
2010-06-17 00:00:00+05:30,12.4,12.4,12.4,12.4,400
2010-06-18 00:00:00+05:30,13.0,13.02,13.0,13.02,500
2010-06-21 00:00:00+05:30,12.67,12.67,12.67,12.67,100
2010-06-23 00:00:00+05:30,12.1,12.1,12.1,12.1,100
2010-06-24 00:00:00+05:30,12.7,12.7,12.7,12.7,800
2010-06-28 00:00:00+05:30,13.33,13.33,13.32,13.33,2000
2010-06-29 00:00:00+05:30,13.45,13.45,13.45,13.45,700
2010-06-30 00:00:00+05:30,12.78,13.99,12.78,13.99,800
2010-07-01 00:00:00+05:30,13.3,13.36,13.3,13.36,800
2010-07-02 00:00:00+05:30,13.01,13.01,13.01,13.01,800
2010-07-05 00:00:00+05:30,13.0,13.6,12.66,12.66,500
2010-07-06 00:00:00+05:30,13.01,13.01,13.01,13.01,500
2010-07-07 00:00:00+05:30,13.0,13.0,13.0,13.0,400
2010-07-08 00:00:00+05:30,12.68,13.65,12.68,12.91,700
2010-07-09 00:00:00+05:30,12.9,13.55,12.51,13.55,6100
2010-07-12 00:00:00+05:30,14.2,14.2,14.0,14.0,300
2010-07-13 00:00:00+05:30,14.69,14.7,14.65,14.7,5400
2010-07-14 00:00:00+05:30,14.5,14.5,14.08,14.5,1000
2010-07-15 00:00:00+05:30,15.0,15.22,15.0,15.22,1100
2010-07-16 00:00:00+05:30,14.46,15.79,14.46,15.03,2200
2010-07-19 00:00:00+05:30,15.15,15.5,14.51,15.5,1900
2010-07-20 00:00:00+05:30,15.0,15.0,15.0,15.0,400
2010-07-21 00:00:00+05:30,15.0,15.0,14.28,14.31,1400
2010-07-23 00:00:00+05:30,14.01,14.01,14.01,14.01,500
2010-07-27 00:00:00+05:30,14.25,14.25,14.25,14.25,100
2010-07-28 00:00:00+05:30,14.0,14.0,13.61,13.61,1800
2010-07-29 00:00:00+05:30,13.03,13.03,13.03,13.03,100
2010-07-30 00:00:00+05:30,13.6,13.68,13.6,13.68,900
2010-08-02 00:00:00+05:30,13.06,13.1,13.06,13.06,1500
2010-08-03 00:00:00+05:30,13.71,13.71,13.71,13.71,200
2010-08-04 00:00:00+05:30,14.39,14.39,14.0,14.39,1100
2010-08-05 00:00:00+05:30,15.0,15.1,15.0,15.1,2400
2010-08-06 00:00:00+05:30,15.85,15.85,15.85,15.85,1000
2010-08-09 00:00:00+05:30,16.64,16.64,16.64,16.64,1600
2010-08-10 00:00:00+05:30,17.47,17.47,17.47,17.47,1200
2010-08-11 00:00:00+05:30,18.34,18.34,18.34,18.34,6600
2010-08-12 00:00:00+05:30,19.25,19.25,19.25,19.25,22200
2010-08-13 00:00:00+05:30,20.21,20.21,20.21,20.21,10300
2010-08-16 00:00:00+05:30,21.22,21.22,21.22,21.22,4800
2010-08-17 00:00:00+05:30,22.28,22.28,22.28,22.28,1200
2010-08-18 00:00:00+05:30,23.39,23.39,23.39,23.39,900
2010-08-19 00:00:00+05:30,24.55,24.55,24.55,24.55,4800
2010-08-20 00:00:00+05:30,25.77,25.77,25.77,25.77,26900
2010-08-23 00:00:00+05:30,27.05,27.05,27.05,27.05,6600
2010-08-24 00:00:00+05:30,28.4,28.4,28.4,28.4,14600
2010-08-25 00:00:00+05:30,28.7,28.7,26.99,26.99,1300
2010-08-26 00:00:00+05:30,25.65,25.65,25.65,25.65,1200
2010-08-27 00:00:00+05:30,24.37,24.37,24.37,24.37,13800
2010-08-30 00:00:00+05:30,25.49,25.49,23.16,23.16,11600
2010-08-31 00:00:00+05:30,22.01,22.01,22.01,22.01,2100
2010-09-01 00:00:00+05:30,20.95,21.05,20.95,21.05,3800
2010-09-02 00:00:00+05:30,20.35,22.0,20.35,22.0,3100
2010-09-03 00:00:00+05:30,22.0,22.0,21.8,21.8,300
2010-09-06 00:00:00+05:30,21.75,21.75,21.75,21.75,400
2010-09-07 00:00:00+05:30,21.5,21.75,20.7,20.75,1900
2010-09-08 00:00:00+05:30,19.8,19.89,19.75,19.89,300
2010-09-09 00:00:00+05:30,19.05,20.7,19.05,20.7,400
2010-09-13 00:00:00+05:30,21.7,21.7,21.7,21.7,1400
2010-09-14 00:00:00+05:30,22.75,22.75,20.65,20.65,700
2010-09-15 00:00:00+05:30,19.7,20.39,19.64,20.39,2900
2010-09-16 00:00:00+05:30,19.39,19.39,19.39,19.39,800
2010-09-17 00:00:00+05:30,18.8,19.95,18.64,18.7,1000
2010-09-20 00:00:00+05:30,18.05,19.6,18.05,18.25,1200
2010-09-21 00:00:00+05:30,19.14,19.14,19.14,19.14,1200
2010-09-22 00:00:00+05:30,18.35,18.5,18.2,18.25,3700
2010-09-27 00:00:00+05:30,17.5,17.7,17.5,17.7,500
2010-09-28 00:00:00+05:30,18.0,18.0,17.3,17.3,700
2010-09-29 00:00:00+05:30,16.64,18.14,16.64,18.14,800
2010-09-30 00:00:00+05:30,19.05,19.05,17.6,17.6,1100
2010-10-01 00:00:00+05:30,17.5,17.5,17.0,17.0,400
2010-10-04 00:00:00+05:30,16.75,17.85,16.75,17.85,2400
2010-10-05 00:00:00+05:30,18.7,18.7,18.0,18.0,800
2010-10-06 00:00:00+05:30,18.89,18.89,18.89,18.89,2200
2010-10-07 00:00:00+05:30,19.7,19.8,18.2,18.2,1100
2010-10-08 00:00:00+05:30,19.1,19.1,17.39,17.39,1600
2010-10-11 00:00:00+05:30,16.6,18.25,16.6,16.85,1100
2010-10-12 00:00:00+05:30,17.6,17.6,17.6,17.6,100
2010-10-13 00:00:00+05:30,18.0,18.45,17.6,18.45,1700
2010-10-14 00:00:00+05:30,17.6,19.35,17.6,19.35,800
2010-10-15 00:00:00+05:30,20.0,20.0,20.0,20.0,100
2010-10-18 00:00:00+05:30,19.05,19.1,19.05,19.1,600
2010-10-19 00:00:00+05:30,19.0,19.89,19.0,19.89,300
2010-10-21 00:00:00+05:30,19.0,19.0,18.95,18.95,300
2010-10-22 00:00:00+05:30,18.05,18.1,18.05,18.1,600
2010-10-25 00:00:00+05:30,18.05,19.0,18.05,19.0,1100
2010-10-29 00:00:00+05:30,18.75,19.6,18.39,18.55,2100
2010-11-01 00:00:00+05:30,17.64,17.64,17.64,17.64,400
2010-11-02 00:00:00+05:30,17.25,18.39,17.25,17.6,600
2010-11-03 00:00:00+05:30,16.8,17.05,16.8,17.0,900
2010-11-04 00:00:00+05:30,16.5,17.0,16.35,17.0,1600
2010-11-05 00:00:00+05:30,16.25,16.25,16.2,16.2,1000
2010-11-08 00:00:00+05:30,17.0,17.0,16.25,16.25,2200
2010-11-09 00:00:00+05:30,15.85,16.0,15.85,16.0,800
2010-11-10 00:00:00+05:30,16.75,16.8,16.75,16.8,200
2010-11-11 00:00:00+05:30,17.6,17.6,17.6,17.6,200
2010-11-12 00:00:00+05:30,16.8,18.14,16.75,18.14,1800
2010-11-16 00:00:00+05:30,17.25,17.25,17.25,17.25,100
2010-11-18 00:00:00+05:30,16.45,16.5,16.45,16.45,600
2010-11-19 00:00:00+05:30,15.7,15.8,15.7,15.8,1600
2010-11-22 00:00:00+05:30,16.55,16.55,16.5,16.55,2500
2010-11-23 00:00:00+05:30,15.75,15.75,15.75,15.75,300
2010-11-24 00:00:00+05:30,15.0,16.5,15.0,16.5,1500
2010-11-26 00:00:00+05:30,16.0,16.0,15.7,15.7,700
2010-11-29 00:00:00+05:30,15.7,15.7,15.0,15.0,600
2010-11-30 00:00:00+05:30,15.0,15.0,14.35,14.35,300
2010-12-01 00:00:00+05:30,13.9,15.0,13.85,15.0,700
2010-12-02 00:00:00+05:30,15.7,15.75,15.7,15.75,300
2010-12-03 00:00:00+05:30,16.53,16.53,16.53,16.53,100
2010-12-07 00:00:00+05:30,15.76,17.05,15.76,16.89,1000
2010-12-08 00:00:00+05:30,16.1,16.85,16.05,16.23,700
2010-12-09 00:00:00+05:30,15.5,16.73,15.5,16.73,600
2010-12-10 00:00:00+05:30,17.5,17.5,15.96,15.98,700
2010-12-13 00:00:00+05:30,15.2,15.2,15.2,15.2,300
2010-12-14 00:00:00+05:30,15.0,15.0,15.0,15.0,200
2010-12-16 00:00:00+05:30,14.26,15.0,14.26,15.0,1300
2010-12-21 00:00:00+05:30,14.76,14.76,14.26,14.26,800
2010-12-22 00:00:00+05:30,13.6,14.95,13.6,13.62,500
2010-12-23 00:00:00+05:30,13.99,14.0,13.06,13.06,400
2010-12-24 00:00:00+05:30,13.71,13.71,13.71,13.71,300
2010-12-27 00:00:00+05:30,13.05,13.06,13.05,13.05,2800
2010-12-28 00:00:00+05:30,13.65,13.7,12.6,13.46,4300
2010-12-29 00:00:00+05:30,14.09,14.09,14.08,14.09,1300
2010-12-31 00:00:00+05:30,13.55,14.59,13.39,13.79,2300
2011-01-04 00:00:00+05:30,13.5,14.4,13.5,14.4,1100
2011-01-05 00:00:00+05:30,13.69,13.75,13.69,13.7,1000
2011-01-07 00:00:00+05:30,13.55,13.55,13.5,13.5,300
2011-01-12 00:00:00+05:30,12.85,13.0,12.85,12.9,1700
2011-01-14 00:00:00+05:30,12.3,12.3,12.27,12.3,800
2011-01-17 00:00:00+05:30,12.91,12.91,11.82,11.82,300
2011-01-20 00:00:00+05:30,11.3,12.4,11.23,12.4,1900
2011-01-21 00:00:00+05:30,13.0,13.0,13.0,13.0,100
2011-01-25 00:00:00+05:30,12.4,12.4,12.4,12.4,100
2011-01-28 00:00:00+05:30,11.8,13.0,11.8,13.0,500
2011-02-01 00:00:00+05:30,12.5,13.65,12.5,13.65,5100
2011-02-03 00:00:00+05:30,12.97,13.0,12.97,13.0,500
2011-02-04 00:00:00+05:30,12.4,12.4,12.4,12.4,1100
2011-02-07 00:00:00+05:30,11.79,11.8,11.79,11.8,300
2011-02-08 00:00:00+05:30,12.39,12.39,12.39,12.39,300
2011-02-14 00:00:00+05:30,11.8,11.8,11.8,11.8,200
2011-02-25 00:00:00+05:30,12.35,12.35,11.26,11.26,600
2011-02-28 00:00:00+05:30,11.82,11.82,10.7,10.7,1200
2011-03-04 00:00:00+05:30,11.0,11.0,11.0,11.0,1200
2011-03-08 00:00:00+05:30,10.5,10.5,10.46,10.46,1000
2011-03-09 00:00:00+05:30,10.46,10.98,10.46,10.98,700
2011-03-10 00:00:00+05:30,11.5,11.5,11.5,11.5,100
2011-03-15 00:00:00+05:30,12.05,12.07,12.05,12.07,600
2011-03-21 00:00:00+05:30,12.0,12.0,12.0,12.0,400
2011-03-22 00:00:00+05:30,11.41,12.0,11.41,12.0,700
2011-03-24 00:00:00+05:30,12.54,12.55,12.54,12.54,200
2011-03-25 00:00:00+05:30,13.16,13.16,13.16,13.16,100
2011-03-28 00:00:00+05:30,13.81,13.81,12.51,13.75,2800
2011-03-29 00:00:00+05:30,13.75,13.75,13.75,13.75,200
2011-04-01 00:00:00+05:30,13.74,14.25,13.74,14.25,500
2011-04-04 00:00:00+05:30,14.0,14.85,14.0,14.08,1000
2011-04-06 00:00:00+05:30,13.5,14.75,13.5,14.75,2200
2011-04-07 00:00:00+05:30,14.75,15.3,14.75,14.75,2500
2011-04-08 00:00:00+05:30,15.4,15.4,15.4,15.4,300
2011-04-11 00:00:00+05:30,15.95,15.95,14.75,14.75,1200
2011-04-13 00:00:00+05:30,14.75,14.75,14.75,14.75,1400
2011-04-18 00:00:00+05:30,14.75,14.75,14.75,14.75,1200
2011-04-19 00:00:00+05:30,14.75,14.75,14.75,14.75,200
2011-04-21 00:00:00+05:30,14.75,14.75,14.75,14.75,100
2011-04-25 00:00:00+05:30,14.75,14.75,14.75,14.75,1100
2011-04-26 00:00:00+05:30,14.75,14.75,14.75,14.75,400
2011-04-27 00:00:00+05:30,14.75,14.75,14.75,14.75,600
2011-04-28 00:00:00+05:30,14.8,14.8,14.8,14.8,600
2011-04-29 00:00:00+05:30,14.75,14.75,14.75,14.75,1000
2011-05-03 00:00:00+05:30,14.75,14.75,14.75,14.75,400
2011-05-05 00:00:00+05:30,14.75,14.75,14.75,14.75,1300
2011-05-09 00:00:00+05:30,14.75,14.75,14.75,14.75,2000
2011-05-10 00:00:00+05:30,14.75,14.75,14.75,14.75,500
2011-05-12 00:00:00+05:30,14.75,14.75,14.75,14.75,300
2011-05-13 00:00:00+05:30,14.75,14.75,14.75,14.75,500
2011-05-16 00:00:00+05:30,14.77,14.77,14.77,14.77,100
2011-05-17 00:00:00+05:30,14.75,14.75,14.75,14.75,500
2011-05-18 00:00:00+05:30,14.75,14.76,14.75,14.76,500
2011-05-19 00:00:00+05:30,14.75,14.76,14.75,14.76,1300
2011-05-20 00:00:00+05:30,14.75,14.75,14.75,14.75,300
2011-05-23 00:00:00+05:30,14.75,14.75,14.75,14.75,11900
2011-05-26 00:00:00+05:30,14.75,15.48,14.75,15.48,200
2011-05-27 00:00:00+05:30,14.76,14.76,14.76,14.76,300
2011-06-02 00:00:00+05:30,14.76,15.0,14.76,15.0,500
2011-06-03 00:00:00+05:30,14.75,14.75,14.75,14.75,100
2011-06-06 00:00:00+05:30,15.48,15.48,15.48,15.48,600
2011-06-07 00:00:00+05:30,14.76,14.76,14.75,14.75,600
2011-06-09 00:00:00+05:30,14.75,14.75,14.75,14.75,100
2011-06-10 00:00:00+05:30,15.48,15.48,15.45,15.45,900
2011-06-15 00:00:00+05:30,14.76,14.76,14.76,14.76,100
2011-06-17 00:00:00+05:30,14.75,14.75,14.75,14.75,100
2011-06-20 00:00:00+05:30,14.75,14.75,14.75,14.75,1500
2011-06-21 00:00:00+05:30,14.75,14.75,14.75,14.75,300
2011-06-22 00:00:00+05:30,14.75,14.75,14.75,14.75,100
2011-06-23 00:00:00+05:30,14.75,14.75,14.75,14.75,1400
2011-06-24 00:00:00+05:30,14.75,14.75,14.75,14.75,500
2011-06-27 00:00:00+05:30,14.75,14.75,14.75,14.75,500
2011-06-28 00:00:00+05:30,14.75,14.75,14.75,14.75,1400
2011-06-30 00:00:00+05:30,14.75,14.75,14.75,14.75,400
2011-07-01 00:00:00+05:30,14.75,14.75,14.75,14.75,500
2011-07-05 00:00:00+05:30,14.75,14.75,14.75,14.75,1500
2011-07-06 00:00:00+05:30,15.0,15.0,15.0,15.0,100
2011-07-07 00:00:00+05:30,14.75,14.75,14.75,14.75,300
2011-07-11 00:00:00+05:30,14.75,15.48,14.75,15.48,500
2011-07-14 00:00:00+05:30,16.2,16.25,16.2,16.25,800
2011-07-15 00:00:00+05:30,16.7,16.7,16.7,16.7,200
2011-07-19 00:00:00+05:30,16.0,16.0,16.0,16.0,2000
2011-07-20 00:00:00+05:30,15.21,15.21,15.21,15.21,100
2011-07-22 00:00:00+05:30,14.8,14.8,14.76,14.76,200
2011-07-25 00:00:00+05:30,14.76,14.76,14.75,14.75,800
2011-07-27 00:00:00+05:30,15.48,15.48,14.75,14.75,600
2011-07-28 00:00:00+05:30,14.8,14.8,14.8,14.8,400
2011-07-29 00:00:00+05:30,14.75,14.75,14.75,14.75,800
2011-08-01 00:00:00+05:30,14.75,14.75,14.75,14.75,300
2011-08-03 00:00:00+05:30,14.75,14.75,14.75,14.75,1600
2011-08-04 00:00:00+05:30,14.75,14.75,14.03,14.03,200
2011-08-05 00:00:00+05:30,14.73,14.73,14.73,14.73,300
2011-08-08 00:00:00+05:30,14.73,14.73,14.73,14.73,400
2011-08-09 00:00:00+05:30,14.73,14.73,14.73,14.73,300
2011-08-10 00:00:00+05:30,14.75,14.75,14.75,14.75,100
2011-08-16 00:00:00+05:30,14.75,14.75,14.75,14.75,2000
2011-08-18 00:00:00+05:30,14.75,14.75,14.75,14.75,1200
2011-08-19 00:00:00+05:30,14.75,14.75,14.75,14.75,1000
2011-08-22 00:00:00+05:30,14.75,14.75,14.75,14.75,100
2011-08-24 00:00:00+05:30,14.75,14.75,14.75,14.75,300
2011-08-30 00:00:00+05:30,14.03,14.03,14.03,14.03,100
2011-09-02 00:00:00+05:30,13.35,13.35,13.35,13.35,200
2011-09-05 00:00:00+05:30,13.0,13.0,13.0,13.0,300
2011-09-06 00:00:00+05:30,12.36,12.36,12.36,12.36,200
2011-09-09 00:00:00+05:30,11.75,12.9,11.75,11.76,1800
2011-09-14 00:00:00+05:30,12.18,12.18,12.18,12.18,100
2011-09-19 00:00:00+05:30,12.78,12.78,12.78,12.78,100
2011-09-20 00:00:00+05:30,13.4,13.4,13.4,13.4,100
2011-09-21 00:00:00+05:30,12.74,12.74,12.74,12.74,2500
2011-09-22 00:00:00+05:30,12.11,13.3,12.11,13.3,8400
2011-09-26 00:00:00+05:30,13.95,13.96,13.95,13.96,3200
2011-09-27 00:00:00+05:30,13.27,13.27,13.27,13.27,4600
2011-09-28 00:00:00+05:30,12.61,12.61,12.61,12.61,500
2011-09-29 00:00:00+05:30,12.0,12.0,11.98,11.98,200
2011-10-04 00:00:00+05:30,11.5,11.5,11.39,11.39,600
2011-10-12 00:00:00+05:30,11.2,11.25,11.2,11.25,2400
2011-10-13 00:00:00+05:30,11.1,11.1,11.1,11.1,400
2011-10-19 00:00:00+05:30,10.55,11.65,10.55,11.65,500
2011-10-21 00:00:00+05:30,11.1,11.1,11.1,11.1,200
2011-10-25 00:00:00+05:30,11.15,11.2,11.15,11.2,900
2011-10-28 00:00:00+05:30,11.75,11.75,11.25,11.25,2400
2011-11-02 00:00:00+05:30,10.75,10.75,10.75,10.75,200
2011-11-03 00:00:00+05:30,10.53,10.53,10.5,10.5,400
2011-11-08 00:00:00+05:30,10.01,10.01,10.01,10.01,200
2011-11-11 00:00:00+05:30,10.01,10.01,10.01,10.01,1900
2011-11-15 00:00:00+05:30,10.51,10.51,10.51,10.51,200
2011-11-16 00:00:00+05:30,10.93,10.93,10.93,10.93,1400
2011-11-17 00:00:00+05:30,11.47,11.47,11.0,11.0,2200
2011-11-18 00:00:00+05:30,11.55,11.55,11.55,11.55,600
2011-11-24 00:00:00+05:30,12.0,12.12,12.0,12.12,2100
2011-11-25 00:00:00+05:30,12.72,12.72,12.72,12.72,5900
2011-11-28 00:00:00+05:30,13.35,13.35,13.35,13.35,1100
2011-11-29 00:00:00+05:30,14.01,14.01,14.01,14.01,1700
2011-12-02 00:00:00+05:30,14.5,14.71,14.5,14.71,4900
2011-12-05 00:00:00+05:30,15.0,15.0,15.0,15.0,1000
2011-12-08 00:00:00+05:30,14.26,14.26,14.26,14.26,400
2011-12-14 00:00:00+05:30,14.97,14.97,14.97,14.97,300
2011-12-21 00:00:00+05:30,14.23,14.23,14.23,14.23,2000
2011-12-26 00:00:00+05:30,13.52,13.52,13.52,13.52,100
2011-12-28 00:00:00+05:30,12.85,12.85,12.85,12.85,200
2011-12-29 00:00:00+05:30,13.4,13.4,13.4,13.4,2500
2012-01-12 00:00:00+05:30,14.07,14.07,14.07,14.07,100
2012-01-13 00:00:00+05:30,14.07,14.77,14.07,14.77,300
2012-01-16 00:00:00+05:30,15.5,15.5,15.5,15.5,1000
2012-01-17 00:00:00+05:30,16.25,16.25,16.25,16.25,1000
2012-01-18 00:00:00+05:30,15.44,15.44,15.44,15.44,500
2012-01-20 00:00:00+05:30,15.0,15.0,15.0,15.0,600
2012-01-23 00:00:00+05:30,14.26,14.26,14.26,14.26,200
2012-02-03 00:00:00+05:30,13.55,13.55,13.55,13.55,100
2012-02-15 00:00:00+05:30,13.0,13.0,13.0,13.0,200
2012-02-21 00:00:00+05:30,13.4,13.4,13.4,13.4,1000
2012-02-23 00:00:00+05:30,12.74,12.74,12.74,12.74,100
2012-02-24 00:00:00+05:30,13.37,13.37,13.37,13.37,200
2012-02-28 00:00:00+05:30,13.0,14.03,13.0,14.03,500
2012-03-02 00:00:00+05:30,14.4,14.4,14.4,14.4,1000
2012-03-06 00:00:00+05:30,13.69,13.69,13.69,13.69,100
2012-03-09 00:00:00+05:30,13.02,13.02,13.02,13.02,200
2012-03-12 00:00:00+05:30,12.5,12.5,12.5,12.5,200
2012-03-20 00:00:00+05:30,11.88,11.88,11.88,11.88,200
2012-03-22 00:00:00+05:30,12.47,12.47,12.47,12.47,100
2012-03-26 00:00:00+05:30,12.47,12.47,12.47,12.47,200
2012-03-28 00:00:00+05:30,11.85,12.0,11.85,11.92,5000
2012-04-11 00:00:00+05:30,12.5,12.5,12.5,12.5,3000
2012-04-13 00:00:00+05:30,12.5,13.0,12.5,12.95,5500
2012-04-16 00:00:00+05:30,12.5,12.5,12.5,12.5,100
2012-04-17 00:00:00+05:30,12.51,12.51,12.5,12.5,200
2012-04-18 00:00:00+05:30,12.55,13.0,12.55,13.0,2700
2012-04-23 00:00:00+05:30,13.0,13.0,13.0,13.0,100
2012-04-27 00:00:00+05:30,13.6,13.6,13.6,13.6,1000
2012-05-02 00:00:00+05:30,14.28,14.28,13.25,14.28,5700
2012-05-03 00:00:00+05:30,13.58,13.58,13.58,13.58,100
2012-05-04 00:00:00+05:30,12.93,12.93,12.91,12.91,3400
2012-05-08 00:00:00+05:30,13.5,13.5,13.5,13.5,1000
2012-05-10 00:00:00+05:30,13.95,13.95,13.95,13.95,2000
2012-05-16 00:00:00+05:30,13.3,13.3,13.3,13.3,2000
2012-05-18 00:00:00+05:30,13.95,13.95,13.95,13.95,1000
2012-05-22 00:00:00+05:30,13.26,13.26,13.26,13.26,400
2012-05-23 00:00:00+05:30,12.65,13.9,12.65,13.9,2000
2012-05-24 00:00:00+05:30,14.59,14.59,14.59,14.59,100
2012-05-25 00:00:00+05:30,15.0,15.0,15.0,15.0,1000
2012-06-04 00:00:00+05:30,14.26,14.26,14.26,14.26,1000
2012-06-06 00:00:00+05:30,13.55,13.55,13.55,13.55,100
2012-06-08 00:00:00+05:30,14.0,14.0,14.0,14.0,500
2012-06-12 00:00:00+05:30,13.35,13.35,13.35,13.35,3500
2012-06-19 00:00:00+05:30,13.0,13.0,13.0,13.0,1000
2012-06-20 00:00:00+05:30,13.65,13.65,12.37,13.25,4400
2012-06-22 00:00:00+05:30,13.25,13.91,13.25,13.91,5600
2012-06-25 00:00:00+05:30,13.7,13.7,13.22,13.22,1550
2012-06-26 00:00:00+05:30,12.57,12.57,12.56,12.56,200
2012-06-27 00:00:00+05:30,13.0,13.17,13.0,13.17,568200
2012-06-28 00:00:00+05:30,13.0,13.0,13.0,13.0,200
2012-06-29 00:00:00+05:30,13.65,13.65,13.64,13.65,208
2012-07-02 00:00:00+05:30,14.33,14.33,14.33,14.33,300
2012-07-03 00:00:00+05:30,14.5,14.5,14.5,14.5,500
2012-07-04 00:00:00+05:30,14.0,14.0,14.0,14.0,100
2012-07-05 00:00:00+05:30,14.0,14.7,14.0,14.7,3600
2012-07-06 00:00:00+05:30,15.0,15.0,15.0,15.0,500
2012-07-09 00:00:00+05:30,15.15,15.15,15.15,15.15,500
2012-07-10 00:00:00+05:30,15.2,15.2,15.2,15.2,1000
2012-07-11 00:00:00+05:30,15.0,15.96,14.45,15.96,6750
2012-07-12 00:00:00+05:30,15.17,15.17,15.17,15.17,90
2012-07-13 00:00:00+05:30,14.45,15.25,14.45,15.13,560
2012-07-17 00:00:00+05:30,14.38,15.15,14.38,15.15,450
2012-07-18 00:00:00+05:30,15.25,15.25,15.0,15.0,29
2012-07-20 00:00:00+05:30,14.3,14.3,14.3,14.3,1000
2012-07-23 00:00:00+05:30,13.59,15.01,13.59,15.01,10704
2012-07-24 00:00:00+05:30,15.7,15.76,15.7,15.76,156
2012-07-30 00:00:00+05:30,16.0,16.0,16.0,16.0,1000
2012-08-08 00:00:00+05:30,15.25,15.3,15.25,15.25,150
2012-08-09 00:00:00+05:30,14.5,14.5,14.5,14.5,150
2012-08-10 00:00:00+05:30,13.8,13.8,13.8,13.8,30
2012-08-14 00:00:00+05:30,14.0,14.0,14.0,14.0,180
2012-08-16 00:00:00+05:30,14.0,14.0,14.0,14.0,60
2012-08-17 00:00:00+05:30,14.0,14.0,14.0,14.0,250
2012-08-21 00:00:00+05:30,14.0,14.7,14.0,14.7,250
2012-08-22 00:00:00+05:30,14.0,14.0,14.0,14.0,101
2012-08-23 00:00:00+05:30,13.35,14.7,13.35,14.7,85
2012-08-24 00:00:00+05:30,14.5,15.25,14.5,14.95,2880
2012-08-27 00:00:00+05:30,14.25,14.25,14.25,14.25,50
2012-08-28 00:00:00+05:30,14.5,14.95,13.55,14.95,1210
2012-08-31 00:00:00+05:30,14.3,14.9,14.3,14.65,2500
2012-09-03 00:00:00+05:30,14.1,14.1,14.1,14.1,2500
2012-09-04 00:00:00+05:30,13.8,13.8,13.45,13.45,1000
2012-09-05 00:00:00+05:30,12.78,14.1,12.78,12.79,1450
2012-09-06 00:00:00+05:30,12.75,13.42,12.75,13.42,1909
2012-09-10 00:00:00+05:30,12.8,14.0,12.8,14.0,460
2012-09-11 00:00:00+05:30,14.0,14.67,14.0,14.47,1300
2012-09-12 00:00:00+05:30,14.5,15.15,14.5,15.15,51
2012-09-13 00:00:00+05:30,14.55,14.55,14.55,14.55,281
2012-09-14 00:00:00+05:30,13.84,14.85,13.83,14.84,1715
2012-09-17 00:00:00+05:30,14.12,14.12,14.11,14.11,510
2012-09-24 00:00:00+05:30,13.41,13.41,13.41,13.41,400
2012-09-25 00:00:00+05:30,12.74,14.08,12.74,14.05,860
2012-09-26 00:00:00+05:30,13.51,13.51,13.5,13.5,206
2012-09-27 00:00:00+05:30,14.17,14.17,14.17,14.17,2705
2012-09-28 00:00:00+05:30,14.0,14.87,14.0,14.87,3009
2012-10-03 00:00:00+05:30,14.31,14.69,14.15,14.15,805
2012-10-04 00:00:00+05:30,13.47,13.48,13.47,13.47,1080
2012-10-05 00:00:00+05:30,13.0,14.1,13.0,14.1,250
2012-10-08 00:00:00+05:30,14.25,14.8,14.25,14.75,2890
2012-10-09 00:00:00+05:30,14.29,14.89,14.27,14.65,1800
2012-10-10 00:00:00+05:30,14.2,15.2,13.94,13.97,3473
2012-10-11 00:00:00+05:30,13.42,13.45,13.38,13.39,557
2012-10-12 00:00:00+05:30,14.05,14.05,14.05,14.05,200
2012-10-15 00:00:00+05:30,14.0,14.0,14.0,14.0,50
2012-10-17 00:00:00+05:30,13.51,13.51,13.51,13.51,50
2012-10-18 00:00:00+05:30,13.01,13.01,13.01,13.01,90
2012-10-19 00:00:00+05:30,12.41,13.66,12.41,13.66,625
2012-10-22 00:00:00+05:30,13.2,13.2,12.98,12.98,150
2012-10-23 00:00:00+05:30,12.45,13.6,12.35,13.6,336
2012-10-25 00:00:00+05:30,12.98,12.98,12.98,12.98,52
2012-10-26 00:00:00+05:30,13.62,13.62,13.62,13.62,100
2012-10-29 00:00:00+05:30,12.94,12.94,12.94,12.94,80
2012-10-30 00:00:00+05:30,12.35,12.35,12.35,12.35,500
2012-10-31 00:00:00+05:30,12.2,12.2,11.75,11.75,500
2012-11-07 00:00:00+05:30,11.3,11.8,11.3,11.51,350
2012-11-09 00:00:00+05:30,11.0,12.08,10.95,12.08,1840
2012-11-16 00:00:00+05:30,12.2,12.2,12.0,12.0,1000
2012-11-19 00:00:00+05:30,11.76,12.5,11.75,12.5,3120
2012-11-20 00:00:00+05:30,12.5,12.5,12.5,12.5,500
2012-11-21 00:00:00+05:30,12.5,12.5,12.5,12.5,400
2012-11-22 00:00:00+05:30,13.12,13.12,13.12,13.12,100
2012-11-23 00:00:00+05:30,12.5,12.5,12.5,12.5,150
2012-11-26 00:00:00+05:30,12.0,12.0,12.0,12.0,100
2012-11-27 00:00:00+05:30,12.0,12.6,12.0,12.6,800
2012-11-29 00:00:00+05:30,12.0,13.23,12.0,13.23,1000
2012-11-30 00:00:00+05:30,13.23,13.89,13.23,13.89,1530
2012-12-03 00:00:00+05:30,13.25,14.58,13.25,14.5,1752
2012-12-04 00:00:00+05:30,14.0,14.8,13.81,14.8,814
2012-12-05 00:00:00+05:30,14.5,14.8,14.5,14.8,300
2012-12-07 00:00:00+05:30,14.5,14.55,14.5,14.55,177
2012-12-10 00:00:00+05:30,15.27,15.27,15.27,15.27,1
2012-12-11 00:00:00+05:30,15.53,16.03,15.53,16.03,1112
2012-12-12 00:00:00+05:30,16.82,16.82,15.24,16.14,1051
2012-12-13 00:00:00+05:30,16.0,16.95,16.0,16.12,2704
2012-12-14 00:00:00+05:30,15.4,16.82,15.4,16.48,3510
2012-12-17 00:00:00+05:30,17.19,17.3,16.13,17.19,1632
2012-12-18 00:00:00+05:30,18.04,18.04,16.36,18.04,3421
2012-12-19 00:00:00+05:30,18.94,18.94,18.25,18.94,2650
2012-12-20 00:00:00+05:30,19.88,19.88,18.0,18.5,5226
2012-12-21 00:00:00+05:30,18.96,18.96,18.96,18.96,1
2012-12-24 00:00:00+05:30,18.02,18.02,18.02,18.02,90
2012-12-26 00:00:00+05:30,18.82,18.85,17.36,18.14,1602
2012-12-27 00:00:00+05:30,18.82,18.82,17.23,17.23,804
2012-12-28 00:00:00+05:30,16.39,16.39,16.39,16.39,250
2012-12-31 00:00:00+05:30,16.6,17.2,15.62,16.98,954
2013-01-01 00:00:00+05:30,17.8,17.8,16.14,16.14,352
2013-01-02 00:00:00+05:30,16.8,16.8,16.8,16.8,1
2013-01-03 00:00:00+05:30,16.0,16.0,16.0,16.0,25
2013-01-04 00:00:00+05:30,16.64,16.64,15.25,15.25,201
2013-01-07 00:00:00+05:30,16.0,16.0,14.5,14.8,326
2013-01-08 00:00:00+05:30,14.2,15.4,14.2,15.4,513
2013-01-09 00:00:00+05:30,14.7,14.75,14.7,14.7,1170
2013-01-10 00:00:00+05:30,14.05,14.2,14.05,14.2,160
2013-01-11 00:00:00+05:30,14.9,14.9,14.9,14.9,180
2013-01-14 00:00:00+05:30,15.55,15.6,15.55,15.6,350
2013-01-15 00:00:00+05:30,15.6,15.6,15.0,15.0,830
2013-01-16 00:00:00+05:30,14.5,15.6,14.5,15.55,542
2013-01-17 00:00:00+05:30,15.55,15.85,14.8,14.8,5855
2013-01-21 00:00:00+05:30,15.4,15.4,15.4,15.4,1
2013-01-22 00:00:00+05:30,14.65,14.9,14.65,14.9,1000
2013-01-23 00:00:00+05:30,15.55,15.55,15.0,15.0,1001
2013-01-24 00:00:00+05:30,14.3,14.3,14.3,14.3,1000
2013-01-25 00:00:00+05:30,13.7,13.7,13.7,13.7,150
2013-01-28 00:00:00+05:30,14.25,14.25,13.05,13.05,1200
2013-01-29 00:00:00+05:30,12.5,13.0,12.45,13.0,375
2013-01-30 00:00:00+05:30,12.75,12.75,12.75,12.75,50
2013-02-07 00:00:00+05:30,13.0,13.35,13.0,13.35,200
2013-02-11 00:00:00+05:30,14.01,14.01,14.01,14.01,1150
2013-02-12 00:00:00+05:30,13.31,13.31,13.31,13.31,30
2013-02-13 00:00:00+05:30,13.15,13.15,13.15,13.15,100
2013-02-14 00:00:00+05:30,12.66,12.66,12.54,12.54,600
2013-02-15 00:00:00+05:30,12.05,12.05,12.01,12.01,200
2013-02-18 00:00:00+05:30,12.5,12.5,12.5,12.5,2000
2013-02-19 00:00:00+05:30,11.95,11.95,11.95,11.95,50
2013-02-22 00:00:00+05:30,12.54,12.54,12.54,12.54,2000
2013-02-25 00:00:00+05:30,11.95,11.95,11.95,11.95,50
2013-02-26 00:00:00+05:30,11.4,11.4,11.4,11.4,200
2013-03-01 00:00:00+05:30,11.0,11.0,11.0,11.0,2000
2013-03-05 00:00:00+05:30,11.5,11.55,11.5,11.55,180
2013-03-07 00:00:00+05:30,11.0,11.0,11.0,11.0,650
2013-03-08 00:00:00+05:30,10.55,10.55,10.55,10.55,100
2013-03-11 00:00:00+05:30,10.1,10.15,10.1,10.15,475
2013-03-12 00:00:00+05:30,9.75,10.65,9.75,10.65,630
2013-03-13 00:00:00+05:30,11.0,11.18,10.11,10.11,6371
2013-03-19 00:00:00+05:30,9.61,9.61,9.61,9.61,460
2013-03-25 00:00:00+05:30,9.5,9.5,9.5,9.5,540000
2013-03-26 00:00:00+05:30,9.5,9.5,9.5,9.5,740
2013-03-28 00:00:00+05:30,9.03,9.03,9.03,9.03,11
2013-04-01 00:00:00+05:30,8.59,9.0,8.59,9.0,1011
2013-04-02 00:00:00+05:30,8.56,8.56,8.56,8.56,11
2013-04-03 00:00:00+05:30,8.26,8.26,8.26,8.26,11
2013-04-04 00:00:00+05:30,7.85,7.85,7.85,7.85,11
2013-04-05 00:00:00+05:30,7.46,8.24,7.46,8.24,700
2013-04-29 00:00:00+05:30,7.85,7.85,7.85,7.85,60
2013-05-03 00:00:00+05:30,8.24,8.24,8.24,8.24,50
2013-05-24 00:00:00+05:30,8.0,8.0,8.0,8.0,500
2013-06-05 00:00:00+05:30,7.61,7.61,7.61,7.61,100
2013-06-06 00:00:00+05:30,7.23,7.23,7.23,7.23,100
2013-06-10 00:00:00+05:30,6.87,6.87,6.87,6.87,900
2013-06-18 00:00:00+05:30,7.0,7.0,7.0,7.0,2600
2013-06-21 00:00:00+05:30,6.67,6.7,6.67,6.7,200
2013-06-28 00:00:00+05:30,6.37,7.03,6.37,7.03,260
2013-08-20 00:00:00+05:30,7.38,7.38,7.38,7.38,200
2013-08-21 00:00:00+05:30,7.74,7.74,7.74,7.74,300
2013-08-22 00:00:00+05:30,7.74,7.74,7.74,7.74,100
2013-08-28 00:00:00+05:30,7.45,7.45,7.45,7.45,1000
2013-08-29 00:00:00+05:30,7.81,7.81,7.1,7.1,1100
2013-08-30 00:00:00+05:30,6.85,6.85,6.85,6.85,1000
2013-09-02 00:00:00+05:30,6.52,6.52,6.52,6.52,499000
2013-09-04 00:00:00+05:30,6.51,6.51,6.2,6.2,34000
2013-09-17 00:00:00+05:30,6.2,6.2,6.2,6.2,500
2013-09-19 00:00:00+05:30,6.51,6.51,6.51,6.51,300
2013-09-20 00:00:00+05:30,6.83,6.83,6.83,6.83,460
2013-09-23 00:00:00+05:30,7.17,7.17,7.17,7.17,1
2013-09-26 00:00:00+05:30,7.52,7.52,7.52,7.52,3000
2013-09-30 00:00:00+05:30,7.89,7.89,7.89,7.89,100
2013-10-01 00:00:00+05:30,8.27,8.27,8.27,8.27,650
2013-10-04 00:00:00+05:30,8.69,8.69,8.69,8.69,1
2013-10-09 00:00:00+05:30,8.26,8.26,8.26,8.26,150
2013-10-11 00:00:00+05:30,8.67,8.67,7.85,7.85,619
2013-10-14 00:00:00+05:30,8.24,8.24,7.57,7.57,300
2013-10-17 00:00:00+05:30,7.94,7.94,7.94,7.94,50
2013-10-29 00:00:00+05:30,7.95,8.33,7.95,8.33,475
2013-11-14 00:00:00+05:30,8.73,8.73,8.73,8.73,100
2013-11-25 00:00:00+05:30,8.3,8.3,8.3,8.3,225
2013-12-20 00:00:00+05:30,7.89,7.89,7.89,7.89,200
2014-01-08 00:00:00+05:30,7.5,7.5,7.5,7.5,500
2014-01-13 00:00:00+05:30,7.13,7.13,7.13,7.13,25
2014-01-14 00:00:00+05:30,6.9,6.9,6.86,6.86,275
2014-01-15 00:00:00+05:30,7.2,7.2,7.2,7.2,260
2014-01-20 00:00:00+05:30,7.56,7.56,7.56,7.56,50
2014-01-21 00:00:00+05:30,7.93,7.93,7.93,7.93,1
2014-01-22 00:00:00+05:30,8.32,8.32,8.32,8.32,1
2014-01-23 00:00:00+05:30,8.73,8.73,8.73,8.73,1
2014-01-24 00:00:00+05:30,9.16,9.16,9.16,9.16,860
2014-01-28 00:00:00+05:30,9.61,9.61,9.61,9.61,1
2014-01-29 00:00:00+05:30,10.09,10.09,10.09,10.09,1
2014-01-30 00:00:00+05:30,10.59,10.59,10.59,10.59,60
2014-01-31 00:00:00+05:30,11.11,11.11,11.11,11.11,1
2014-02-03 00:00:00+05:30,11.66,11.66,11.66,11.66,2
2014-02-04 00:00:00+05:30,12.24,12.24,12.24,12.24,201
2014-02-05 00:00:00+05:30,12.85,12.85,12.85,12.85,425
2014-02-06 00:00:00+05:30,13.49,13.49,13.49,13.49,48
2014-02-07 00:00:00+05:30,13.75,13.75,13.75,13.75,11
2014-02-10 00:00:00+05:30,14.02,14.02,14.02,14.02,2418
2014-02-11 00:00:00+05:30,14.3,14.3,14.3,14.3,4120
2014-02-12 00:00:00+05:30,14.57,14.57,14.3,14.3,150
2014-02-13 00:00:00+05:30,14.02,14.44,14.02,14.44,2
2014-02-14 00:00:00+05:30,14.16,14.5,14.16,14.5,4
2014-02-17 00:00:00+05:30,14.79,14.79,14.75,14.75,5571
2014-02-21 00:00:00+05:30,14.75,14.75,14.5,14.5,1010
2014-02-25 00:00:00+05:30,14.5,14.5,14.3,14.3,206
2014-02-26 00:00:00+05:30,14.58,14.58,14.58,14.58,1300
2014-02-28 00:00:00+05:30,14.87,14.87,14.87,14.87,101
2014-03-03 00:00:00+05:30,15.16,15.16,15.0,15.0,200
2014-03-04 00:00:00+05:30,15.3,15.3,15.3,15.3,150
2014-03-05 00:00:00+05:30,15.6,15.6,15.59,15.59,500
2014-03-06 00:00:00+05:30,15.9,15.9,15.9,15.9,1208
2014-03-07 00:00:00+05:30,16.0,16.0,16.0,16.0,1142
2014-03-10 00:00:00+05:30,15.69,15.7,15.69,15.7,900
2014-03-11 00:00:00+05:30,16.01,16.01,16.01,16.01,500
2014-03-13 00:00:00+05:30,16.0,16.0,16.0,16.0,1850
2014-03-18 00:00:00+05:30,15.99,16.0,15.8,16.0,2154
2014-03-19 00:00:00+05:30,16.0,16.0,16.0,16.0,700
2014-03-20 00:00:00+05:30,16.0,16.0,16.0,16.0,850
2014-03-26 00:00:00+05:30,16.25,16.3,16.25,16.3,950
2014-03-27 00:00:00+05:30,16.6,16.6,16.6,16.6,40
2014-04-01 00:00:00+05:30,16.3,16.3,16.3,16.3,450
2014-04-03 00:00:00+05:30,16.6,16.6,16.5,16.5,995
2014-04-04 00:00:00+05:30,16.8,16.8,16.8,16.8,212
2014-04-09 00:00:00+05:30,16.5,16.5,16.5,16.5,665
2014-04-10 00:00:00+05:30,16.2,16.2,16.2,16.2,2
2014-04-11 00:00:00+05:30,15.9,16.0,15.9,16.0,485
2014-04-16 00:00:00+05:30,16.0,16.3,16.0,16.3,210
2014-04-17 00:00:00+05:30,16.0,16.0,16.0,16.0,25
2014-04-21 00:00:00+05:30,15.95,16.0,15.95,16.0,500
2014-04-23 00:00:00+05:30,16.0,16.0,16.0,16.0,1050
2014-04-25 00:00:00+05:30,16.14,16.14,16.0,16.0,1001
2014-05-05 00:00:00+05:30,16.0,16.3,16.0,16.3,1248
2014-05-06 00:00:00+05:30,16.0,16.6,16.0,16.35,5
2014-05-07 00:00:00+05:30,16.6,16.64,16.6,16.64,103
2014-05-08 00:00:00+05:30,17.39,17.45,17.39,17.45,53
2014-05-09 00:00:00+05:30,18.25,18.3,18.25,18.3,1931
2014-05-13 00:00:00+05:30,19.14,19.14,19.14,19.14,550
2014-05-14 00:00:00+05:30,20.1,20.1,18.89,20.1,5050
2014-05-16 00:00:00+05:30,20.8,20.8,19.1,19.39,571
2014-05-20 00:00:00+05:30,20.0,20.35,20.0,20.35,1804
2014-05-21 00:00:00+05:30,21.3,21.3,21.25,21.3,346
2014-05-22 00:00:00+05:30,22.0,22.35,22.0,22.35,1050
2014-05-23 00:00:00+05:30,23.4,23.45,23.4,23.45,2354
2014-05-26 00:00:00+05:30,24.55,24.6,24.5,24.6,825
2014-05-27 00:00:00+05:30,24.5,25.8,23.8,25.8,4905
2014-05-28 00:00:00+05:30,27.0,27.0,26.85,26.85,371
2014-06-02 00:00:00+05:30,28.15,28.15,25.55,25.55,4
2014-06-03 00:00:00+05:30,24.3,24.3,24.3,24.3,1
2014-06-04 00:00:00+05:30,23.5,23.5,23.5,23.5,1
2014-06-06 00:00:00+05:30,23.5,23.5,23.5,23.5,100
2014-06-09 00:00:00+05:30,22.35,22.35,22.35,22.35,1250
2014-06-11 00:00:00+05:30,22.0,22.0,21.25,21.25,1500
2014-06-13 00:00:00+05:30,21.0,21.0,21.0,21.0,100
2014-06-16 00:00:00+05:30,19.95,22.05,19.95,22.05,1000
2014-06-20 00:00:00+05:30,23.0,23.0,23.0,23.0,50
2014-06-23 00:00:00+05:30,24.0,24.15,24.0,24.15,27540
2014-06-25 00:00:00+05:30,24.9,24.9,24.8,24.8,4
2014-06-30 00:00:00+05:30,24.9,24.95,24.9,24.95,400
2014-07-02 00:00:00+05:30,23.75,23.75,23.75,23.75,400
2014-07-04 00:00:00+05:30,22.65,24.9,22.6,22.85,864
2014-07-07 00:00:00+05:30,22.0,23.95,20.6,23.9,584
2014-07-08 00:00:00+05:30,26.25,26.25,22.3,23.0,5723
2014-07-09 00:00:00+05:30,21.15,23.8,21.15,23.8,101
2014-07-10 00:00:00+05:30,24.45,24.45,24.4,24.45,2
2014-07-14 00:00:00+05:30,22.05,22.05,22.05,22.05,300
2014-07-15 00:00:00+05:30,23.8,24.25,23.8,24.25,5906
2014-07-16 00:00:00+05:30,22.05,22.3,22.05,22.15,560
2014-07-17 00:00:00+05:30,22.1,22.1,22.1,22.1,50
2014-07-18 00:00:00+05:30,20.35,20.35,20.35,20.35,50
2014-07-21 00:00:00+05:30,19.64,19.64,19.39,19.6,500
2014-07-22 00:00:00+05:30,18.1,19.6,17.64,19.6,2464
2014-07-23 00:00:00+05:30,18.89,21.55,18.85,21.3,72
2014-07-24 00:00:00+05:30,19.2,19.2,19.2,19.2,359
2014-07-25 00:00:00+05:30,17.64,18.55,17.64,18.55,325
2014-07-28 00:00:00+05:30,16.7,18.3,16.7,16.89,2507
2014-07-30 00:00:00+05:30,16.14,17.0,16.1,16.95,1335
2014-07-31 00:00:00+05:30,16.25,16.25,16.14,16.25,1154
2014-08-04 00:00:00+05:30,17.05,17.05,16.95,17.0,960
2014-08-05 00:00:00+05:30,17.8,17.8,17.64,17.64,350
2014-08-06 00:00:00+05:30,18.5,18.5,16.89,17.1,1163
2014-08-07 00:00:00+05:30,16.45,16.45,16.45,16.45,80
2014-08-08 00:00:00+05:30,17.2,17.2,17.2,17.2,100
2014-08-12 00:00:00+05:30,16.39,16.55,16.35,16.45,650
2014-08-14 00:00:00+05:30,15.85,16.45,15.65,16.45,455
2014-08-20 00:00:00+05:30,15.75,16.0,15.65,15.65,1426
2014-08-21 00:00:00+05:30,16.39,16.39,16.39,16.39,200
2014-08-22 00:00:00+05:30,16.0,16.0,15.6,15.65,180
2014-08-25 00:00:00+05:30,14.9,14.9,14.9,14.9,250
2014-08-26 00:00:00+05:30,15.0,15.0,15.0,15.0,100
2014-08-27 00:00:00+05:30,15.75,15.75,14.25,14.25,161
2014-08-28 00:00:00+05:30,13.7,14.0,13.55,14.0,730
2014-09-01 00:00:00+05:30,14.0,14.7,14.0,14.7,949
2014-09-02 00:00:00+05:30,14.8,15.4,14.75,15.4,650
2014-09-03 00:00:00+05:30,14.8,14.8,14.8,14.8,500
2014-09-04 00:00:00+05:30,14.35,14.35,14.25,14.25,1000
2014-09-05 00:00:00+05:30,15.65,15.65,13.5,13.75,310
2014-09-08 00:00:00+05:30,12.4,14.95,12.4,14.1,695
2014-09-09 00:00:00+05:30,15.0,15.5,12.7,15.5,3317
2014-09-10 00:00:00+05:30,15.7,17.05,15.7,17.05,2186
2014-09-11 00:00:00+05:30,18.75,18.75,18.75,18.75,636
2014-09-12 00:00:00+05:30,19.64,19.64,17.89,17.89,2051
2014-09-15 00:00:00+05:30,18.5,18.75,17.1,18.75,1270
2014-09-16 00:00:00+05:30,18.0,19.64,17.95,19.39,1472
2014-09-17 00:00:00+05:30,18.55,18.55,18.45,18.45,64
2014-09-18 00:00:00+05:30,17.6,19.3,17.55,17.55,336
2014-09-19 00:00:00+05:30,18.39,18.39,17.2,17.2,618
2014-09-23 00:00:00+05:30,18.0,18.05,18.0,18.05,553
2014-09-29 00:00:00+05:30,18.0,18.0,18.0,18.0,10
2014-09-30 00:00:00+05:30,18.45,18.8,17.1,17.1,810
2014-10-07 00:00:00+05:30,17.95,17.95,16.3,17.89,552
2014-10-08 00:00:00+05:30,19.64,19.64,19.64,19.64,1
2014-10-09 00:00:00+05:30,21.6,21.6,21.4,21.6,2070
2014-10-10 00:00:00+05:30,23.75,23.75,19.45,21.95,307
2014-10-13 00:00:00+05:30,23.0,23.0,22.5,22.5,2224
2014-10-14 00:00:00+05:30,22.5,22.5,21.55,22.0,625
2014-10-16 00:00:00+05:30,21.0,21.0,20.9,20.9,675
2014-10-17 00:00:00+05:30,21.0,21.0,21.0,21.0,50
2014-10-20 00:00:00+05:30,22.05,22.05,21.0,21.1,1210
2014-10-21 00:00:00+05:30,21.95,21.95,21.95,21.95,25
2014-10-22 00:00:00+05:30,22.5,22.75,20.9,22.75,526
2014-10-28 00:00:00+05:30,21.65,21.65,21.65,21.65,500
2014-10-29 00:00:00+05:30,20.6,22.7,20.6,22.1,897
2014-10-30 00:00:00+05:30,21.0,23.0,21.0,23.0,320
2014-10-31 00:00:00+05:30,21.85,22.1,21.85,21.95,583
2014-11-03 00:00:00+05:30,20.9,20.9,20.9,20.9,700
2014-11-05 00:00:00+05:30,19.89,20.9,19.89,19.89,2286
2014-11-07 00:00:00+05:30,19.05,19.05,19.05,19.05,400
2014-11-11 00:00:00+05:30,18.5,18.5,17.2,17.2,300
2014-11-12 00:00:00+05:30,16.5,16.5,16.5,16.5,200
2014-11-13 00:00:00+05:30,15.0,15.0,14.85,14.85,450
2014-11-14 00:00:00+05:30,15.0,15.0,15.0,15.0,800
2014-11-17 00:00:00+05:30,15.75,15.75,15.0,15.75,2900
2014-11-18 00:00:00+05:30,15.95,16.39,15.15,16.39,1750
2014-11-20 00:00:00+05:30,16.0,16.0,16.0,16.0,200
2014-11-21 00:00:00+05:30,15.45,16.5,15.3,16.5,993
2014-11-24 00:00:00+05:30,15.75,17.25,15.75,17.2,1117
2014-11-25 00:00:00+05:30,16.45,16.6,16.45,16.55,13
2014-11-26 00:00:00+05:30,15.8,17.25,15.75,16.05,1065
2014-11-27 00:00:00+05:30,15.35,16.85,15.35,15.7,277
2014-11-28 00:00:00+05:30,15.05,15.4,15.05,15.4,28
2014-12-01 00:00:00+05:30,14.75,16.14,14.75,15.1,2062
2014-12-02 00:00:00+05:30,14.5,15.0,14.5,15.0,2
2014-12-03 00:00:00+05:30,14.4,14.8,14.4,14.8,301
2014-12-04 00:00:00+05:30,14.2,15.5,14.2,14.45,1015
2014-12-05 00:00:00+05:30,15.0,15.0,15.0,15.0,260
2014-12-09 00:00:00+05:30,16.5,16.5,14.5,14.5,601
2014-12-10 00:00:00+05:30,13.4,15.85,13.35,14.25,1201
2014-12-12 00:00:00+05:30,13.1,14.0,13.1,14.0,20
2014-12-15 00:00:00+05:30,13.2,14.0,13.2,14.0,180
2014-12-16 00:00:00+05:30,15.4,15.4,15.4,15.4,50
2014-12-17 00:00:00+05:30,15.05,16.89,15.05,16.89,1100
2014-12-18 00:00:00+05:30,18.5,18.5,16.5,16.6,650
2014-12-19 00:00:00+05:30,18.25,18.25,18.25,18.25,10
2014-12-22 00:00:00+05:30,19.1,19.1,17.35,17.64,646
2014-12-23 00:00:00+05:30,16.8,18.3,16.8,18.3,170
2014-12-24 00:00:00+05:30,17.75,19.0,17.75,17.75,1650
2014-12-26 00:00:00+05:30,18.6,18.6,18.6,18.6,10
2014-12-29 00:00:00+05:30,19.0,19.0,19.0,19.0,10
2014-12-31 00:00:00+05:30,19.39,19.39,19.39,19.39,50
2015-01-02 00:00:00+05:30,18.45,19.0,18.45,19.0,625
2015-01-05 00:00:00+05:30,19.89,19.89,18.05,18.89,1202
2015-01-08 00:00:00+05:30,18.0,18.85,18.0,18.0,580
2015-01-09 00:00:00+05:30,18.0,18.0,17.1,17.1,60
2015-01-12 00:00:00+05:30,16.25,17.0,16.25,17.0,60
2015-01-13 00:00:00+05:30,16.14,16.95,16.14,16.95,1050
2015-01-14 00:00:00+05:30,16.2,16.95,16.14,16.95,395
2015-01-16 00:00:00+05:30,17.64,17.64,17.45,17.45,230
2015-01-19 00:00:00+05:30,18.3,18.3,16.6,16.6,2970
2015-01-20 00:00:00+05:30,15.8,15.8,15.8,15.8,1124
2015-01-22 00:00:00+05:30,16.5,16.5,15.05,15.75,691
2015-01-23 00:00:00+05:30,15.0,15.0,15.0,15.0,200
2015-01-27 00:00:00+05:30,15.75,15.75,15.75,15.75,3600
2015-01-28 00:00:00+05:30,16.5,16.5,16.5,16.5,4020
2015-01-29 00:00:00+05:30,17.3,17.3,17.3,17.3,2573
2015-01-30 00:00:00+05:30,18.14,18.14,16.5,18.1,450
2015-02-02 00:00:00+05:30,19.0,19.0,19.0,19.0,1333
2015-02-03 00:00:00+05:30,19.95,19.95,19.95,19.95,2012
2015-02-04 00:00:00+05:30,20.9,20.9,20.9,20.9,890
2015-02-05 00:00:00+05:30,21.9,21.9,21.9,21.9,1054
2015-02-06 00:00:00+05:30,22.95,22.95,22.9,22.9,4933
2015-02-09 00:00:00+05:30,23.9,23.9,21.8,23.5,3990
2015-02-11 00:00:00+05:30,22.35,23.5,22.35,22.35,1741
2015-02-12 00:00:00+05:30,21.25,21.25,21.25,21.25,600
2015-02-13 00:00:00+05:30,20.2,20.2,20.2,20.2,100
2015-02-16 00:00:00+05:30,21.2,21.2,19.2,19.2,669
2015-02-18 00:00:00+05:30,20.14,20.14,19.2,19.64,201
2015-02-19 00:00:00+05:30,20.0,20.6,19.64,19.64,35218
2015-02-20 00:00:00+05:30,19.7,19.7,19.7,19.7,350
2015-02-23 00:00:00+05:30,19.75,19.75,19.75,19.75,500
2015-02-24 00:00:00+05:30,20.65,20.65,19.8,20.55,506
2015-02-25 00:00:00+05:30,19.64,20.45,19.55,19.55,602
2015-02-26 00:00:00+05:30,18.6,20.0,18.6,20.0,1487
2015-02-27 00:00:00+05:30,19.05,20.8,19.05,20.5,1350
2015-03-03 00:00:00+05:30,18.55,18.55,18.55,18.55,254
2015-03-04 00:00:00+05:30,19.39,19.39,17.64,17.64,601
2015-03-12 00:00:00+05:30,18.5,18.5,17.0,17.14,32600
2015-03-13 00:00:00+05:30,17.2,18.0,17.14,18.0,497325
2015-03-16 00:00:00+05:30,18.89,18.89,18.89,18.89,12
2015-03-17 00:00:00+05:30,19.8,19.8,19.8,19.8,494
2015-03-18 00:00:00+05:30,20.75,20.75,20.7,20.75,1117
2015-03-19 00:00:00+05:30,21.7,21.75,21.7,21.75,500
2015-03-20 00:00:00+05:30,22.0,22.8,22.0,22.2,3914
2015-03-25 00:00:00+05:30,21.1,21.1,21.1,21.1,250
2015-03-26 00:00:00+05:30,22.1,22.15,20.1,20.1,900
2015-03-31 00:00:00+05:30,21.05,21.1,21.05,21.1,131
2015-04-01 00:00:00+05:30,22.1,22.15,21.15,21.6,1200
2015-04-07 00:00:00+05:30,22.5,22.65,21.65,22.65,885
2015-04-08 00:00:00+05:30,23.75,23.75,23.45,23.75,2000
2015-04-09 00:00:00+05:30,24.9,24.9,24.9,24.9,7596
2015-04-10 00:00:00+05:30,26.1,26.1,26.1,26.1,665
2015-04-13 00:00:00+05:30,27.4,27.4,27.4,27.4,1127
2015-04-15 00:00:00+05:30,28.75,28.75,27.25,28.55,153062
2015-04-16 00:00:00+05:30,29.95,29.95,29.95,29.95,22175
2015-04-17 00:00:00+05:30,31.4,31.4,31.4,31.4,725
2015-04-20 00:00:00+05:30,32.95,32.95,32.95,32.95,601
2015-04-21 00:00:00+05:30,34.54,34.54,34.54,34.54,1251
2015-04-22 00:00:00+05:30,36.25,36.25,36.25,36.25,1100
2015-04-23 00:00:00+05:30,38.04,38.04,38.04,38.04,1075
2015-04-24 00:00:00+05:30,38.79,38.79,38.79,38.79,1892
2015-04-27 00:00:00+05:30,39.54,39.54,39.54,39.54,35955
2015-04-28 00:00:00+05:30,40.29,40.29,40.29,40.29,2551
2015-04-29 00:00:00+05:30,41.1,41.1,41.1,41.1,903
2015-04-30 00:00:00+05:30,41.9,41.9,41.9,41.9,1830
2015-05-04 00:00:00+05:30,42.7,42.7,42.7,42.7,865
2015-05-05 00:00:00+05:30,43.55,43.55,43.55,43.55,1211
2015-05-06 00:00:00+05:30,44.4,44.4,44.4,44.4,195
2015-05-07 00:00:00+05:30,45.25,45.25,45.25,45.25,1600
2015-05-08 00:00:00+05:30,46.15,46.15,46.15,46.15,998
2015-05-11 00:00:00+05:30,47.05,47.05,47.05,47.05,600
2015-05-12 00:00:00+05:30,47.95,47.95,47.95,47.95,245
2015-05-13 00:00:00+05:30,48.9,48.9,48.9,48.9,125
2015-05-14 00:00:00+05:30,49.85,49.85,49.85,49.85,200
2015-05-15 00:00:00+05:30,50.8,50.8,50.8,50.8,545
2015-05-18 00:00:00+05:30,51.8,51.8,51.8,51.8,350
2015-05-19 00:00:00+05:30,52.8,52.8,50.8,52.1,17509
2015-05-20 00:00:00+05:30,53.1,53.1,53.1,53.1,4900
2015-05-21 00:00:00+05:30,54.15,54.15,54.15,54.15,525
2015-05-22 00:00:00+05:30,55.2,55.2,53.2,55.2,6134
2015-05-25 00:00:00+05:30,54.2,56.3,54.1,56.3,6592
2015-05-26 00:00:00+05:30,57.4,57.4,57.4,57.4,3135
2015-05-27 00:00:00+05:30,58.5,58.5,58.5,58.5,600
2015-05-28 00:00:00+05:30,59.65,59.65,59.65,59.65,700
2015-05-29 00:00:00+05:30,60.8,60.8,60.8,60.8,4725
2015-06-01 00:00:00+05:30,62.0,62.0,62.0,62.0,12780
2015-06-02 00:00:00+05:30,63.2,63.2,63.2,63.2,500
2015-06-03 00:00:00+05:30,64.45,64.45,61.95,61.95,23091
2015-06-04 00:00:00+05:30,60.75,60.75,60.75,60.75,350
2015-06-05 00:00:00+05:30,59.55,59.55,59.55,59.55,3205
2015-06-08 00:00:00+05:30,58.4,58.4,58.4,58.4,1750
2015-06-09 00:00:00+05:30,57.25,57.25,57.25,57.25,1
2015-06-10 00:00:00+05:30,56.15,56.15,56.15,56.15,356
2015-06-11 00:00:00+05:30,55.05,55.05,55.05,55.05,3
2015-06-12 00:00:00+05:30,53.95,53.95,53.95,53.95,16
2015-06-15 00:00:00+05:30,52.9,52.9,52.9,52.9,301
2015-06-16 00:00:00+05:30,51.85,53.95,51.85,53.95,24580
2015-06-17 00:00:00+05:30,55.0,55.0,55.0,55.0,321
2015-06-18 00:00:00+05:30,56.1,56.1,56.1,56.1,779
2015-06-19 00:00:00+05:30,57.2,57.2,57.2,57.2,45
2015-06-22 00:00:00+05:30,58.3,58.3,58.3,58.3,2907
2015-06-23 00:00:00+05:30,59.45,59.45,59.45,59.45,4954
2015-06-24 00:00:00+05:30,60.6,60.6,58.3,58.3,4302
2015-06-25 00:00:00+05:30,59.0,59.0,57.3,57.3,106
2015-06-26 00:00:00+05:30,56.2,57.6,56.2,57.6,302
2015-07-01 00:00:00+05:30,56.45,56.45,56.45,56.45,1960
2015-07-02 00:00:00+05:30,56.45,56.45,55.35,55.35,2665
2015-07-03 00:00:00+05:30,54.25,55.0,52.6,52.6,3937
2015-07-06 00:00:00+05:30,50.0,50.0,50.0,50.0,552
2015-07-07 00:00:00+05:30,47.5,50.0,47.5,47.9,3150
2015-07-08 00:00:00+05:30,47.9,47.9,45.55,45.55,520
2015-07-09 00:00:00+05:30,45.0,47.8,45.0,47.8,1095
2015-07-10 00:00:00+05:30,45.45,50.15,45.45,50.15,4475
2015-07-13 00:00:00+05:30,51.0,52.0,51.0,52.0,3250
2015-07-14 00:00:00+05:30,54.0,54.5,54.0,54.5,1004
2015-07-15 00:00:00+05:30,51.8,57.2,51.8,55.0,2015
2015-07-16 00:00:00+05:30,57.7,57.75,53.0,57.15,12536
2015-07-17 00:00:00+05:30,54.55,60.0,54.55,58.5,3565
2015-07-20 00:00:00+05:30,55.8,58.0,55.65,57.55,1000
2015-07-21 00:00:00+05:30,59.0,59.0,54.7,55.05,1377
2015-07-22 00:00:00+05:30,57.8,57.8,52.5,57.0,303
2015-07-23 00:00:00+05:30,59.5,59.5,54.5,55.0,2918
2015-07-24 00:00:00+05:30,52.25,57.75,52.25,57.0,2052
2015-07-27 00:00:00+05:30,56.0,57.0,56.0,57.0,450
2015-07-28 00:00:00+05:30,59.8,59.8,59.5,59.5,550
2015-07-29 00:00:00+05:30,62.45,62.45,61.8,61.8,1800
2015-07-30 00:00:00+05:30,63.85,64.0,60.0,60.15,1400
2015-07-31 00:00:00+05:30,59.0,60.95,59.0,59.55,810
2015-08-03 00:00:00+05:30,58.0,59.55,58.0,59.55,380
2015-08-04 00:00:00+05:30,58.1,62.5,58.1,62.5,2812
2015-08-05 00:00:00+05:30,60.2,65.59,60.15,65.0,2547
2015-08-06 00:00:00+05:30,62.2,62.2,61.75,62.0,1706
2015-08-07 00:00:00+05:30,62.0,62.5,55.8,55.8,49774
2015-08-10 00:00:00+05:30,51.0,57.0,50.5,51.5,1218
2015-08-11 00:00:00+05:30,52.0,56.65,52.0,55.6,1606
2015-08-12 00:00:00+05:30,51.0,58.9,51.0,55.75,2600
2015-08-13 00:00:00+05:30,51.0,56.0,51.0,56.0,1000
2015-08-14 00:00:00+05:30,53.0,53.0,50.4,50.55,5180
2015-08-17 00:00:00+05:30,51.0,51.0,51.0,51.0,3456
2015-08-18 00:00:00+05:30,56.0,56.0,53.0,53.0,680
2015-08-19 00:00:00+05:30,51.0,53.0,51.0,52.1,431
2015-08-20 00:00:00+05:30,52.2,52.2,49.0,49.5,3700
2015-08-21 00:00:00+05:30,49.25,49.25,49.25,49.25,3
2015-08-25 00:00:00+05:30,48.1,52.95,45.0,52.95,601
2015-08-26 00:00:00+05:30,48.1,48.25,48.1,48.15,1400
2015-08-27 00:00:00+05:30,50.0,50.0,48.0,48.0,1100
2015-08-28 00:00:00+05:30,49.75,50.0,49.75,50.0,2
2015-08-31 00:00:00+05:30,50.0,50.0,50.0,50.0,1000
2015-09-01 00:00:00+05:30,49.0,49.0,45.25,48.0,1828
2015-09-02 00:00:00+05:30,48.0,48.0,48.0,48.0,300
2015-09-03 00:00:00+05:30,47.0,47.0,47.0,47.0,700
2015-09-04 00:00:00+05:30,55.8,55.8,44.0,44.0,8
2015-09-07 00:00:00+05:30,51.75,51.75,44.05,44.35,2000
2015-09-09 00:00:00+05:30,44.25,44.25,44.25,44.25,50
2015-09-14 00:00:00+05:30,44.25,44.25,44.25,44.25,870
2015-09-16 00:00:00+05:30,42.0,42.0,41.0,41.05,405
2015-09-18 00:00:00+05:30,42.05,42.05,41.0,41.05,3900
2015-09-21 00:00:00+05:30,42.05,44.0,42.0,44.0,1100
2015-09-22 00:00:00+05:30,38.0,42.0,38.0,42.0,1084
2015-09-23 00:00:00+05:30,39.0,39.0,39.0,39.0,185
2015-09-24 00:00:00+05:30,45.0,45.0,39.54,43.85,172
2015-09-28 00:00:00+05:30,49.85,49.85,49.85,49.85,10
2015-09-29 00:00:00+05:30,41.35,51.7,41.35,51.7,250
2015-09-30 00:00:00+05:30,58.5,58.5,49.7,49.7,1641
2015-10-01 00:00:00+05:30,48.75,48.75,48.75,48.75,500
2015-10-05 00:00:00+05:30,48.0,48.0,48.0,48.0,200
2015-10-07 00:00:00+05:30,48.0,54.5,48.0,54.4,5101
2015-10-08 00:00:00+05:30,54.0,54.0,50.0,53.95,136
2015-10-09 00:00:00+05:30,50.0,50.0,48.0,48.0,201
2015-10-13 00:00:00+05:30,45.0,45.25,42.0,45.0,5729
2015-10-15 00:00:00+05:30,43.0,45.0,42.05,45.0,1198
2015-10-16 00:00:00+05:30,45.0,45.0,45.0,45.0,647
2015-10-19 00:00:00+05:30,45.9,45.9,45.9,45.9,150
2015-10-20 00:00:00+05:30,45.0,45.0,45.0,45.0,100
2015-10-21 00:00:00+05:30,46.0,53.9,46.0,53.9,1154
2015-10-23 00:00:00+05:30,63.45,64.65,63.45,64.55,13669
2015-10-26 00:00:00+05:30,69.7,69.75,58.1,58.1,6298
2015-10-27 00:00:00+05:30,58.95,58.95,52.35,54.0,3168
2015-10-28 00:00:00+05:30,51.6,58.0,51.6,52.25,302207
2015-10-29 00:00:00+05:30,52.25,57.45,52.25,57.15,1227
2015-10-30 00:00:00+05:30,54.0,61.7,53.75,58.65,795
2015-11-02 00:00:00+05:30,58.9,59.4,58.9,58.95,404
2015-11-03 00:00:00+05:30,61.0,62.0,55.0,58.95,2580
2015-11-04 00:00:00+05:30,62.9,62.9,62.9,62.9,1
2015-11-05 00:00:00+05:30,57.25,59.0,56.65,56.7,1799
2015-11-06 00:00:00+05:30,58.9,59.0,54.3,57.95,1055
2015-11-09 00:00:00+05:30,63.0,63.0,54.05,54.05,202
2015-11-10 00:00:00+05:30,58.75,58.75,52.9,52.95,102
2015-11-13 00:00:00+05:30,57.95,57.95,57.0,57.05,27
2015-11-16 00:00:00+05:30,53.05,62.75,53.05,59.3,5197
2015-11-17 00:00:00+05:30,61.6,61.6,56.0,56.0,502
2015-11-18 00:00:00+05:30,56.0,56.0,55.05,55.05,700
2015-11-19 00:00:00+05:30,56.5,57.0,53.55,53.55,287
2015-11-20 00:00:00+05:30,58.5,58.5,57.0,57.0,101
2015-11-23 00:00:00+05:30,57.5,61.85,57.3,58.4,999
2015-11-24 00:00:00+05:30,58.4,61.4,58.0,58.0,1389
2015-11-26 00:00:00+05:30,60.95,61.0,57.5,60.7,1738
2015-11-27 00:00:00+05:30,65.9,65.9,60.0,60.0,101
2015-11-30 00:00:00+05:30,61.55,61.55,61.55,61.55,3
2015-12-01 00:00:00+05:30,66.0,67.7,63.0,65.09,8664
2015-12-02 00:00:00+05:30,64.2,70.75,61.1,62.55,10730
2015-12-03 00:00:00+05:30,67.84,67.84,64.5,64.5,401
2015-12-04 00:00:00+05:30,76.84,76.84,68.75,73.9,957
2015-12-07 00:00:00+05:30,66.05,73.5,66.05,71.75,962
2015-12-08 00:00:00+05:30,77.8,86.1,72.5,86.1,26492
2015-12-09 00:00:00+05:30,90.0,101.95,87.5,96.7,17131
2015-12-10 00:00:00+05:30,95.0,96.65,87.05,95.65,12091
2015-12-11 00:00:00+05:30,94.6,94.6,87.0,87.0,2047
2015-12-14 00:00:00+05:30,86.5,91.6,83.3,91.0,4861
2015-12-15 00:00:00+05:30,85.1,87.9,85.0,85.25,3628
2015-12-16 00:00:00+05:30,86.0,93.75,80.59,93.75,10317
2015-12-17 00:00:00+05:30,97.9,98.45,94.5,97.6,19447
2015-12-18 00:00:00+05:30,98.4,98.4,92.0,93.85,3649
2015-12-21 00:00:00+05:30,96.45,96.45,89.0,89.35,1040
2015-12-22 00:00:00+05:30,91.0,92.0,85.25,85.95,4789
2015-12-23 00:00:00+05:30,90.95,94.5,90.0,94.5,72821
2015-12-24 00:00:00+05:30,98.45,98.45,98.45,98.45,2560
2015-12-28 00:00:00+05:30,98.45,98.45,94.0,98.45,30590
2015-12-29 00:00:00+05:30,97.75,98.0,97.75,97.8,1851
2015-12-30 00:00:00+05:30,93.0,95.5,90.6,91.4,1391
2015-12-31 00:00:00+05:30,87.1,93.65,87.1,89.65,2775
2016-01-01 00:00:00+05:30,94.25,104.0,94.25,98.4,6632
2016-01-04 00:00:00+05:30,98.5,99.0,92.0,96.5,3576
2016-01-05 00:00:00+05:30,97.5,101.1,95.0,95.8,7050
2016-01-06 00:00:00+05:30,95.0,97.8,91.3,94.35,3085
2016-01-07 00:00:00+05:30,94.0,94.0,87.0,87.2,3386
2016-01-08 00:00:00+05:30,86.0,91.7,82.25,83.95,1481
2016-01-11 00:00:00+05:30,83.0,94.0,83.0,93.95,3362
2016-01-12 00:00:00+05:30,87.15,90.9,87.1,88.9,2476
2016-01-13 00:00:00+05:30,88.0,88.0,80.0,82.05,2877
2016-01-14 00:00:00+05:30,84.0,84.0,78.34,80.59,3101
2016-01-15 00:00:00+05:30,75.0,75.09,71.0,71.15,1962
2016-01-18 00:00:00+05:30,67.09,73.95,63.0,67.25,4851
2016-01-19 00:00:00+05:30,68.0,72.0,68.0,70.75,8690
2016-01-20 00:00:00+05:30,60.5,70.0,60.5,67.0,2022
2016-01-22 00:00:00+05:30,76.5,76.5,67.0,72.8,771
2016-01-25 00:00:00+05:30,83.15,83.15,72.5,75.3,3943
2016-01-27 00:00:00+05:30,80.9,90.35,79.09,88.9,6430
2016-01-28 00:00:00+05:30,106.65,106.65,103.0,106.65,21030
2016-01-29 00:00:00+05:30,106.65,106.65,96.0,96.75,18543
2016-02-01 00:00:00+05:30,90.6,101.0,90.5,100.4,3228
2016-02-02 00:00:00+05:30,105.95,110.4,101.6,110.4,28370
2016-02-03 00:00:00+05:30,116.0,121.4,110.0,121.4,34173
2016-02-04 00:00:00+05:30,125.75,125.75,122.0,124.25,13915
2016-02-05 00:00:00+05:30,125.0,125.75,115.0,125.75,5539
2016-02-08 00:00:00+05:30,120.6,122.9,119.5,120.15,4838
2016-02-09 00:00:00+05:30,115.0,118.7,114.15,114.6,7235
2016-02-10 00:00:00+05:30,109.65,110.65,108.9,108.9,8210
2016-02-11 00:00:00+05:30,104.5,107.45,103.5,103.5,19522
2016-02-12 00:00:00+05:30,100.6,104.7,100.6,100.75,6341
2016-02-15 00:00:00+05:30,102.0,105.75,102.0,105.4,840
2016-02-16 00:00:00+05:30,110.65,110.65,104.5,107.2,2023
2016-02-17 00:00:00+05:30,107.0,107.0,102.2,103.0,225
2016-02-18 00:00:00+05:30,104.0,108.15,103.0,107.05,1705
2016-02-19 00:00:00+05:30,110.0,112.4,102.3,112.4,4500
2016-02-22 00:00:00+05:30,116.0,118.0,112.6,118.0,3601
2016-02-23 00:00:00+05:30,118.0,122.0,117.0,118.05,1773
2016-02-24 00:00:00+05:30,119.8,119.85,112.3,113.2,2513
2016-02-25 00:00:00+05:30,109.45,117.9,108.35,114.65,1929
2016-02-26 00:00:00+05:30,115.0,120.35,115.0,120.35,4352
2016-02-29 00:00:00+05:30,125.3,125.3,117.0,117.05,1458
2016-03-01 00:00:00+05:30,114.1,121.7,114.1,118.7,1683
2016-03-02 00:00:00+05:30,122.0,124.6,121.0,124.6,5684
2016-03-03 00:00:00+05:30,130.8,130.8,123.2,130.8,7743
2016-03-04 00:00:00+05:30,137.3,137.3,119.0,120.9,4801
2016-03-08 00:00:00+05:30,119.0,127.4,116.1,124.9,3463
2016-03-09 00:00:00+05:30,125.0,132.4,125.0,128.6,1621
2016-03-10 00:00:00+05:30,129.0,133.8,129.0,131.3,1248
2016-03-11 00:00:00+05:30,130.1,138.9,129.0,137.5,3567
2016-03-14 00:00:00+05:30,137.5,148.0,133.0,144.5,11444
2016-03-15 00:00:00+05:30,148.9,156.8,143.19,146.8,18624
2016-03-16 00:00:00+05:30,149.9,152.0,144.0,149.5,1020
2016-03-17 00:00:00+05:30,155.0,164.4,147.19,164.4,21459
2016-03-18 00:00:00+05:30,163.9,164.4,156.2,164.4,14577
2016-03-21 00:00:00+05:30,164.4,164.4,164.4,164.4,3459
2016-03-22 00:00:00+05:30,164.4,164.4,164.4,164.4,1513
2016-03-23 00:00:00+05:30,164.4,164.4,157.0,164.4,39052
2016-03-28 00:00:00+05:30,164.4,164.4,160.2,164.4,1245
2016-03-29 00:00:00+05:30,164.4,164.4,160.2,164.4,1424
2016-03-30 00:00:00+05:30,161.3,164.4,160.6,164.4,3215
2016-03-31 00:00:00+05:30,162.0,164.4,162.0,164.4,10847
2016-04-01 00:00:00+05:30,172.5,172.6,172.5,172.6,7915
2016-04-04 00:00:00+05:30,181.0,181.2,180.0,181.2,24313
2016-04-05 00:00:00+05:30,187.4,187.4,172.2,172.2,8363
2016-04-06 00:00:00+05:30,164.0,164.0,163.6,163.6,5695
2016-04-07 00:00:00+05:30,155.5,162.5,155.5,155.5,6686
2016-04-08 00:00:00+05:30,160.0,164.0,149.4,149.6,11647
2016-04-11 00:00:00+05:30,143.2,147.9,142.2,142.2,3209
2016-04-12 00:00:00+05:30,135.1,147.7,135.1,145.0,7988
2016-04-13 00:00:00+05:30,149.9,154.2,149.9,154.2,2318
2016-04-18 00:00:00+05:30,161.0,161.9,160.0,161.9,3780
2016-04-20 00:00:00+05:30,169.6,169.9,155.1,158.0,7371
2016-04-21 00:00:00+05:30,152.2,158.9,151.0,155.0,2713
2016-04-22 00:00:00+05:30,151.0,157.8,148.0,157.5,1012
2016-04-25 00:00:00+05:30,151.5,152.8,148.2,148.2,2090
2016-04-26 00:00:00+05:30,142.3,153.0,142.3,150.0,1486
2016-04-27 00:00:00+05:30,146.2,148.4,142.5,142.5,2921
2016-04-28 00:00:00+05:30,141.2,148.0,141.2,147.9,1212
2016-04-29 00:00:00+05:30,141.7,150.0,141.7,145.9,207
2016-05-02 00:00:00+05:30,142.0,147.4,138.0,139.0,2007
2016-05-03 00:00:00+05:30,135.0,141.0,134.1,139.7,1276
2016-05-04 00:00:00+05:30,136.1,141.9,136.1,141.5,871
2016-05-05 00:00:00+05:30,142.5,142.8,139.7,139.7,1845
2016-05-06 00:00:00+05:30,149.6,149.6,140.4,146.7,758
2016-05-09 00:00:00+05:30,140.1,148.0,137.6,145.8,874
2016-05-10 00:00:00+05:30,134.6,149.4,134.6,141.5,1816
2016-05-11 00:00:00+05:30,140.0,144.8,127.9,137.0,7152
2016-05-12 00:00:00+05:30,136.3,154.0,136.3,147.5,5892
2016-05-13 00:00:00+05:30,150.0,152.9,144.8,148.0,1286
2016-05-16 00:00:00+05:30,150.0,152.0,147.5,149.6,1380
2016-05-17 00:00:00+05:30,154.9,154.9,149.6,150.0,1038
2016-05-18 00:00:00+05:30,144.6,152.0,144.6,152.0,1636
2016-05-19 00:00:00+05:30,150.0,150.0,145.0,145.0,1210
2016-05-20 00:00:00+05:30,150.0,150.0,142.3,145.0,2722
2016-05-23 00:00:00+05:30,138.9,139.8,135.1,135.2,10850
2016-05-24 00:00:00+05:30,139.95,145.0,135.0,145.0,1357
2016-05-25 00:00:00+05:30,142.0,142.0,135.7,138.0,2456
2016-05-26 00:00:00+05:30,143.15,145.0,135.0,138.0,1341
2016-05-27 00:00:00+05:30,138.0,144.95,136.1,140.5,1730
2016-05-30 00:00:00+05:30,144.0,145.0,139.5,139.5,1007
2016-05-31 00:00:00+05:30,127.2,129.9,125.55,126.0,13224
2016-06-01 00:00:00+05:30,127.0,127.0,121.0,121.0,5226
2016-06-02 00:00:00+05:30,126.0,129.75,114.1,116.4,2654
2016-06-03 00:00:00+05:30,120.0,121.8,110.0,115.0,3583
2016-06-06 00:00:00+05:30,110.0,119.0,110.0,116.95,2112
2016-06-07 00:00:00+05:30,113.05,117.75,110.0,113.9,1988
2016-06-08 00:00:00+05:30,115.7,120.0,114.95,119.0,2492
2016-06-09 00:00:00+05:30,115.0,120.0,115.0,118.0,287
2016-06-10 00:00:00+05:30,115.0,121.45,115.0,117.0,705
2016-06-13 00:00:00+05:30,128.65,128.65,110.0,116.0,1294
2016-06-14 00:00:00+05:30,117.0,118.9,111.6,113.0,1289
2016-06-15 00:00:00+05:30,112.0,116.8,112.0,113.75,1143
2016-06-16 00:00:00+05:30,107.0,117.3,103.55,109.5,3327
2016-06-17 00:00:00+05:30,105.5,114.95,105.5,110.0,726
2016-06-20 00:00:00+05:30,110.0,114.4,108.35,111.9,1090
2016-06-21 00:00:00+05:30,108.1,117.0,106.5,116.0,1860
2016-06-22 00:00:00+05:30,118.0,118.0,110.0,110.0,402
2016-06-23 00:00:00+05:30,107.35,116.95,107.35,110.5,1577
2016-06-24 00:00:00+05:30,117.3,118.0,107.6,113.5,3108
2016-06-27 00:00:00+05:30,124.6,124.6,115.2,115.6,228
2016-06-28 00:00:00+05:30,125.95,125.95,115.0,116.5,1206
2016-06-29 00:00:00+05:30,123.75,123.75,118.1,118.25,688
2016-06-30 00:00:00+05:30,118.1,122.0,118.1,118.5,450
2016-07-01 00:00:00+05:30,124.7,124.7,119.0,121.7,909
2016-07-04 00:00:00+05:30,122.0,123.0,115.5,117.0,1799
2016-07-05 00:00:00+05:30,117.0,120.0,115.05,116.0,876
2016-07-07 00:00:00+05:30,115.0,128.8,115.0,121.2,1066
2016-07-08 00:00:00+05:30,119.9,121.0,117.5,117.5,1076
2016-07-11 00:00:00+05:30,117.0,119.0,117.0,117.25,872
2016-07-12 00:00:00+05:30,119.0,123.0,119.0,119.0,449
2016-07-13 00:00:00+05:30,115.0,119.0,113.0,113.0,714
2016-07-14 00:00:00+05:30,111.0,117.9,111.0,112.1,984
2016-07-15 00:00:00+05:30,113.4,113.5,113.0,113.0,240
2016-07-18 00:00:00+05:30,117.0,117.0,116.0,116.0,30
2016-07-19 00:00:00+05:30,107.3,113.9,107.3,107.6,260
2016-07-20 00:00:00+05:30,105.6,113.5,105.6,113.5,1500
2016-07-21 00:00:00+05:30,108.65,116.9,108.35,116.0,1028
2016-07-22 00:00:00+05:30,103.0,115.75,103.0,109.0,732
2016-07-25 00:00:00+05:30,108.0,111.0,108.0,111.0,600
2016-07-26 00:00:00+05:30,104.5,106.0,104.5,106.0,191
2016-07-27 00:00:00+05:30,104.0,109.9,104.0,109.8,1177
2016-07-28 00:00:00+05:30,107.2,116.05,107.2,116.05,680
2016-07-29 00:00:00+05:30,111.0,111.0,105.4,106.25,568
2016-08-01 00:00:00+05:30,106.5,110.35,100.0,104.0,2119
2016-08-02 00:00:00+05:30,96.0,108.0,96.0,108.0,768
2016-08-03 00:00:00+05:30,100.0,100.0,100.0,100.0,1200
2016-08-04 00:00:00+05:30,100.0,100.0,98.0,98.0,1235
2016-08-05 00:00:00+05:30,100.0,100.0,97.0,97.0,425
2016-08-08 00:00:00+05:30,110.0,110.0,97.0,98.7,600
2016-08-09 00:00:00+05:30,97.0,98.0,85.15,93.0,6039
2016-08-10 00:00:00+05:30,90.1,90.1,88.35,88.75,788
2016-08-11 00:00:00+05:30,88.0,94.5,85.0,85.0,1460
2016-08-12 00:00:00+05:30,90.0,97.0,85.5,86.65,1736
2016-08-16 10:00:00+05:30,90.0,90.0,76.65,79.0,2141
2016-08-17 00:00:00+05:30,84.0,84.0,79.0,80.3,1915
2016-08-18 00:00:00+05:30,80.3,89.7,80.3,85.5,1263
2016-08-19 00:00:00+05:30,87.1,92.0,87.1,87.5,710
2016-08-22 00:00:00+05:30,90.0,98.5,90.0,91.1,442
2016-08-23 00:00:00+05:30,100.0,107.9,98.0,107.9,1990
2016-08-24 00:00:00+05:30,111.0,123.9,108.95,112.9,9412
2016-08-25 00:00:00+05:30,105.3,115.0,101.0,102.0,2957
2016-08-26 00:00:00+05:30,102.0,109.5,102.0,107.8,1004
2016-08-29 00:00:00+05:30,107.25,107.4,106.95,106.95,50
2016-08-30 00:00:00+05:30,112.95,112.95,105.0,111.4,447
2016-08-31 00:00:00+05:30,110.45,110.45,101.0,103.0,851
2016-09-01 00:00:00+05:30,107.95,107.95,103.0,104.0,1394
2016-09-02 00:00:00+05:30,106.0,109.0,103.0,103.1,1881
2016-09-06 00:00:00+05:30,103.0,106.55,103.0,103.05,860
2016-09-07 00:00:00+05:30,100.0,100.0,100.0,100.0,200
2016-09-08 00:00:00+05:30,100.0,101.95,90.0,101.0,1542
2016-09-09 00:00:00+05:30,100.0,106.4,100.0,105.0,2102
2016-09-12 00:00:00+05:30,104.0,109.0,103.9,108.0,2709
2016-09-14 00:00:00+05:30,101.3,103.5,101.05,103.45,541
2016-09-15 00:00:00+05:30,101.0,101.0,100.0,101.0,452
2016-09-16 00:00:00+05:30,102.2,102.2,99.0,99.0,783
2016-09-19 00:00:00+05:30,100.0,115.5,100.0,110.5,7859
2016-09-20 00:00:00+05:30,110.0,117.0,110.0,112.05,1375
2016-09-21 00:00:00+05:30,112.05,134.4,112.05,134.4,16690
2016-09-22 00:00:00+05:30,142.9,147.4,138.0,147.4,23411
2016-09-23 00:00:00+05:30,136.25,145.0,133.5,137.05,2032
2016-09-26 00:00:00+05:30,133.95,140.0,133.95,138.0,859
2016-09-27 00:00:00+05:30,130.05,135.0,130.05,132.5,953
2016-09-28 00:00:00+05:30,132.15,139.5,130.0,130.1,5889
2016-09-29 00:00:00+05:30,132.1,139.0,117.5,137.0,9277
2016-09-30 00:00:00+05:30,135.0,135.0,130.9,130.9,524
2016-10-03 00:00:00+05:30,137.7,139.0,130.0,136.0,1403
2016-10-04 00:00:00+05:30,132.0,132.0,132.0,132.0,267
2016-10-05 00:00:00+05:30,131.0,133.0,130.0,130.0,531
2016-10-06 00:00:00+05:30,124.15,134.0,124.15,130.0,978
2016-10-07 00:00:00+05:30,122.5,132.5,122.5,132.5,600
2016-10-10 00:00:00+05:30,134.5,142.0,133.6,137.0,1110
2016-10-13 00:00:00+05:30,135.0,135.35,133.0,133.0,650
2016-10-14 00:00:00+05:30,132.0,132.0,110.55,123.0,2636
2016-10-17 00:00:00+05:30,133.3,133.5,120.25,125.0,954
2016-10-19 00:00:00+05:30,111.05,130.0,111.05,127.9,548
2016-10-20 00:00:00+05:30,128.0,130.9,122.0,130.9,495
2016-10-21 00:00:00+05:30,125.0,130.0,125.0,126.0,11012
2016-10-24 00:00:00+05:30,126.0,129.9,125.0,125.0,110
2016-10-25 00:00:00+05:30,120.1,131.0,120.1,129.9,272
2016-10-26 00:00:00+05:30,129.8,129.8,123.0,125.0,261
2016-10-27 00:00:00+05:30,124.0,139.0,115.0,131.0,4900
2016-10-28 00:00:00+05:30,132.0,132.0,124.2,128.5,816
2016-10-30 00:00:00+05:30,128.0,138.3,105.7,121.0,370
2016-11-01 00:00:00+05:30,135.75,135.75,120.35,126.85,169
2016-11-02 00:00:00+05:30,127.0,127.0,124.0,124.0,20
2016-11-03 00:00:00+05:30,122.0,130.0,122.0,129.45,206
2016-11-04 00:00:00+05:30,120.0,125.9,110.95,120.0,993
2016-11-07 00:00:00+05:30,121.0,121.0,121.0,121.0,264
2016-11-08 00:00:00+05:30,115.3,128.7,115.3,117.35,433
2016-11-09 00:00:00+05:30,118.0,118.0,118.0,118.0,3
2016-11-10 00:00:00+05:30,95.0,128.5,95.0,120.0,1886
2016-11-11 00:00:00+05:30,112.6,115.05,112.0,115.05,1012
2016-11-15 00:00:00+05:30,106.0,114.0,102.0,107.6,3795
2016-11-16 00:00:00+05:30,105.0,110.0,105.0,107.0,3281
2016-11-17 00:00:00+05:30,110.0,110.05,110.0,110.0,1200
2016-11-18 00:00:00+05:30,110.0,119.0,108.0,108.0,4053
2016-11-21 00:00:00+05:30,108.0,108.0,100.6,105.0,2098
2016-11-22 00:00:00+05:30,108.5,112.8,108.5,111.95,3070
2016-11-23 00:00:00+05:30,115.0,115.0,110.0,110.0,1002
2016-11-24 00:00:00+05:30,108.0,115.95,108.0,110.0,1431
2016-11-25 00:00:00+05:30,116.0,116.0,110.05,115.9,229
2016-11-28 00:00:00+05:30,110.0,110.0,110.0,110.0,650
2016-11-29 00:00:00+05:30,109.0,115.0,109.0,115.0,962
2016-11-30 00:00:00+05:30,106.15,118.9,106.15,111.1,31
2016-12-01 00:00:00+05:30,112.0,112.0,112.0,112.0,62
2016-12-02 00:00:00+05:30,112.0,112.0,112.0,112.0,500
2016-12-05 00:00:00+05:30,112.0,112.0,112.0,112.0,100
2016-12-07 00:00:00+05:30,122.0,129.5,114.0,123.45,2093
2016-12-08 00:00:00+05:30,125.0,125.0,120.0,120.0,2989
2016-12-09 00:00:00+05:30,127.0,127.0,117.5,117.5,86
2016-12-12 00:00:00+05:30,117.5,123.8,108.2,120.0,532
2016-12-13 00:00:00+05:30,120.0,120.0,120.0,120.0,550
2016-12-14 00:00:00+05:30,112.25,120.0,112.0,112.0,345
2016-12-15 00:00:00+05:30,114.25,129.0,114.2,124.65,22068
2016-12-16 00:00:00+05:30,134.65,146.75,125.0,144.0,22048
2016-12-19 00:00:00+05:30,151.5,157.4,140.0,142.95,27803
2016-12-20 00:00:00+05:30,142.0,146.85,142.0,143.0,2356
2016-12-21 00:00:00+05:30,142.5,154.0,142.5,152.9,4852
2016-12-22 00:00:00+05:30,145.5,149.95,145.5,149.75,136
2016-12-23 00:00:00+05:30,149.45,149.45,143.0,145.0,660
2016-12-26 00:00:00+05:30,143.0,143.0,140.4,143.0,2585
2016-12-27 00:00:00+05:30,135.8,144.4,135.8,144.4,6079
2016-12-28 00:00:00+05:30,137.05,144.4,137.0,142.0,657
2016-12-29 11:00:00+05:30,136.1,143.9,136.1,138.55,1210
2016-12-30 00:00:00+05:30,133.4,142.0,133.4,137.5,551
2017-01-02 00:00:00+05:30,144.0,144.0,141.25,141.95,1451
2017-01-03 00:00:00+05:30,146.95,146.95,140.1,146.0,1345
2017-01-04 00:00:00+05:30,146.0,153.3,144.0,153.3,7708
2017-01-05 00:00:00+05:30,159.0,160.95,150.0,160.15,5821
2017-01-06 00:00:00+05:30,154.0,165.0,154.0,163.6,15091
2017-01-09 00:00:00+05:30,165.75,166.0,160.0,164.1,2235
2017-01-10 00:00:00+05:30,165.0,165.0,157.0,160.0,7126
2017-01-11 00:00:00+05:30,160.0,162.9,154.0,158.0,1449
2017-01-12 00:00:00+05:30,165.5,165.95,155.0,165.95,18033
2017-01-13 00:00:00+05:30,174.15,174.15,167.0,169.0,7920
2017-01-16 00:00:00+05:30,174.2,174.2,162.6,164.9,2987
2017-01-17 00:00:00+05:30,165.0,167.0,155.75,155.75,3968
2017-01-18 00:00:00+05:30,156.0,160.0,152.05,156.25,8724
2017-01-19 00:00:00+05:30,159.95,164.0,158.0,162.25,6902
2017-01-20 00:00:00+05:30,171.45,171.45,165.1,170.0,6275
2017-01-23 00:00:00+05:30,167.95,177.95,166.2,175.0,5014
2017-01-24 00:00:00+05:30,176.0,178.95,172.25,175.9,7895
2017-01-25 00:00:00+05:30,174.9,175.15,170.5,171.5,2474
2017-01-27 00:00:00+05:30,178.9,178.95,171.0,171.0,7895
2017-01-30 00:00:00+05:30,175.0,175.0,171.25,171.25,1647
2017-01-31 00:00:00+05:30,167.25,173.5,162.95,171.25,8799
2017-02-01 00:00:00+05:30,175.2,175.5,168.0,170.5,5711
2017-02-02 00:00:00+05:30,174.0,175.0,168.0,171.95,10086
2017-02-03 00:00:00+05:30,178.6,178.6,172.0,173.5,4210
2017-02-06 00:00:00+05:30,175.0,175.0,169.0,170.85,4400
2017-02-07 00:00:00+05:30,179.0,179.0,167.6,167.6,13147
2017-02-08 00:00:00+05:30,176.0,176.0,167.15,172.6,5166
2017-02-09 00:00:00+05:30,169.0,173.0,169.0,171.5,3599
2017-02-10 00:00:00+05:30,169.5,175.0,169.5,170.5,4126
2017-02-13 00:00:00+05:30,163.0,169.0,163.0,164.0,528
2017-02-14 00:00:00+05:30,157.0,164.0,156.05,157.05,4081
2017-02-15 00:00:00+05:30,156.1,163.0,150.1,150.1,4651
2017-02-16 00:00:00+05:30,157.0,157.0,147.25,149.0,1439
2017-02-17 00:00:00+05:30,150.2,151.9,148.0,148.0,2239
2017-02-20 00:00:00+05:30,148.0,148.0,143.25,147.0,1341
2017-02-21 00:00:00+05:30,150.0,150.0,146.0,146.9,4033
2017-02-22 00:00:00+05:30,146.1,146.1,146.0,146.0,1800
2017-02-23 00:00:00+05:30,145.0,151.0,145.0,151.0,1465
2017-02-27 00:00:00+05:30,150.0,151.05,149.0,151.0,3210
2017-02-28 00:00:00+05:30,150.0,150.0,150.0,150.0,105
2017-03-01 00:00:00+05:30,150.3,150.3,149.0,149.0,180
2017-03-02 00:00:00+05:30,149.0,149.2,149.0,149.0,1867
2017-03-03 00:00:00+05:30,150.0,150.0,141.55,142.0,6023
2017-03-06 00:00:00+05:30,138.0,143.0,138.0,140.5,1020
2017-03-07 00:00:00+05:30,144.4,144.4,138.5,138.5,156
2017-03-08 00:00:00+05:30,140.0,140.0,132.0,138.95,1750
2017-03-09 00:00:00+05:30,142.0,142.0,137.0,137.0,423
2017-03-10 00:00:00+05:30,130.2,143.85,130.2,143.85,6018
2017-03-14 00:00:00+05:30,136.1,148.95,136.1,148.95,334
2017-03-15 00:00:00+05:30,146.5,146.5,145.0,145.0,445
2017-03-16 00:00:00+05:30,145.0,147.9,143.0,147.0,1841
2017-03-17 00:00:00+05:30,142.0,153.9,142.0,150.0,14299
2017-03-20 00:00:00+05:30,147.3,147.3,147.3,147.3,5918
2017-03-21 00:00:00+05:30,144.05,149.0,144.05,149.0,201
2017-03-22 00:00:00+05:30,149.9,149.9,144.0,144.0,250
2017-03-23 00:00:00+05:30,142.0,148.65,142.0,146.0,601
2017-03-24 00:00:00+05:30,143.5,147.0,139.5,142.0,2158
2017-03-27 00:00:00+05:30,141.0,143.0,138.0,143.0,400
2017-03-28 00:00:00+05:30,142.0,143.0,142.0,142.05,320
2017-03-29 00:00:00+05:30,136.25,143.8,136.25,137.1,930
2017-03-30 00:00:00+05:30,139.0,144.6,139.0,144.6,2608
2017-03-31 00:00:00+05:30,144.55,151.8,141.0,145.0,2731
2017-04-03 00:00:00+05:30,152.25,152.25,140.0,145.0,5175
2017-04-05 00:00:00+05:30,148.0,148.0,143.0,146.0,690
2017-04-06 00:00:00+05:30,149.7,149.7,142.0,143.8,2457
2017-04-07 00:00:00+05:30,145.0,145.0,142.0,145.0,1184
2017-04-10 00:00:00+05:30,140.35,148.8,140.35,144.95,2751
2017-04-11 00:00:00+05:30,144.0,145.0,141.0,141.0,1676
2017-04-12 00:00:00+05:30,145.0,147.55,143.0,147.55,3360
2017-04-13 00:00:00+05:30,147.55,147.55,143.0,147.0,1301
2017-04-17 00:00:00+05:30,146.0,146.0,138.05,142.9,5220
2017-04-18 00:00:00+05:30,142.0,145.0,140.0,141.0,3568
2017-04-19 00:00:00+05:30,139.0,143.5,133.75,138.5,2038
2017-04-20 00:00:00+05:30,143.95,143.95,143.95,143.95,20
2017-04-21 00:00:00+05:30,143.45,143.5,143.45,143.5,2
2017-04-24 00:00:00+05:30,139.85,139.9,139.85,139.85,319
2017-04-25 00:00:00+05:30,144.0,144.0,140.0,144.0,68
2017-04-26 00:00:00+05:30,132.0,143.95,132.0,143.0,3311
2017-04-27 00:00:00+05:30,143.6,143.6,135.1,142.0,502
2017-04-28 00:00:00+05:30,135.15,142.0,131.0,133.2,1030
2017-05-02 00:00:00+05:30,138.0,142.8,132.2,138.0,1439
2017-05-04 00:00:00+05:30,136.0,137.9,127.55,136.0,2810
2017-05-05 00:00:00+05:30,133.3,135.4,130.0,135.0,2423
2017-05-08 00:00:00+05:30,134.6,135.0,134.6,134.85,167
2017-05-09 00:00:00+05:30,128.0,134.65,127.2,132.85,803
2017-05-10 00:00:00+05:30,137.75,137.75,128.0,132.85,800
2017-05-11 00:00:00+05:30,134.95,134.95,129.0,133.0,301
2017-05-12 00:00:00+05:30,133.0,133.0,127.0,127.0,106
2017-05-15 00:00:00+05:30,134.95,134.95,118.65,130.95,4150
2017-05-16 00:00:00+05:30,135.95,135.95,123.5,126.5,5696
2017-05-17 00:00:00+05:30,134.9,136.5,124.1,136.5,3488
2017-05-18 00:00:00+05:30,140.4,140.4,127.0,137.0,109
2017-05-19 00:00:00+05:30,135.0,140.0,133.1,135.55,304033
2017-05-23 00:00:00+05:30,135.0,135.0,127.55,134.95,846
2017-05-24 00:00:00+05:30,137.9,137.9,124.7,132.0,1016
2017-05-25 00:00:00+05:30,139.9,139.9,130.0,133.65,458
2017-05-26 00:00:00+05:30,138.9,143.8,132.5,138.5,8940
2017-05-29 00:00:00+05:30,140.0,154.05,132.05,149.7,490587
2017-05-30 00:00:00+05:30,161.9,164.3,150.1,151.0,77667
2017-05-31 00:00:00+05:30,141.5,155.0,141.5,143.2,29155
2017-06-01 00:00:00+05:30,151.0,151.0,143.05,144.9,22979
2017-06-02 00:00:00+05:30,144.9,146.45,141.25,145.25,3926
2017-06-05 00:00:00+05:30,145.1,147.85,141.5,141.5,3838
2017-06-06 00:00:00+05:30,138.25,145.0,138.25,144.7,8771
2017-06-07 00:00:00+05:30,143.0,145.75,140.0,144.9,3276
2017-06-08 00:00:00+05:30,140.4,146.5,140.4,143.0,7298
2017-06-09 00:00:00+05:30,141.0,145.0,141.0,144.8,3703
2017-06-12 00:00:00+05:30,139.75,151.0,139.5,148.0,7488
2017-06-13 00:00:00+05:30,144.05,150.0,144.05,147.5,4716
2017-06-14 00:00:00+05:30,149.0,154.8,149.0,154.0,9728
2017-06-15 00:00:00+05:30,154.95,157.85,152.0,155.0,12604
2017-06-16 00:00:00+05:30,155.0,155.0,147.2,152.15,5788
2017-06-19 00:00:00+05:30,133.0,154.9,133.0,150.05,2066
2017-06-20 00:00:00+05:30,150.05,150.05,145.0,149.0,4932
2017-06-21 00:00:00+05:30,150.0,150.0,142.1,142.1,2130
2017-06-22 00:00:00+05:30,147.8,151.0,147.8,148.8,12050
2017-06-23 00:00:00+05:30,146.5,150.0,141.25,150.0,1232
2017-06-27 00:00:00+05:30,154.85,154.85,142.0,142.75,620
2017-06-28 11:00:00+05:30,149.4,149.5,138.2,138.2,1806
2017-06-29 00:00:00+05:30,149.7,149.7,140.25,140.25,400
2017-06-30 00:00:00+05:30,142.0,142.5,132.35,133.95,10026
2017-07-03 00:00:00+05:30,140.0,142.0,138.95,142.0,1437
2017-07-04 00:00:00+05:30,144.95,144.95,140.0,141.0,725
2017-07-05 00:00:00+05:30,146.95,153.0,143.3,148.6,5236
2017-07-06 00:00:00+05:30,139.75,156.0,139.75,151.0,8682
2017-07-07 00:00:00+05:30,153.95,153.95,146.0,146.0,2855
2017-07-10 00:00:00+05:30,154.9,154.9,146.75,147.05,1540
2017-07-11 00:00:00+05:30,147.05,150.0,147.0,147.05,1812
2017-07-12 00:00:00+05:30,148.0,148.0,147.0,147.0,513
2017-07-13 00:00:00+05:30,143.0,147.0,143.0,143.25,600
2017-07-14 00:00:00+05:30,145.0,148.6,140.0,141.5,3469
2017-07-17 00:00:00+05:30,140.0,148.6,140.0,143.45,1174
2017-07-18 00:00:00+05:30,140.05,142.0,140.05,142.0,606
2017-07-19 00:00:00+05:30,147.65,147.65,139.1,140.25,1304
2017-07-20 00:00:00+05:30,142.0,146.0,140.05,142.0,1787
2017-07-21 00:00:00+05:30,142.6,145.0,139.0,139.0,3532
2017-07-24 00:00:00+05:30,138.0,148.0,138.0,141.5,5472
2017-07-25 00:00:00+05:30,138.3,142.0,138.3,141.0,2297
2017-07-26 00:00:00+05:30,140.0,145.35,140.0,145.0,2449
2017-07-27 00:00:00+05:30,141.0,141.0,140.05,140.05,500
2017-07-28 00:00:00+05:30,141.0,142.0,140.0,140.0,1984
2017-07-31 00:00:00+05:30,140.0,146.0,140.0,143.9,602
2017-08-01 00:00:00+05:30,141.0,144.5,138.65,138.65,1311
2017-08-02 00:00:00+05:30,142.0,142.0,138.65,138.65,520
2017-08-03 00:00:00+05:30,139.0,143.0,139.0,141.0,5481
2017-08-04 00:00:00+05:30,144.0,149.0,144.0,144.0,3207
2017-08-07 00:00:00+05:30,146.0,146.0,143.0,145.9,1285
2017-08-08 00:00:00+05:30,143.5,145.5,143.5,143.5,4275
2017-08-09 00:00:00+05:30,143.5,143.5,143.5,143.5,550
2017-08-10 00:00:00+05:30,140.0,140.0,135.0,139.85,2373
2017-08-11 00:00:00+05:30,137.0,140.0,137.0,140.0,786
2017-08-14 00:00:00+05:30,135.0,140.0,135.0,136.0,1582
2017-08-16 00:00:00+05:30,136.0,137.0,136.0,136.0,1152
2017-08-17 00:00:00+05:30,141.0,141.0,136.0,140.0,1485
2017-08-18 00:00:00+05:30,136.25,140.0,136.0,136.0,2311
2017-08-21 00:00:00+05:30,136.0,139.7,133.0,133.0,730
2017-08-22 00:00:00+05:30,134.0,139.4,134.0,139.4,2627
2017-08-23 00:00:00+05:30,140.0,140.0,139.0,140.0,2025
2017-08-24 00:00:00+05:30,140.0,140.0,138.5,138.5,685
2017-08-28 00:00:00+05:30,136.1,140.0,136.1,140.0,980
2017-08-29 00:00:00+05:30,138.0,139.0,138.0,139.0,600
2017-08-30 00:00:00+05:30,139.5,140.0,139.5,140.0,230
2017-08-31 00:00:00+05:30,134.2,138.0,134.2,138.0,515
2017-09-01 00:00:00+05:30,137.05,140.0,137.0,137.0,200
2017-09-04 00:00:00+05:30,128.1,143.0,128.1,130.0,48
2017-09-05 00:00:00+05:30,141.7,141.7,134.0,140.95,776
2017-09-06 00:00:00+05:30,140.0,144.0,140.0,142.0,1340
2017-09-07 00:00:00+05:30,141.1,150.0,141.1,144.65,2868
2017-09-08 00:00:00+05:30,144.0,149.0,141.05,142.0,2700
2017-09-11 00:00:00+05:30,142.0,142.95,138.0,141.0,2302
2017-09-12 00:00:00+05:30,138.15,147.95,138.15,142.0,285
2017-09-13 00:00:00+05:30,138.05,141.95,138.0,138.0,5061
2017-09-14 00:00:00+05:30,137.95,137.95,132.0,132.05,1708
2017-09-15 00:00:00+05:30,138.0,139.0,134.2,134.2,2658
2017-09-18 00:00:00+05:30,140.0,140.0,132.0,139.75,945
2017-09-19 00:00:00+05:30,140.0,140.0,136.0,136.0,1250
2017-09-20 00:00:00+05:30,131.3,134.95,129.6,129.6,3323
2017-09-21 00:00:00+05:30,130.0,135.0,128.05,134.0,4251
2017-09-22 00:00:00+05:30,128.1,131.0,128.1,131.0,658
2017-09-25 00:00:00+05:30,129.0,134.0,129.0,129.0,126
2017-09-26 00:00:00+05:30,125.0,129.9,125.0,127.5,1293
2017-09-27 00:00:00+05:30,128.0,131.0,128.0,128.0,245
2017-09-28 00:00:00+05:30,125.0,125.0,111.4,111.4,1789
2017-09-29 00:00:00+05:30,122.0,122.0,120.25,121.0,4403
2017-10-03 00:00:00+05:30,125.0,126.0,125.0,125.0,1278
2017-10-04 00:00:00+05:30,127.0,132.0,126.0,132.0,3271
2017-10-05 00:00:00+05:30,132.0,134.0,122.3,129.0,145
2017-10-06 00:00:00+05:30,125.0,135.25,125.0,135.0,2103
2017-10-09 00:00:00+05:30,136.9,136.9,136.9,136.9,1000
2017-10-10 00:00:00+05:30,129.05,136.85,129.0,129.0,368
2017-10-11 00:00:00+05:30,128.0,128.0,128.0,128.0,17
2017-10-12 00:00:00+05:30,127.0,137.5,127.0,130.25,25927
2017-10-13 00:00:00+05:30,129.0,133.0,129.0,131.0,1327
2017-10-16 00:00:00+05:30,126.0,130.5,126.0,130.5,302
2017-10-17 00:00:00+05:30,132.0,135.0,132.0,135.0,882
2017-10-18 00:00:00+05:30,135.0,135.0,135.0,135.0,1555
2017-10-23 00:00:00+05:30,130.0,150.0,130.0,142.0,16978
2017-10-24 00:00:00+05:30,145.0,145.0,132.0,133.1,828
2017-10-25 00:00:00+05:30,132.05,132.3,132.0,132.25,1326
2017-10-26 00:00:00+05:30,149.85,149.85,132.6,146.8,3055
2017-10-27 00:00:00+05:30,148.9,149.5,142.65,144.9,2145
2017-10-30 00:00:00+05:30,139.35,140.0,134.5,135.1,1122
2017-10-31 00:00:00+05:30,144.0,144.0,134.5,134.95,862
2017-11-01 00:00:00+05:30,136.05,138.0,135.0,135.0,689
2017-11-02 00:00:00+05:30,137.0,137.0,134.75,134.75,363
2017-11-03 00:00:00+05:30,134.75,139.95,134.75,135.0,475
2017-11-06 00:00:00+05:30,135.0,135.0,133.1,133.1,375
2017-11-07 00:00:00+05:30,121.1,134.0,121.1,134.0,271
2017-11-08 00:00:00+05:30,134.5,137.0,134.5,137.0,906
2017-11-09 00:00:00+05:30,134.05,134.05,129.35,129.35,2091
2017-11-10 00:00:00+05:30,135.0,139.0,132.0,138.0,1240
2017-11-13 00:00:00+05:30,135.45,145.0,127.05,145.0,5123
2017-11-14 00:00:00+05:30,144.0,144.1,136.4,136.4,6100
2017-11-15 00:00:00+05:30,136.4,136.4,133.1,136.0,1654
2017-11-16 00:00:00+05:30,133.1,136.0,133.1,136.0,1650
2017-11-17 00:00:00+05:30,145.8,145.8,136.3,136.75,311
2017-11-21 00:00:00+05:30,136.75,139.15,132.1,135.1,3473
2017-11-22 00:00:00+05:30,130.05,138.9,130.05,138.9,1426
2017-11-23 00:00:00+05:30,140.0,140.0,132.35,137.25,624
2017-11-24 00:00:00+05:30,135.0,135.0,135.0,135.0,73
2017-11-27 00:00:00+05:30,135.0,136.05,135.0,136.05,802
2017-11-28 00:00:00+05:30,137.05,137.05,137.05,137.05,1171
2017-11-29 00:00:00+05:30,137.15,149.9,137.15,140.0,42798
2017-11-30 00:00:00+05:30,149.9,149.9,135.65,137.0,1319
2017-12-01 00:00:00+05:30,140.0,145.0,139.0,139.0,661
2017-12-04 00:00:00+05:30,136.05,139.95,134.2,134.2,1550
2017-12-05 00:00:00+05:30,135.1,135.1,134.0,135.0,752
2017-12-06 00:00:00+05:30,130.0,137.1,130.0,137.1,27
2017-12-07 00:00:00+05:30,131.8,136.95,131.8,136.95,52
2017-12-08 00:00:00+05:30,136.0,136.0,136.0,136.0,171
2017-12-11 00:00:00+05:30,136.0,138.5,135.0,136.0,544
2017-12-12 00:00:00+05:30,136.0,136.0,136.0,136.0,400
2017-12-13 00:00:00+05:30,130.25,144.9,130.25,142.9,5876
2017-12-14 00:00:00+05:30,141.0,142.0,140.0,142.0,1490
2017-12-15 00:00:00+05:30,140.0,142.0,140.0,140.0,750
2017-12-18 00:00:00+05:30,140.0,145.0,140.0,140.0,376
2017-12-19 00:00:00+05:30,140.0,148.8,140.0,140.55,6938
2017-12-20 00:00:00+05:30,140.0,144.5,140.0,140.0,5475
2017-12-21 00:00:00+05:30,140.0,143.0,136.05,136.25,20715
2017-12-22 00:00:00+05:30,137.0,144.9,137.0,144.0,4532
2017-12-26 00:00:00+05:30,143.95,143.95,137.05,140.0,17212
2017-12-27 00:00:00+05:30,144.0,144.0,135.0,138.35,5741
2017-12-28 00:00:00+05:30,139.0,139.0,132.6,134.0,1593
2017-12-29 00:00:00+05:30,138.0,140.6,136.2,136.2,4109
2018-01-01 00:00:00+05:30,136.3,140.4,130.1,131.1,3136
2018-01-02 00:00:00+05:30,135.9,136.0,132.7,136.0,164
2018-01-03 00:00:00+05:30,131.1,136.5,131.05,133.0,3800
2018-01-04 00:00:00+05:30,135.8,140.5,132.0,140.05,4955
2018-01-05 00:00:00+05:30,135.0,144.0,135.0,142.0,7007
2018-01-08 00:00:00+05:30,138.3,142.9,136.25,139.9,1297
2018-01-09 00:00:00+05:30,137.05,138.5,136.0,136.0,661
2018-01-10 00:00:00+05:30,140.55,142.0,138.0,142.0,2700
2018-01-11 00:00:00+05:30,139.0,141.8,138.0,141.8,15165
2018-01-12 00:00:00+05:30,141.0,142.0,136.7,136.7,5079
2018-01-15 00:00:00+05:30,138.0,144.0,137.55,138.05,6451
2018-01-16 00:00:00+05:30,138.05,140.0,136.0,136.0,15957
2018-01-17 00:00:00+05:30,138.05,140.0,138.0,140.0,300
2018-01-18 00:00:00+05:30,140.0,143.0,136.0,136.0,2499
2018-01-19 00:00:00+05:30,133.25,139.95,133.0,133.0,1455
2018-01-22 00:00:00+05:30,137.4,140.0,135.0,135.05,5476
2018-01-23 00:00:00+05:30,137.4,137.4,131.6,134.0,4819
2018-01-24 00:00:00+05:30,135.0,140.0,135.0,139.9,1928
2018-01-25 00:00:00+05:30,138.0,139.2,133.55,133.55,1800
2018-01-29 00:00:00+05:30,136.0,137.45,130.0,130.55,4072
2018-01-30 00:00:00+05:30,130.55,134.45,130.55,134.45,451
2018-01-31 00:00:00+05:30,134.9,134.9,129.95,129.95,1086
2018-02-01 00:00:00+05:30,134.35,134.35,128.1,132.0,270
2018-02-02 00:00:00+05:30,130.0,130.2,116.0,118.0,3814
2018-02-05 00:00:00+05:30,118.5,143.7,118.5,141.4,1460
2018-02-06 00:00:00+05:30,138.95,138.95,120.0,128.0,7988
2018-02-08 00:00:00+05:30,131.0,137.8,127.0,137.0,1751
2018-02-09 00:00:00+05:30,126.0,135.5,124.0,133.0,2763
2018-02-12 00:00:00+05:30,130.0,142.9,122.05,137.9,486
2018-02-14 00:00:00+05:30,137.9,139.0,130.0,137.5,3029
2018-02-15 00:00:00+05:30,127.0,127.0,123.1,123.1,277
2018-02-16 00:00:00+05:30,122.95,129.95,121.0,122.5,1773
2018-02-19 00:00:00+05:30,126.0,132.95,120.0,128.95,4686
2018-02-20 00:00:00+05:30,126.3,126.3,126.3,126.3,378
2018-02-21 00:00:00+05:30,121.15,126.6,121.15,124.25,41554
2018-02-22 00:00:00+05:30,135.0,135.0,128.0,132.1,2406
2018-02-23 00:00:00+05:30,127.05,132.0,126.0,126.0,2612
2018-02-26 00:00:00+05:30,127.0,131.0,125.0,125.0,3226
2018-02-27 00:00:00+05:30,126.2,126.2,122.5,126.0,204
2018-02-28 00:00:00+05:30,121.15,127.95,121.15,127.6,893
2018-03-01 00:00:00+05:30,126.0,126.0,126.0,126.0,60
2018-03-05 00:00:00+05:30,123.0,123.0,115.25,118.0,1760
2018-03-06 00:00:00+05:30,124.65,124.65,115.0,116.25,1175
2018-03-07 00:00:00+05:30,119.7,119.7,115.0,117.0,607
2018-03-08 00:00:00+05:30,112.0,119.95,110.0,119.95,5509
2018-03-09 00:00:00+05:30,114.95,115.0,113.0,115.0,532
2018-03-12 00:00:00+05:30,115.0,116.0,112.55,112.7,6820
2018-03-13 00:00:00+05:30,110.05,117.0,110.0,112.35,10150
2018-03-14 00:00:00+05:30,110.3,110.3,100.2,105.95,13714
2018-03-15 00:00:00+05:30,105.0,113.95,100.0,103.05,2710
2018-03-16 00:00:00+05:30,100.2,105.0,100.2,101.65,687
2018-03-19 00:00:00+05:30,102.5,102.5,94.6,96.25,481
2018-03-20 00:00:00+05:30,93.0,105.0,89.3,99.5,2079
2018-03-21 00:00:00+05:30,100.0,100.0,99.5,99.8,1500
2018-03-22 00:00:00+05:30,99.0,99.0,99.0,99.0,100
2018-03-23 00:00:00+05:30,102.4,102.4,87.3,88.0,19117
2018-03-26 11:00:00+05:30,89.0,98.95,88.5,98.95,1147
2018-03-27 00:00:00+05:30,95.0,100.0,92.0,100.0,204238
2018-03-28 00:00:00+05:30,100.0,110.0,95.0,100.0,8089
2018-04-02 00:00:00+05:30,109.95,109.95,95.55,98.55,41
2018-04-03 00:00:00+05:30,106.95,107.0,100.0,104.75,2459
2018-04-04 00:00:00+05:30,98.0,104.0,96.0,98.0,909
2018-04-10 00:00:00+05:30,98.0,100.0,98.0,100.0,759
2018-04-11 00:00:00+05:30,99.0,99.0,99.0,99.0,500
2018-04-12 00:00:00+05:30,99.0,100.0,91.0,95.0,13506
2018-04-13 00:00:00+05:30,95.0,95.0,90.6,95.0,1001
2018-04-16 00:00:00+05:30,90.25,97.0,90.25,97.0,615
2018-04-17 00:00:00+05:30,97.9,97.9,92.0,97.75,402
2018-04-18 00:00:00+05:30,100.0,100.0,85.05,92.5,1058
2018-04-19 00:00:00+05:30,90.0,91.0,90.0,91.0,299
2018-04-20 00:00:00+05:30,89.25,93.0,89.25,91.2,801
2018-04-23 00:00:00+05:30,96.0,96.0,88.85,96.0,221
2018-04-24 00:00:00+05:30,94.0,97.95,89.9,90.0,3543
2018-04-25 00:00:00+05:30,90.95,91.0,90.0,90.0,591
2018-04-26 00:00:00+05:30,90.0,90.0,89.0,90.0,2459
2018-04-27 00:00:00+05:30,88.0,95.0,88.0,90.0,4529
2018-04-30 00:00:00+05:30,106.9,106.9,88.35,90.0,128
2018-05-02 00:00:00+05:30,90.1,91.1,90.1,91.1,1934
2018-05-03 00:00:00+05:30,98.75,98.75,91.0,91.0,200
2018-05-07 00:00:00+05:30,95.0,95.0,91.5,91.5,250
2018-05-08 00:00:00+05:30,90.0,97.0,88.05,92.5,1448
2018-05-09 00:00:00+05:30,92.75,92.75,92.7,92.7,2789
2018-05-10 00:00:00+05:30,92.0,99.0,92.0,95.25,920
2018-05-11 00:00:00+05:30,90.0,99.0,86.1,96.0,1975
2018-05-14 00:00:00+05:30,100.0,100.0,100.0,100.0,900
2018-05-15 00:00:00+05:30,91.0,100.0,90.1,100.0,4372
2018-05-16 00:00:00+05:30,96.0,96.0,87.05,87.05,48
2018-05-17 00:00:00+05:30,90.15,93.0,90.15,93.0,508
2018-05-18 00:00:00+05:30,90.55,91.0,90.55,91.0,850
2018-05-21 00:00:00+05:30,99.8,99.8,99.8,99.8,1
2018-05-22 00:00:00+05:30,99.8,99.8,91.0,99.4,160
2018-05-23 00:00:00+05:30,99.1,99.1,88.6,94.95,941
2018-05-25 00:00:00+05:30,91.0,104.9,91.0,93.0,298
2018-05-29 00:00:00+05:30,95.0,100.0,92.0,100.0,4148
2018-05-30 00:00:00+05:30,90.0,99.95,85.5,90.0,5543
2018-05-31 00:00:00+05:30,90.0,95.0,90.0,95.0,6352
2018-06-01 00:00:00+05:30,95.0,100.0,91.35,98.75,5351
2018-06-04 00:00:00+05:30,100.0,100.0,94.5,94.5,10340
2018-06-05 00:00:00+05:30,99.95,99.95,91.0,91.0,5400
2018-06-06 00:00:00+05:30,93.0,93.0,93.0,93.0,4000
2018-06-07 00:00:00+05:30,94.6,94.6,93.0,93.0,4277
2018-06-08 00:00:00+05:30,85.25,91.0,85.25,91.0,127
2018-06-11 00:00:00+05:30,92.7,97.95,92.7,93.0,3010
2018-06-12 00:00:00+05:30,93.0,100.0,93.0,100.0,1514
2018-06-14 00:00:00+05:30,91.0,91.0,91.0,91.0,1
2018-06-15 00:00:00+05:30,98.5,98.5,90.1,97.0,802
2018-06-19 13:00:00+05:30,97.8,97.8,92.0,92.0,51
2018-06-20 00:00:00+05:30,86.2,97.9,86.2,91.0,410
2018-06-21 00:00:00+05:30,87.05,90.0,87.05,90.0,200
2018-06-25 00:00:00+05:30,90.0,90.0,85.0,85.0,12331
2018-06-26 00:00:00+05:30,76.0,88.2,74.05,88.2,1407
2018-06-27 00:00:00+05:30,85.0,92.0,75.1,75.1,1996
2018-06-28 00:00:00+05:30,85.0,87.5,78.5,80.15,1523
2018-06-29 00:00:00+05:30,85.0,85.0,73.8,73.8,2889
2018-07-02 00:00:00+05:30,70.05,74.25,67.95,69.0,16577
2018-07-03 00:00:00+05:30,71.0,75.0,70.0,75.0,2020
2018-07-04 00:00:00+05:30,70.1,70.15,70.0,70.0,597
2018-07-05 00:00:00+05:30,70.15,75.0,70.1,75.0,21
2018-07-06 00:00:00+05:30,70.0,70.05,70.0,70.05,110
2018-07-09 00:00:00+05:30,71.0,75.0,71.0,75.0,51
2018-07-10 00:00:00+05:30,66.05,90.0,66.05,89.0,8825
2018-07-11 00:00:00+05:30,105.0,105.0,94.0,97.9,4115
2018-07-12 00:00:00+05:30,97.0,100.0,94.0,99.0,1679
2018-07-13 00:00:00+05:30,90.0,105.0,87.0,104.1,7178
2018-07-16 00:00:00+05:30,103.5,103.5,91.5,98.9,635
2018-07-17 00:00:00+05:30,98.9,98.9,87.2,98.7,807
2018-07-18 00:00:00+05:30,98.9,99.0,98.9,99.0,10
2018-07-19 00:00:00+05:30,93.0,93.5,86.0,86.0,1063
2018-07-20 00:00:00+05:30,80.05,87.2,80.05,84.3,752
2018-07-23 00:00:00+05:30,84.0,84.0,84.0,84.0,277
2018-07-24 00:00:00+05:30,83.1,86.8,81.0,83.35,1490
2018-07-25 00:00:00+05:30,88.0,96.85,88.0,89.0,727
2018-07-26 00:00:00+05:30,89.0,96.5,89.0,96.5,29
2018-07-27 00:00:00+05:30,96.0,98.0,90.3,95.0,288
2018-07-30 00:00:00+05:30,94.0,94.0,90.0,90.7,140
2018-07-31 00:00:00+05:30,89.0,89.05,89.0,89.05,380
2018-08-01 00:00:00+05:30,86.25,99.55,86.25,98.0,793
2018-08-02 00:00:00+05:30,92.0,92.0,90.5,90.5,207
2018-08-03 00:00:00+05:30,88.5,100.0,88.0,92.5,1628
2018-08-06 00:00:00+05:30,94.5,94.5,90.0,92.5,3941
2018-08-07 00:00:00+05:30,88.05,91.4,84.75,85.0,2118
2018-08-08 00:00:00+05:30,90.7,90.7,80.1,81.25,1070
2018-08-09 00:00:00+05:30,91.9,91.9,82.5,83.0,258
2018-08-10 00:00:00+05:30,93.2,93.2,83.6,84.0,151
2018-08-13 00:00:00+05:30,80.05,93.4,80.05,89.85,202
2018-08-14 00:00:00+05:30,85.0,85.05,85.0,85.05,102
2018-08-16 00:00:00+05:30,93.9,93.9,81.15,81.35,40
2018-08-17 00:00:00+05:30,93.3,93.3,85.0,85.05,490
2018-08-20 00:00:00+05:30,91.2,91.2,85.3,90.4,200
2018-08-21 00:00:00+05:30,90.0,90.0,89.5,89.5,50
2018-08-23 00:00:00+05:30,89.5,89.5,88.0,88.0,650
2018-08-24 00:00:00+05:30,90.05,91.7,88.0,91.0,551
2018-08-27 00:00:00+05:30,86.0,90.9,86.0,86.05,857
2018-08-28 11:00:00+05:30,90.9,90.9,83.4,83.4,770
2018-08-29 00:00:00+05:30,82.3,87.0,80.45,82.95,968
2018-08-30 00:00:00+05:30,82.0,88.7,82.0,85.0,996
2018-08-31 00:00:00+05:30,81.0,81.0,81.0,81.0,100
2018-09-03 00:00:00+05:30,80.0,84.95,80.0,84.95,21
2018-09-04 00:00:00+05:30,83.95,83.95,80.15,83.95,317
2018-09-05 00:00:00+05:30,81.1,87.9,80.0,80.0,406
2018-09-06 00:00:00+05:30,80.0,81.3,75.35,77.0,1497
2018-09-07 00:00:00+05:30,80.0,83.95,79.75,80.0,1195
2018-09-10 00:00:00+05:30,80.0,80.0,75.1,80.0,293
2018-09-11 00:00:00+05:30,77.0,84.8,75.9,77.05,403
2018-09-12 00:00:00+05:30,73.2,82.9,73.2,80.0,586
2018-09-14 00:00:00+05:30,82.9,82.9,80.0,80.0,384
2018-09-17 00:00:00+05:30,78.4,80.0,76.05,80.0,584
2018-09-18 00:00:00+05:30,83.9,83.9,83.7,83.7,110
2018-09-19 00:00:00+05:30,80.0,82.25,80.0,82.25,187
2018-09-21 00:00:00+05:30,78.1,83.0,77.0,83.0,1731
2018-09-24 00:00:00+05:30,80.0,80.1,80.0,80.0,2617
2018-09-25 00:00:00+05:30,75.25,75.25,75.25,75.25,48
2018-09-26 00:00:00+05:30,72.2,80.0,72.2,80.0,432
2018-09-28 00:00:00+05:30,80.0,80.0,70.05,74.9,722
2018-10-01 00:00:00+05:30,70.0,76.4,60.0,72.0,4355
2018-10-03 00:00:00+05:30,67.0,68.0,66.15,66.55,478
2018-10-04 00:00:00+05:30,63.3,67.95,63.3,67.95,275
2018-10-05 00:00:00+05:30,75.45,75.45,66.0,70.0,3085
2018-10-08 00:00:00+05:30,70.0,70.0,70.0,70.0,1436
2018-10-09 00:00:00+05:30,70.0,70.0,70.0,70.0,1000
2018-10-10 00:00:00+05:30,64.0,70.0,62.8,70.0,778
2018-10-11 00:00:00+05:30,72.0,72.0,65.5,68.25,1642
2018-10-12 00:00:00+05:30,72.0,72.0,72.0,72.0,1
2018-10-15 00:00:00+05:30,75.0,75.0,74.0,74.0,1300
2018-10-16 00:00:00+05:30,74.0,75.0,74.0,75.0,650
2018-10-17 00:00:00+05:30,74.95,75.0,66.2,75.0,550
2018-10-19 00:00:00+05:30,74.5,75.0,74.5,75.0,550
2018-10-22 00:00:00+05:30,75.0,83.95,64.5,64.5,1454
2018-10-23 00:00:00+05:30,58.6,74.0,58.6,69.05,2492
2018-10-24 00:00:00+05:30,78.8,78.8,65.6,70.2,959
2018-10-25 00:00:00+05:30,73.95,73.95,73.95,73.95,100
2018-10-29 00:00:00+05:30,75.0,75.0,75.0,75.0,100
2018-10-30 00:00:00+05:30,67.15,74.0,67.15,74.0,699
2018-10-31 00:00:00+05:30,82.0,82.0,80.75,80.9,138
2018-11-01 00:00:00+05:30,80.8,80.8,71.8,71.8,3
2018-11-02 00:00:00+05:30,80.0,81.0,80.0,81.0,199
2018-11-05 00:00:00+05:30,80.0,80.0,75.0,75.0,676
2018-11-07 00:00:00+05:30,81.0,81.0,81.0,81.0,1
2018-11-09 00:00:00+05:30,71.5,72.0,69.0,69.0,2307
2018-11-12 00:00:00+05:30,73.0,75.4,71.0,75.4,1914
2018-11-13 00:00:00+05:30,75.0,78.7,72.3,72.45,273
2018-11-14 00:00:00+05:30,70.1,73.0,70.1,73.0,5
2018-11-15 00:00:00+05:30,70.1,73.1,70.1,72.0,622
2018-11-16 00:00:00+05:30,71.3,79.7,71.0,75.0,1597
2018-11-19 00:00:00+05:30,80.9,80.9,72.45,74.0,577
2018-11-20 00:00:00+05:30,75.0,78.8,72.05,75.0,673
2018-11-21 00:00:00+05:30,75.0,75.0,75.0,75.0,550
2018-11-22 00:00:00+05:30,75.0,83.75,75.0,75.0,1607
2018-11-28 00:00:00+05:30,76.0,76.0,75.0,75.0,810
2018-11-29 00:00:00+05:30,75.0,75.0,75.0,75.0,300
2018-11-30 00:00:00+05:30,83.6,83.6,83.6,83.6,2
2018-12-03 00:00:00+05:30,75.0,76.0,73.2,73.2,395
2018-12-04 00:00:00+05:30,70.3,77.0,70.3,77.0,317
2018-12-05 00:00:00+05:30,69.1,73.85,69.1,72.0,468
2018-12-06 00:00:00+05:30,67.25,79.0,67.25,74.7,56
2018-12-07 00:00:00+05:30,70.75,70.75,70.0,70.65,240
2018-12-10 00:00:00+05:30,62.7,72.9,62.7,68.2,390
2018-12-11 00:00:00+05:30,67.0,79.65,67.0,77.95,49
2018-12-12 00:00:00+05:30,68.7,77.8,68.65,72.2,567
2018-12-14 00:00:00+05:30,72.1,72.1,69.4,69.4,422
2018-12-17 00:00:00+05:30,69.4,72.0,69.4,72.0,51
2018-12-18 00:00:00+05:30,75.95,76.0,69.1,72.7,415
2018-12-19 00:00:00+05:30,75.0,75.0,75.0,75.0,150
2018-12-20 00:00:00+05:30,74.9,74.9,74.9,74.9,200
2018-12-21 00:00:00+05:30,70.0,80.95,70.0,70.4,457
2018-12-26 00:00:00+05:30,67.05,79.95,67.05,69.25,71
2018-12-27 00:00:00+05:30,70.0,76.0,70.0,73.0,510
2018-12-28 00:00:00+05:30,70.05,76.0,70.0,76.0,16
2018-12-31 00:00:00+05:30,71.1,76.95,71.1,72.9,357
2019-01-01 00:00:00+05:30,71.2,76.3,71.2,76.3,160
2019-01-02 00:00:00+05:30,71.35,75.95,71.35,75.95,51
2019-01-07 00:00:00+05:30,68.55,75.0,68.55,75.0,317
2019-01-08 00:00:00+05:30,71.9,72.0,69.45,69.85,2150
2019-01-09 00:00:00+05:30,70.1,70.95,69.7,70.1,103
2019-01-11 00:00:00+05:30,79.0,79.0,67.2,70.85,207
2019-01-14 00:00:00+05:30,70.85,70.85,67.85,70.65,201
2019-01-15 00:00:00+05:30,84.4,84.4,68.7,71.4,2209
2019-01-16 00:00:00+05:30,74.9,74.9,74.4,74.4,305
2019-01-17 00:00:00+05:30,74.15,78.95,72.05,74.0,3414
2019-01-18 00:00:00+05:30,72.2,79.75,72.2,76.0,2301
2019-01-21 00:00:00+05:30,73.25,76.95,72.05,72.05,543
2019-01-22 00:00:00+05:30,71.4,71.4,71.3,71.35,199
2019-01-24 00:00:00+05:30,76.95,76.95,76.95,76.95,100
2019-01-28 00:00:00+05:30,71.2,71.5,71.2,71.5,191
2019-01-29 00:00:00+05:30,76.0,76.0,72.0,72.0,191
2019-01-30 00:00:00+05:30,71.2,76.0,71.2,71.3,200
2019-02-04 00:00:00+05:30,71.3,71.3,71.3,71.3,325
2019-02-05 00:00:00+05:30,71.2,71.3,71.2,71.25,340
2019-02-06 00:00:00+05:30,71.3,71.3,67.4,71.0,250
2019-02-07 00:00:00+05:30,70.0,70.0,70.0,70.0,100
2019-02-08 00:00:00+05:30,68.2,73.5,68.2,73.0,560
2019-02-11 00:00:00+05:30,70.0,75.75,69.35,69.35,2395
2019-02-12 00:00:00+05:30,69.35,69.35,67.5,67.5,570
2019-02-13 00:00:00+05:30,67.25,69.0,67.0,67.0,711
2019-02-15 00:00:00+05:30,66.0,68.0,66.0,68.0,359
2019-02-18 00:00:00+05:30,66.0,68.0,66.0,68.0,720
2019-02-20 00:00:00+05:30,65.0,65.0,64.6,64.6,60
2019-02-21 00:00:00+05:30,67.5,67.5,63.0,67.4,350
2019-02-25 00:00:00+05:30,69.9,69.9,64.05,68.9,431
2019-02-28 00:00:00+05:30,69.9,69.9,65.5,65.5,99
2019-03-05 00:00:00+05:30,66.5,66.5,62.55,63.5,4765
2019-03-06 00:00:00+05:30,66.5,66.65,65.5,65.5,1032
2019-03-07 00:00:00+05:30,65.5,65.5,62.8,63.5,342
2019-03-08 00:00:00+05:30,66.1,66.65,61.4,65.5,4599
2019-03-11 00:00:00+05:30,62.8,65.8,62.25,65.75,553
2019-03-12 00:00:00+05:30,62.5,64.4,62.5,64.4,300
2019-03-13 00:00:00+05:30,61.65,64.0,61.2,61.2,2398
2019-03-14 00:00:00+05:30,60.05,61.95,60.0,61.0,1603
2019-03-15 00:00:00+05:30,60.0,62.0,60.0,61.8,2058
2019-03-18 00:00:00+05:30,61.8,62.95,59.0,62.95,102
2019-03-19 00:00:00+05:30,62.0,62.05,62.0,62.0,4919
2019-03-20 00:00:00+05:30,63.0,65.1,63.0,65.0,6326
2019-03-22 00:00:00+05:30,66.9,68.25,66.9,68.25,1861
2019-03-25 00:00:00+05:30,71.65,71.65,65.0,70.4,805
2019-03-26 00:00:00+05:30,67.0,73.9,67.0,73.5,4813
2019-03-27 00:00:00+05:30,71.05,73.5,71.05,73.0,1405
2019-03-28 00:00:00+05:30,74.0,76.65,74.0,76.65,1060
2019-03-29 00:00:00+05:30,77.0,80.45,76.0,79.4,3974
2019-04-01 00:00:00+05:30,83.3,83.35,83.3,83.3,202
2019-04-02 00:00:00+05:30,87.45,87.45,79.2,85.9,1865
2019-04-03 00:00:00+05:30,88.75,88.75,83.0,85.3,320
2019-04-05 00:00:00+05:30,85.0,85.0,83.0,84.0,601
2019-04-08 00:00:00+05:30,87.9,87.9,79.8,84.9,605
2019-04-12 00:00:00+05:30,80.7,82.0,80.7,82.0,562
2019-04-23 00:00:00+05:30,84.9,84.9,84.9,84.9,20
2019-04-24 00:00:00+05:30,80.7,83.0,80.7,83.0,11
2019-04-25 00:00:00+05:30,81.0,84.0,78.85,82.0,3225
2019-04-26 00:00:00+05:30,80.0,85.75,80.0,85.75,4122
2019-04-30 00:00:00+05:30,88.95,88.95,81.5,81.5,1628
2019-05-02 00:00:00+05:30,78.05,78.25,78.0,78.0,608
2019-05-06 00:00:00+05:30,81.7,81.7,74.1,74.2,902
2019-05-07 00:00:00+05:30,75.0,77.9,70.5,70.6,2352
2019-05-08 00:00:00+05:30,74.1,74.1,67.1,70.2,67245
2019-05-09 00:00:00+05:30,67.15,73.65,67.15,67.85,133
2019-05-13 00:00:00+05:30,71.2,71.2,64.5,65.4,211
2019-05-14 00:00:00+05:30,64.5,64.5,62.15,62.15,100
2019-05-15 00:00:00+05:30,65.25,65.25,63.0,63.0,84
2019-05-16 00:00:00+05:30,63.0,63.0,63.0,63.0,1
2019-05-17 00:00:00+05:30,63.0,63.0,63.0,63.0,3
2019-05-20 00:00:00+05:30,63.0,63.0,63.0,63.0,11
2019-05-21 00:00:00+05:30,63.0,65.7,60.0,65.7,725
2019-05-22 00:00:00+05:30,67.95,67.95,67.75,67.8,525
2019-05-24 00:00:00+05:30,67.0,71.15,67.0,71.05,2090
2019-05-27 00:00:00+05:30,71.0,74.55,71.0,74.55,17
2019-05-28 00:00:00+05:30,75.0,78.25,72.0,72.3,2697
2019-05-29 00:00:00+05:30,72.0,72.0,68.7,68.7,1253
2019-05-30 00:00:00+05:30,70.0,70.0,65.35,68.9,1694
2019-05-31 00:00:00+05:30,65.55,66.9,65.5,66.25,313
2019-06-03 00:00:00+05:30,63.05,68.5,63.0,65.0,1943
2019-06-04 00:00:00+05:30,67.0,68.0,66.0,68.0,755
2019-06-06 00:00:00+05:30,65.0,65.0,65.0,65.0,100
2019-06-07 00:00:00+05:30,68.0,68.0,61.8,61.8,5
2019-06-10 00:00:00+05:30,61.0,64.85,61.0,64.85,325
2019-06-11 00:00:00+05:30,62.25,62.25,62.1,62.1,186
2019-06-12 00:00:00+05:30,59.0,62.0,59.0,59.0,136
2019-06-13 00:00:00+05:30,61.0,61.0,61.0,61.0,7
2019-06-14 00:00:00+05:30,58.9,61.0,58.9,61.0,14
2019-06-18 00:00:00+05:30,58.9,60.0,58.0,60.0,503
2019-06-19 00:00:00+05:30,57.0,60.0,57.0,60.0,1478
2019-06-21 00:00:00+05:30,62.5,63.0,60.0,63.0,500
2019-06-24 00:00:00+05:30,59.85,59.9,59.85,59.85,500
2019-06-25 00:00:00+05:30,60.0,62.0,56.9,59.55,601
2019-06-26 00:00:00+05:30,62.0,62.0,62.0,62.0,100
2019-06-27 00:00:00+05:30,63.8,63.8,59.0,59.0,26
2019-06-28 00:00:00+05:30,57.0,61.0,57.0,60.0,402
2019-07-01 00:00:00+05:30,59.0,62.9,59.0,61.0,302
2019-07-02 00:00:00+05:30,62.0,62.0,61.0,61.0,2
2019-07-03 00:00:00+05:30,63.0,63.0,57.95,57.95,492
2019-07-04 00:00:00+05:30,55.1,55.1,55.1,55.1,549
2019-07-05 00:00:00+05:30,52.8,57.0,52.8,52.8,276
2019-07-08 00:00:00+05:30,54.0,54.0,50.2,50.25,10
2019-07-09 00:00:00+05:30,50.25,52.75,47.75,52.75,407
2019-07-11 00:00:00+05:30,53.0,54.0,53.0,54.0,501
2019-07-16 00:00:00+05:30,53.0,53.0,53.0,53.0,250
2019-07-17 00:00:00+05:30,52.0,52.0,52.0,52.0,200
2019-07-18 00:00:00+05:30,49.5,49.5,49.5,49.5,25
2019-07-19 00:00:00+05:30,48.05,48.05,47.05,47.3,215
2019-07-22 00:00:00+05:30,47.05,47.05,47.0,47.0,50
2019-07-23 00:00:00+05:30,47.0,47.0,47.0,47.0,3
2019-07-24 00:00:00+05:30,46.0,46.0,44.65,44.65,490
2019-07-25 00:00:00+05:30,45.0,46.85,42.45,42.7,903
2019-07-26 00:00:00+05:30,44.8,44.8,40.6,41.0,846
2019-07-29 00:00:00+05:30,41.0,42.0,40.0,40.0,204
2019-07-30 00:00:00+05:30,38.0,38.0,38.0,38.0,585
2019-07-31 00:00:00+05:30,36.1,39.0,36.1,39.0,1301
2019-08-01 00:00:00+05:30,37.7,38.5,37.7,38.5,450
2019-08-09 00:00:00+05:30,38.0,38.0,38.0,38.0,400
2019-08-13 00:00:00+05:30,36.1,38.0,36.1,38.0,285
2019-08-14 00:00:00+05:30,36.1,36.1,36.1,36.1,1890
2019-08-16 00:00:00+05:30,36.0,36.0,34.5,34.5,91
2019-08-19 00:00:00+05:30,34.5,36.2,32.8,33.05,498
2019-08-20 00:00:00+05:30,33.0,33.0,33.0,33.0,300
2019-08-26 00:00:00+05:30,32.0,34.0,31.35,33.95,2200
2019-08-27 00:00:00+05:30,35.6,35.6,35.4,35.6,350
2019-08-28 00:00:00+05:30,37.0,37.0,34.0,34.35,3025
2019-08-29 00:00:00+05:30,35.0,35.0,35.0,35.0,250
2019-08-30 00:00:00+05:30,36.1,36.1,36.1,36.1,26
2019-09-03 00:00:00+05:30,35.0,35.0,35.0,35.0,500
2019-09-04 00:00:00+05:30,35.0,35.0,34.0,34.0,1200
2019-09-05 00:00:00+05:30,33.7,33.7,33.5,33.5,1150
2019-09-06 00:00:00+05:30,33.5,33.55,33.5,33.55,365610
2019-09-11 00:00:00+05:30,35.2,35.2,35.2,35.2,440
2019-09-12 00:00:00+05:30,35.5,35.5,35.5,35.5,245
2019-09-13 00:00:00+05:30,37.25,37.25,37.25,37.25,12100
2019-09-16 00:00:00+05:30,39.1,39.1,38.0,39.0,1110
2019-09-17 00:00:00+05:30,40.95,40.95,38.5,38.5,5007
2019-09-18 00:00:00+05:30,40.4,40.4,39.0,39.0,1250
2019-09-20 00:00:00+05:30,39.0,39.0,39.0,39.0,140
2019-09-23 00:00:00+05:30,39.0,39.0,38.5,38.5,3600
2019-09-24 00:00:00+05:30,38.0,38.0,37.5,37.5,14000
2019-09-25 00:00:00+05:30,36.5,36.5,36.0,36.0,2100
2019-09-26 00:00:00+05:30,36.5,36.5,36.5,36.5,100
2019-09-27 00:00:00+05:30,36.7,38.0,36.7,36.7,252
2019-09-30 00:00:00+05:30,36.5,36.7,36.5,36.5,1360
2019-10-01 00:00:00+05:30,36.0,36.0,34.7,34.7,800
2019-10-03 00:00:00+05:30,33.0,33.15,33.0,33.0,1890
2019-10-04 00:00:00+05:30,32.0,33.0,32.0,32.0,650
2019-10-09 00:00:00+05:30,31.0,31.5,31.0,31.0,1800
2019-10-10 00:00:00+05:30,31.5,31.5,31.5,31.5,1400
2019-10-11 00:00:00+05:30,30.0,33.0,30.0,33.0,5
2019-10-14 00:00:00+05:30,33.0,33.0,33.0,33.0,55
2019-10-15 00:00:00+05:30,31.35,31.35,31.35,31.35,1
2019-10-17 00:00:00+05:30,32.8,32.8,32.8,32.8,1
2019-10-18 00:00:00+05:30,31.2,31.2,31.2,31.2,100
2019-10-22 00:00:00+05:30,29.65,29.65,29.65,29.65,400
2019-10-23 00:00:00+05:30,31.1,31.1,31.1,31.1,4
2019-10-24 00:00:00+05:30,29.55,29.55,29.55,29.55,170
2019-10-27 00:00:00+05:30,31.0,31.0,31.0,31.0,2
2019-10-29 00:00:00+05:30,31.0,31.0,31.0,31.0,4
2019-10-30 00:00:00+05:30,31.5,31.5,29.55,29.55,50575
2019-10-31 00:00:00+05:30,30.0,30.0,30.0,30.0,26923
2019-11-01 00:00:00+05:30,29.0,29.0,28.5,28.5,500
2019-11-04 00:00:00+05:30,27.1,27.1,27.1,27.1,871
2019-11-05 00:00:00+05:30,25.75,28.4,25.75,28.4,1001
2019-11-06 00:00:00+05:30,27.05,28.95,27.0,28.95,407
2019-11-07 00:00:00+05:30,28.95,28.95,28.95,28.95,150
2019-11-08 00:00:00+05:30,28.0,28.1,27.55,27.55,183
2019-11-11 00:00:00+05:30,26.2,28.85,26.2,27.5,761
2019-11-13 00:00:00+05:30,26.2,27.95,26.15,26.3,998
2019-11-14 00:00:00+05:30,27.55,27.55,25.0,25.0,657
2019-11-15 00:00:00+05:30,23.75,26.0,23.75,26.0,168
2019-11-18 00:00:00+05:30,26.0,26.0,24.7,24.7,24
2019-11-19 00:00:00+05:30,23.5,23.5,23.5,23.5,1530
2019-11-20 00:00:00+05:30,24.65,24.65,22.35,23.35,3770
2019-11-21 00:00:00+05:30,22.25,24.5,22.25,22.5,4083
2019-11-22 00:00:00+05:30,23.6,23.6,23.6,23.6,1
2019-11-25 00:00:00+05:30,24.75,24.75,22.7,24.75,981
2019-11-26 00:00:00+05:30,24.0,25.9,24.0,25.9,330
2019-11-27 00:00:00+05:30,27.1,27.15,25.1,25.5,901
2019-11-28 00:00:00+05:30,26.0,26.0,26.0,26.0,270
2019-11-29 00:00:00+05:30,26.0,27.3,24.75,26.5,2663
2019-12-02 00:00:00+05:30,26.5,26.5,25.2,25.2,1760
2019-12-03 00:00:00+05:30,26.2,26.45,25.0,25.7,1091
2019-12-04 00:00:00+05:30,25.1,26.95,25.1,26.9,599
2019-12-05 00:00:00+05:30,27.0,27.15,27.0,27.15,188
2019-12-06 00:00:00+05:30,28.0,28.0,28.0,28.0,500
2019-12-09 00:00:00+05:30,26.65,26.65,26.6,26.6,450
2019-12-10 00:00:00+05:30,27.85,27.85,25.3,25.3,102
2019-12-11 00:00:00+05:30,26.55,26.55,24.15,26.55,743
2019-12-13 00:00:00+05:30,27.8,27.8,27.5,27.6,200
2019-12-16 00:00:00+05:30,28.0,28.0,26.6,26.6,335
2019-12-17 00:00:00+05:30,27.6,27.6,27.6,27.6,250
2019-12-18 00:00:00+05:30,28.9,28.95,28.9,28.95,500
2019-12-19 00:00:00+05:30,30.3,30.3,27.6,28.0,28
2019-12-23 00:00:00+05:30,27.3,28.0,27.3,28.0,600
2019-12-24 00:00:00+05:30,26.95,28.25,26.95,28.25,620
2019-12-26 00:00:00+05:30,28.0,28.0,28.0,28.0,400
2019-12-30 00:00:00+05:30,29.0,29.0,29.0,29.0,5384
2019-12-31 00:00:00+05:30,27.6,30.45,27.6,30.45,6067
2020-01-02 00:00:00+05:30,30.0,31.95,30.0,31.95,7930
2020-01-03 00:00:00+05:30,33.5,33.5,33.5,33.5,3000
2020-01-06 00:00:00+05:30,35.0,35.15,35.0,35.15,1068
2020-01-07 00:00:00+05:30,36.5,36.9,36.5,36.9,3571
2020-01-08 00:00:00+05:30,35.1,35.25,35.1,35.25,950
2020-01-09 00:00:00+05:30,33.5,37.0,33.5,36.8,561
2020-01-10 00:00:00+05:30,35.0,38.6,35.0,38.0,9581
2020-01-13 00:00:00+05:30,39.9,39.9,36.1,36.3,5019
2020-01-14 00:00:00+05:30,37.0,37.0,34.5,34.5,470
2020-01-15 00:00:00+05:30,35.0,35.7,32.8,32.85,3203
2020-01-16 00:00:00+05:30,33.0,34.0,31.25,31.25,1552
2020-01-17 00:00:00+05:30,32.45,32.5,31.95,32.5,1838
2020-01-20 00:00:00+05:30,30.9,33.0,30.9,31.95,1136
2020-01-21 00:00:00+05:30,32.0,32.0,30.4,30.4,750
2020-01-22 00:00:00+05:30,28.95,29.0,28.9,28.9,877
2020-01-23 00:00:00+05:30,27.5,27.55,27.5,27.5,2302
2020-01-24 00:00:00+05:30,28.0,28.7,26.25,26.25,1031
2020-01-27 00:00:00+05:30,26.95,27.55,25.15,26.5,3166
2020-01-28 00:00:00+05:30,26.0,27.5,26.0,27.5,800
2020-01-29 00:00:00+05:30,26.2,27.95,26.2,26.35,501
2020-01-30 00:00:00+05:30,25.15,25.15,25.05,25.05,3550
2020-01-31 00:00:00+05:30,25.0,25.0,23.8,24.9,5563
2020-02-01 00:00:00+05:30,26.0,26.0,23.7,23.7,1315
2020-02-03 00:00:00+05:30,24.75,24.75,22.55,22.7,945
2020-02-04 00:00:00+05:30,23.75,23.75,21.75,22.2,367
2020-02-05 00:00:00+05:30,23.0,23.0,22.05,22.05,728
2020-02-06 00:00:00+05:30,22.5,23.0,22.0,22.0,671
2020-02-07 00:00:00+05:30,22.95,22.95,20.9,21.2,967
2020-02-10 00:00:00+05:30,22.25,22.25,21.05,22.25,901
2020-02-11 00:00:00+05:30,21.15,23.0,21.15,21.15,1486
2020-02-12 00:00:00+05:30,21.15,22.2,21.0,22.2,1800
2020-02-13 00:00:00+05:30,21.1,23.3,21.1,23.3,1701
2020-02-14 00:00:00+05:30,24.45,24.45,24.0,24.0,2796
2020-02-17 00:00:00+05:30,25.0,25.2,23.25,23.45,9057
2020-02-18 00:00:00+05:30,24.6,24.6,24.0,24.6,6061
2020-02-19 00:00:00+05:30,23.5,25.75,23.5,25.0,897
2020-02-20 00:00:00+05:30,24.0,26.25,24.0,25.1,111
2020-02-24 00:00:00+05:30,26.0,26.35,26.0,26.35,691
2020-02-25 00:00:00+05:30,27.65,27.65,25.05,25.2,887
2020-02-26 00:00:00+05:30,24.05,26.45,24.0,26.45,2640
2020-02-27 00:00:00+05:30,25.15,27.75,25.15,27.75,961
2020-02-28 00:00:00+05:30,26.4,29.0,26.4,26.4,801
2020-03-02 00:00:00+05:30,27.0,27.4,26.0,27.4,1391
2020-03-03 00:00:00+05:30,26.05,27.9,26.05,26.25,2110
2020-03-04 00:00:00+05:30,26.95,26.95,25.0,26.9,210
2020-03-05 00:00:00+05:30,26.0,26.0,25.6,25.6,520
2020-03-06 00:00:00+05:30,26.8,26.8,24.35,24.35,2
2020-03-09 00:00:00+05:30,23.15,23.15,23.15,23.15,200
2020-03-11 00:00:00+05:30,24.3,24.3,22.05,24.3,170
2020-03-12 00:00:00+05:30,23.1,23.5,23.1,23.5,276
2020-03-13 00:00:00+05:30,23.1,23.1,22.5,22.5,4018
2020-03-16 00:00:00+05:30,21.4,22.5,21.4,22.5,4507
2020-03-17 00:00:00+05:30,21.5,21.5,21.5,21.5,100
2020-03-18 00:00:00+05:30,21.0,21.0,20.75,20.75,451
2020-03-19 00:00:00+05:30,21.0,21.0,19.75,20.9,400
2020-03-20 00:00:00+05:30,19.9,19.9,19.9,19.9,3250
2020-03-23 00:00:00+05:30,19.0,19.0,19.0,19.0,34010
2020-03-24 00:00:00+05:30,18.5,18.8,18.1,18.8,1581
2020-03-25 00:00:00+05:30,17.9,19.7,17.9,19.7,6585
2020-03-26 00:00:00+05:30,18.75,19.8,18.75,19.8,1203
2020-03-27 00:00:00+05:30,18.85,18.85,18.85,18.85,600
2020-03-31 00:00:00+05:30,17.95,19.5,17.95,17.95,440
2020-04-01 00:00:00+05:30,17.1,17.1,17.1,17.1,2215
2020-04-03 00:00:00+05:30,16.25,17.0,16.25,16.5,1651
2020-04-07 00:00:00+05:30,16.5,17.3,15.7,17.2,37403
2020-04-08 00:00:00+05:30,16.5,18.05,16.5,18.05,632
2020-04-13 00:00:00+05:30,18.05,18.05,17.4,18.0,518
2020-04-15 00:00:00+05:30,18.0,18.0,18.0,18.0,155
2020-04-16 00:00:00+05:30,18.9,18.9,18.5,18.5,1049
2020-04-17 00:00:00+05:30,19.4,19.4,18.7,19.4,136
2020-04-20 00:00:00+05:30,20.35,20.35,20.35,20.35,402
2020-04-21 00:00:00+05:30,20.35,20.35,19.4,20.2,706
2020-04-22 00:00:00+05:30,20.2,21.2,20.2,20.5,461
2020-04-23 00:00:00+05:30,20.45,21.5,20.45,21.45,140
2020-04-24 00:00:00+05:30,21.45,22.0,21.4,22.0,210
2020-04-27 00:00:00+05:30,22.0,22.0,22.0,22.0,10
2020-04-28 00:00:00+05:30,23.1,23.1,20.9,23.1,3545
2020-04-29 00:00:00+05:30,23.5,24.25,23.5,24.25,805
2020-04-30 00:00:00+05:30,24.25,25.45,23.05,23.1,2527
2020-05-04 00:00:00+05:30,23.05,23.1,21.95,22.0,446
2020-05-05 00:00:00+05:30,22.0,22.0,22.0,22.0,138
2020-05-06 00:00:00+05:30,21.0,21.0,21.0,21.0,25
2020-05-07 00:00:00+05:30,20.15,22.0,20.15,21.1,752
2020-05-11 00:00:00+05:30,20.55,22.0,20.55,21.95,313
2020-05-12 00:00:00+05:30,21.55,21.55,20.95,20.95,102
2020-05-13 00:00:00+05:30,21.95,21.95,21.95,21.95,992
2020-05-14 00:00:00+05:30,22.0,22.0,22.0,22.0,250
2020-05-15 00:00:00+05:30,21.0,21.0,21.0,21.0,100
2020-05-18 00:00:00+05:30,21.0,21.0,21.0,21.0,98
2020-05-19 00:00:00+05:30,21.05,21.05,21.0,21.05,75
2020-05-20 00:00:00+05:30,20.55,20.55,20.55,20.55,100
2020-05-27 00:00:00+05:30,20.55,20.55,20.55,20.55,10
2020-05-28 00:00:00+05:30,21.0,21.5,21.0,21.0,753
2020-06-01 00:00:00+05:30,22.0,22.0,22.0,22.0,300
2020-06-02 00:00:00+05:30,22.5,22.5,22.5,22.5,11
2020-06-03 00:00:00+05:30,23.55,23.6,23.55,23.6,600
2020-06-04 00:00:00+05:30,24.75,24.75,24.75,24.75,628
2020-06-05 00:00:00+05:30,25.95,25.95,25.95,25.95,273
2020-06-08 00:00:00+05:30,27.2,27.2,27.2,27.2,10957
2020-06-09 00:00:00+05:30,28.55,28.55,28.55,28.55,1313
2020-06-10 00:00:00+05:30,29.9,29.95,29.9,29.95,1360
2020-06-11 00:00:00+05:30,29.95,30.5,29.95,30.05,1125
2020-06-12 00:00:00+05:30,30.0,30.65,30.0,30.65,2392
2020-06-15 00:00:00+05:30,31.25,31.25,30.65,31.25,662
2020-06-16 00:00:00+05:30,31.85,31.85,31.85,31.85,553
2020-06-17 00:00:00+05:30,31.25,31.25,31.25,31.25,120
2020-06-18 00:00:00+05:30,31.85,31.85,31.85,31.85,114
2020-06-19 00:00:00+05:30,32.45,32.45,31.5,32.45,3850
2020-06-22 00:00:00+05:30,32.45,32.45,32.0,32.45,1040
2020-06-23 00:00:00+05:30,32.45,33.05,32.45,33.05,1232
2020-06-24 00:00:00+05:30,33.7,33.7,33.7,33.7,1519
2020-06-25 00:00:00+05:30,34.0,34.35,34.0,34.35,1000
2020-06-26 00:00:00+05:30,35.0,35.0,35.0,35.0,348
2020-06-29 00:00:00+05:30,35.7,35.7,35.7,35.7,345
2020-06-30 00:00:00+05:30,36.4,36.4,36.4,36.4,723
2020-07-01 00:00:00+05:30,37.1,37.1,37.0,37.0,3359
2020-07-02 00:00:00+05:30,37.7,37.7,37.7,37.7,1584
2020-07-03 00:00:00+05:30,37.7,38.4,37.7,38.4,65
2020-07-06 00:00:00+05:30,39.15,39.15,39.15,39.15,145
2020-07-07 00:00:00+05:30,39.9,39.9,39.9,39.9,4499
2020-07-08 00:00:00+05:30,39.9,40.65,39.9,40.65,187
2020-07-09 00:00:00+05:30,41.45,41.45,40.0,40.85,4265
2020-07-10 00:00:00+05:30,41.65,41.65,40.05,41.2,3163
2020-07-13 00:00:00+05:30,41.2,41.2,40.4,40.4,136
2020-07-14 00:00:00+05:30,41.2,41.2,39.6,39.6,1066
2020-07-15 00:00:00+05:30,38.85,39.0,38.85,38.85,850
2020-07-17 00:00:00+05:30,39.6,39.6,39.6,39.6,6494
2020-07-20 00:00:00+05:30,40.35,40.35,40.35,40.35,1081
2020-07-21 00:00:00+05:30,41.15,41.15,41.15,41.15,1
2020-07-22 00:00:00+05:30,41.95,41.95,40.35,40.5,2801
2020-07-23 00:00:00+05:30,39.7,39.7,39.7,39.7,2835
2020-07-24 00:00:00+05:30,38.95,38.95,38.95,38.95,2
2020-07-27 00:00:00+05:30,38.2,38.2,38.2,38.2,351
2020-07-28 00:00:00+05:30,38.5,38.5,37.45,37.45,700
2020-07-29 00:00:00+05:30,36.75,36.75,36.75,36.75,400
2020-07-30 00:00:00+05:30,36.05,36.05,36.05,36.05,528
2020-08-03 00:00:00+05:30,35.35,36.75,35.35,36.75,9241
2020-08-04 00:00:00+05:30,37.45,37.45,37.45,37.45,63
2020-08-05 00:00:00+05:30,38.15,38.15,38.15,38.15,474
2020-08-06 00:00:00+05:30,38.9,38.9,38.9,38.9,124
2020-08-07 00:00:00+05:30,40.0,40.8,40.0,40.8,3180
2020-08-10 00:00:00+05:30,41.7,42.8,41.7,42.8,2074
2020-08-11 00:00:00+05:30,43.2,44.9,43.2,44.9,740
2020-08-12 00:00:00+05:30,47.1,47.1,47.1,47.1,372
2020-08-13 00:00:00+05:30,49.45,49.45,49.4,49.45,1505
2020-08-14 00:00:00+05:30,51.9,51.9,51.9,51.9,121
2020-08-17 00:00:00+05:30,54.45,54.45,53.0,54.45,2359
2020-08-18 00:00:00+05:30,57.15,57.15,57.15,57.15,119
2020-08-19 00:00:00+05:30,60.0,60.0,60.0,60.0,609
2020-08-20 00:00:00+05:30,63.0,63.0,63.0,63.0,140
2020-08-21 00:00:00+05:30,66.15,66.15,65.0,65.95,11256
2020-08-24 00:00:00+05:30,68.95,69.2,63.0,67.4,13773
2020-08-25 00:00:00+05:30,70.75,70.75,64.05,68.9,12205
2020-08-26 00:00:00+05:30,72.2,72.2,65.5,67.0,6893
2020-08-27 00:00:00+05:30,69.9,69.9,67.0,67.85,4512
2020-08-28 00:00:00+05:30,65.3,69.0,64.5,64.5,3444
2020-08-31 00:00:00+05:30,63.0,63.0,61.3,61.3,4815
2020-09-01 00:00:00+05:30,61.3,61.3,59.0,59.0,983
2020-09-02 00:00:00+05:30,61.95,61.95,57.0,57.0,5522
2020-09-03 00:00:00+05:30,59.8,59.8,54.5,54.5,811
2020-09-04 00:00:00+05:30,57.0,57.2,51.8,57.0,4234
2020-09-07 00:00:00+05:30,57.0,59.85,54.15,55.6,2842
2020-09-08 00:00:00+05:30,58.35,58.35,55.0,55.0,858
2020-09-09 00:00:00+05:30,56.0,57.7,56.0,56.1,1530
2020-09-10 00:00:00+05:30,55.0,58.9,55.0,56.0,210
2020-09-11 00:00:00+05:30,58.0,58.0,56.0,56.0,2034
2020-09-14 00:00:00+05:30,57.5,58.0,55.95,56.0,1637
2020-09-15 00:00:00+05:30,58.8,58.8,55.0,55.0,1414
2020-09-16 00:00:00+05:30,55.3,55.3,55.0,55.0,711
2020-09-18 00:00:00+05:30,52.4,57.75,52.35,57.7,28468
2020-09-21 00:00:00+05:30,60.55,60.55,55.1,56.9,1722
2020-09-23 00:00:00+05:30,58.3,58.3,55.0,55.5,651
2020-09-24 00:00:00+05:30,56.7,56.7,52.75,52.75,7989
2020-09-25 00:00:00+05:30,53.0,54.0,53.0,53.5,634
2020-09-28 00:00:00+05:30,54.0,56.15,54.0,56.15,2750
2020-09-29 00:00:00+05:30,55.05,55.05,55.0,55.0,570
2020-09-30 00:00:00+05:30,57.0,57.75,55.15,57.0,10250
2020-10-01 00:00:00+05:30,57.5,59.4,57.5,59.4,715
2020-10-05 00:00:00+05:30,57.5,62.35,57.5,61.05,514
2020-10-06 00:00:00+05:30,60.0,60.0,58.0,58.0,430
2020-10-07 00:00:00+05:30,59.5,60.9,57.0,60.9,554
2020-10-08 00:00:00+05:30,66.8,66.8,54.85,56.1,2175
2020-10-09 00:00:00+05:30,58.95,58.95,54.85,56.95,2656
2020-10-12 00:00:00+05:30,56.75,56.75,52.4,56.5,1826
2020-10-13 00:00:00+05:30,55.0,56.45,53.55,53.6,2761
2020-10-14 00:00:00+05:30,51.05,54.8,51.05,52.25,2298
2020-10-16 00:00:00+05:30,55.9,55.9,49.2,49.75,23
2020-10-19 00:00:00+05:30,54.0,54.0,51.0,51.0,501
2020-10-20 00:00:00+05:30,50.1,51.45,46.0,48.5,2575
2020-10-21 00:00:00+05:30,48.5,52.0,48.5,50.05,3853
2020-10-22 00:00:00+05:30,49.15,51.9,48.8,49.3,768
2020-10-23 00:00:00+05:30,54.0,54.0,51.0,53.9,250
2020-10-26 00:00:00+05:30,53.9,53.9,49.0,49.85,705
2020-10-27 00:00:00+05:30,49.0,53.85,47.5,53.4,1222
2020-10-30 00:00:00+05:30,53.4,53.4,53.4,53.4,800
2020-11-02 00:00:00+05:30,53.8,53.8,48.1,52.95,667
2020-11-03 00:00:00+05:30,53.35,53.35,48.1,48.75,217
2020-11-04 00:00:00+05:30,52.9,52.9,48.1,48.1,163
2020-11-05 00:00:00+05:30,50.0,50.0,50.0,50.0,401
2020-11-06 00:00:00+05:30,54.0,54.0,50.15,53.1,510
2020-11-09 00:00:00+05:30,53.4,56.95,48.1,49.75,1911
2020-11-10 00:00:00+05:30,53.95,53.95,51.0,51.1,86
2020-11-11 00:00:00+05:30,47.85,53.75,47.5,49.7,540
2020-11-12 00:00:00+05:30,53.75,53.75,47.5,53.4,476
2020-11-13 00:00:00+05:30,49.5,52.9,49.5,49.6,1074
2020-11-14 00:00:00+05:30,54.4,54.4,44.75,46.75,141
2020-11-17 00:00:00+05:30,49.95,50.0,47.7,50.0,192
2020-11-18 00:00:00+05:30,50.0,50.0,48.45,48.5,343
2020-11-19 00:00:00+05:30,47.5,51.75,45.0,50.0,641
2020-11-20 00:00:00+05:30,48.55,50.0,48.55,50.0,230
2020-11-23 00:00:00+05:30,51.0,52.0,50.1,52.0,1030
2020-11-24 00:00:00+05:30,52.0,56.55,52.0,54.0,2204
2020-11-25 00:00:00+05:30,57.0,57.0,49.5,52.2,436
2020-11-26 00:00:00+05:30,52.3,55.75,52.3,53.0,562
2020-11-27 00:00:00+05:30,56.0,56.0,52.0,52.05,1963
2020-12-01 00:00:00+05:30,56.95,56.95,51.0,53.05,1727
2020-12-02 00:00:00+05:30,57.95,57.95,53.0,53.2,1257
2020-12-03 00:00:00+05:30,54.0,57.25,54.0,56.3,2773
2020-12-04 00:00:00+05:30,56.7,56.7,55.0,55.0,1090
2020-12-07 00:00:00+05:30,55.0,57.0,54.0,56.6,8421
2020-12-08 00:00:00+05:30,55.0,57.95,55.0,56.1,29567
2020-12-09 00:00:00+05:30,55.0,56.95,55.0,56.95,2101
2020-12-10 00:00:00+05:30,56.95,56.95,55.0,55.25,250
2020-12-11 00:00:00+05:30,56.0,58.0,56.0,56.2,1810
2020-12-14 00:00:00+05:30,60.0,60.0,56.0,57.95,541
2020-12-15 00:00:00+05:30,56.0,56.0,54.5,56.0,947
2020-12-16 00:00:00+05:30,56.0,58.5,56.0,57.0,2110
2020-12-17 00:00:00+05:30,57.5,59.0,57.05,57.25,680
2020-12-18 00:00:00+05:30,58.05,59.9,58.0,58.3,1199
2020-12-21 00:00:00+05:30,59.5,59.9,51.8,57.0,1561
2020-12-22 00:00:00+05:30,55.0,60.0,55.0,60.0,3650
2020-12-23 00:00:00+05:30,56.05,60.0,56.05,56.15,3013
2020-12-24 00:00:00+05:30,60.0,60.0,57.05,57.2,5341
2020-12-28 00:00:00+05:30,60.0,60.0,60.0,60.0,10576
2020-12-29 00:00:00+05:30,64.95,72.0,59.95,71.85,2274
2020-12-30 00:00:00+05:30,71.95,72.5,65.2,70.45,6829
2020-12-31 00:00:00+05:30,67.6,84.0,67.6,79.85,14404
2021-01-01 00:00:00+05:30,79.9,80.0,76.35,78.8,3225
2021-01-04 00:00:00+05:30,77.0,78.95,75.0,78.1,4274
2021-01-05 00:00:00+05:30,74.0,78.0,71.6,77.85,8414
2021-01-06 00:00:00+05:30,76.0,80.0,76.0,79.9,1591
2021-01-07 00:00:00+05:30,77.5,82.5,77.5,82.5,7143
2021-01-08 00:00:00+05:30,84.15,84.15,76.55,79.3,7372
2021-01-11 00:00:00+05:30,81.7,81.7,74.0,74.4,6254
2021-01-12 00:00:00+05:30,74.0,76.25,68.25,70.6,2107
2021-01-13 00:00:00+05:30,71.0,77.65,70.05,77.6,11746
2021-01-14 00:00:00+05:30,79.15,79.15,70.05,75.0,6244
2021-01-15 00:00:00+05:30,75.0,77.4,73.25,74.0,3045
2021-01-18 00:00:00+05:30,77.5,77.5,70.0,73.95,2241
2021-01-19 00:00:00+05:30,73.25,73.35,71.1,72.15,1095
2021-01-20 00:00:00+05:30,72.0,73.9,69.2,71.05,5719
2021-01-21 00:00:00+05:30,71.0,71.95,67.6,69.95,2682
2021-01-22 00:00:00+05:30,67.5,67.5,65.15,67.45,846
2021-01-25 00:00:00+05:30,73.85,73.85,63.1,63.6,677
2021-01-27 00:00:00+05:30,66.5,66.5,63.6,64.8,490
2021-01-28 00:00:00+05:30,59.0,66.4,59.0,65.0,819
2021-01-29 00:00:00+05:30,63.2,65.0,63.2,65.0,654
2021-02-01 00:00:00+05:30,63.05,67.0,61.05,65.0,103
2021-02-02 00:00:00+05:30,69.9,69.9,60.0,63.05,2175
2021-02-04 00:00:00+05:30,63.0,68.9,63.0,67.95,267
2021-02-05 00:00:00+05:30,65.1,65.1,64.0,64.0,631
2021-02-08 00:00:00+05:30,66.0,70.0,63.0,69.45,5864
2021-02-09 00:00:00+05:30,70.0,70.0,64.55,70.0,2097
2021-02-10 00:00:00+05:30,74.0,74.0,63.95,72.35,1746
2021-02-11 00:00:00+05:30,72.5,72.5,67.3,68.6,3678
2021-02-12 00:00:00+05:30,73.0,75.0,68.65,69.5,6379
2021-02-15 00:00:00+05:30,72.5,74.2,70.0,73.0,3937
2021-02-16 00:00:00+05:30,75.0,77.5,71.75,73.0,808
2021-02-17 00:00:00+05:30,70.0,73.0,69.5,71.0,56
2021-02-18 00:00:00+05:30,79.0,79.0,69.5,72.2,1279
2021-02-19 00:00:00+05:30,72.0,74.95,69.5,70.0,1997
2021-02-22 00:00:00+05:30,69.0,69.0,67.0,67.4,1809
2021-02-23 00:00:00+05:30,64.1,68.0,64.1,67.0,3387
2021-02-24 00:00:00+05:30,69.0,74.0,65.65,67.0,3336
2021-02-25 00:00:00+05:30,69.95,69.95,67.0,68.95,1213
2021-02-26 00:00:00+05:30,67.5,69.0,67.5,68.8,1156
2021-03-01 00:00:00+05:30,63.0,74.85,63.0,70.0,2830
2021-03-02 00:00:00+05:30,66.5,73.05,66.5,70.0,720
2021-03-03 00:00:00+05:30,65.1,72.45,65.1,72.45,1368
2021-03-04 00:00:00+05:30,71.5,72.45,68.25,70.5,2657
2021-03-05 00:00:00+05:30,70.5,77.95,67.6,77.05,29968
2021-03-08 00:00:00+05:30,86.0,86.0,80.0,84.8,17939
2021-03-09 00:00:00+05:30,88.95,92.0,75.25,77.25,21566
2021-03-10 00:00:00+05:30,87.0,87.0,76.05,77.4,8144
2021-03-12 00:00:00+05:30,79.95,82.0,75.0,79.05,67024
2021-03-15 00:00:00+05:30,79.95,79.95,71.2,72.45,65137
2021-03-16 00:00:00+05:30,61.25,74.95,61.25,70.25,55718
2021-03-17 00:00:00+05:30,70.25,71.85,67.0,68.35,42990
2021-03-18 00:00:00+05:30,65.0,71.7,62.75,69.15,67033
2021-03-19 00:00:00+05:30,66.85,70.0,64.1,69.4,59026
2021-03-22 00:00:00+05:30,69.95,73.95,68.95,70.55,24456
2021-03-23 00:00:00+05:30,74.9,83.9,68.4,70.4,15366
2021-03-24 00:00:00+05:30,72.9,73.85,68.75,70.5,7782
2021-03-25 00:00:00+05:30,70.0,73.8,68.0,71.0,3120
2021-03-26 00:00:00+05:30,73.95,74.45,69.55,71.35,1229
2021-03-30 00:00:00+05:30,72.95,73.0,68.5,69.65,2871
2021-03-31 00:00:00+05:30,69.65,77.8,69.65,73.0,6771
2021-04-01 00:00:00+05:30,74.6,77.4,71.0,73.2,3872
2021-04-05 00:00:00+05:30,71.55,76.75,71.55,75.0,4854
2021-04-06 00:00:00+05:30,84.5,84.5,71.0,71.4,3500
2021-04-07 00:00:00+05:30,72.85,73.05,69.15,70.0,4616
2021-04-08 00:00:00+05:30,72.6,78.6,68.5,69.8,4361
2021-04-09 00:00:00+05:30,69.8,71.7,69.05,70.0,5977
2021-04-12 00:00:00+05:30,74.85,74.85,69.05,69.9,2010
2021-04-13 00:00:00+05:30,70.0,71.8,68.0,70.3,1524
2021-04-15 00:00:00+05:30,68.05,71.45,68.05,70.6,2014
2021-04-16 00:00:00+05:30,71.0,77.9,68.65,76.8,3524
2021-04-19 00:00:00+05:30,79.0,79.0,64.5,74.65,799
2021-04-20 00:00:00+05:30,71.15,73.8,70.15,70.35,2275
2021-04-22 00:00:00+05:30,70.4,73.8,70.3,73.4,2298
2021-04-23 00:00:00+05:30,77.0,77.0,70.6,73.75,1959
2021-04-26 00:00:00+05:30,73.75,73.75,67.0,73.65,7275
2021-04-27 00:00:00+05:30,76.0,77.0,71.0,74.9,6945
2021-04-28 00:00:00+05:30,76.0,78.0,75.0,75.25,6051
2021-04-29 00:00:00+05:30,81.0,81.0,71.55,75.05,2021
2021-04-30 00:00:00+05:30,77.95,83.1,77.0,82.55,17833
2021-05-03 00:00:00+05:30,82.55,85.0,76.65,84.85,10678
2021-05-04 00:00:00+05:30,82.1,83.0,80.25,80.3,3458
2021-05-05 00:00:00+05:30,77.9,82.0,77.9,81.0,1895
2021-05-06 00:00:00+05:30,80.9,85.5,79.0,80.5,4863
2021-05-07 00:00:00+05:30,82.0,84.9,82.0,83.85,1137
2021-05-10 00:00:00+05:30,84.0,98.5,84.0,97.7,41216
2021-05-11 00:00:00+05:30,99.0,117.2,99.0,116.85,70388
2021-05-12 00:00:00+05:30,124.9,127.75,111.0,113.75,22980
2021-05-14 00:00:00+05:30,116.05,117.0,103.0,103.55,10308
2021-05-17 00:00:00+05:30,111.95,112.95,101.05,110.15,8797
2021-05-18 00:00:00+05:30,121.15,121.15,113.0,113.55,17924
2021-05-19 00:00:00+05:30,123.0,123.0,109.6,115.15,10728
2021-05-20 00:00:00+05:30,122.5,122.5,111.1,115.75,9155
2021-05-21 00:00:00+05:30,116.0,119.8,106.5,111.45,6472
2021-05-24 00:00:00+05:30,109.0,117.8,108.0,110.25,9049
2021-05-25 00:00:00+05:30,117.0,117.0,106.4,110.05,8970
2021-05-26 00:00:00+05:30,106.2,111.95,106.2,108.9,4679
2021-05-27 00:00:00+05:30,112.0,113.95,108.0,110.95,8287
2021-05-28 00:00:00+05:30,114.95,114.95,104.0,106.85,4242
2021-05-31 00:00:00+05:30,113.95,113.95,106.25,109.9,5109
2021-06-01 00:00:00+05:30,114.95,114.95,100.0,110.95,8613
2021-06-02 00:00:00+05:30,112.0,114.0,102.6,108.8,15696
2021-06-03 00:00:00+05:30,112.7,115.0,107.0,113.45,9141
2021-06-04 00:00:00+05:30,109.5,114.85,109.15,109.95,4987
2021-06-07 00:00:00+05:30,109.95,115.0,109.95,112.9,4043
2021-06-08 00:00:00+05:30,110.0,120.0,109.3,116.1,10078
2021-06-09 00:00:00+05:30,117.0,123.0,112.75,115.6,11096
2021-06-10 00:00:00+05:30,119.0,127.15,115.6,127.15,30963
2021-06-11 00:00:00+05:30,135.0,139.85,130.55,139.65,64949
2021-06-14 00:00:00+05:30,143.5,144.0,132.7,141.85,23696
2021-06-15 00:00:00+05:30,137.5,144.7,134.8,134.8,86869
2021-06-16 00:00:00+05:30,131.0,133.9,128.1,128.1,8950
2021-06-17 00:00:00+05:30,122.0,128.15,121.7,124.65,282602
2021-06-18 00:00:00+05:30,124.65,130.85,118.45,130.75,22284
2021-06-21 00:00:00+05:30,134.0,134.85,129.1,131.4,20622
2021-06-22 00:00:00+05:30,134.0,134.0,127.0,128.95,7122
2021-06-23 00:00:00+05:30,130.85,130.85,122.55,123.5,18057
2021-06-24 00:00:00+05:30,127.2,128.45,118.2,119.7,6738
2021-06-25 00:00:00+05:30,122.1,122.1,113.75,113.75,19252
2021-06-28 00:00:00+05:30,119.4,119.4,119.4,119.4,66331
2021-06-29 00:00:00+05:30,125.35,125.35,125.35,125.35,51920
2021-06-30 00:00:00+05:30,131.6,131.6,130.6,131.6,103636
2021-07-01 00:00:00+05:30,137.0,138.15,132.0,138.15,74379
2021-07-02 00:00:00+05:30,145.05,145.05,140.1,145.05,18320
2021-07-05 00:00:00+05:30,152.3,152.3,152.3,152.3,11194
2021-07-06 00:00:00+05:30,159.9,159.9,159.9,159.9,6705
2021-07-07 00:00:00+05:30,167.85,167.85,155.1,167.85,90512
2021-07-08 00:00:00+05:30,176.2,176.2,176.2,176.2,16693
2021-07-09 00:00:00+05:30,184.95,185.0,173.1,185.0,59385
2021-07-12 00:00:00+05:30,188.7,194.25,175.75,175.75,79594
2021-07-13 00:00:00+05:30,175.75,184.5,167.0,176.8,60735
2021-07-14 00:00:00+05:30,178.0,178.0,168.0,168.0,24783
2021-07-15 00:00:00+05:30,159.6,174.5,159.6,161.25,61216
2021-07-16 00:00:00+05:30,165.0,166.45,155.6,159.9,40657
2021-07-19 00:00:00+05:30,165.7,165.7,155.0,158.35,15428
2021-07-20 00:00:00+05:30,159.0,164.0,150.45,156.25,9878
2021-07-22 00:00:00+05:30,157.0,164.05,156.0,158.85,13864
2021-07-23 00:00:00+05:30,161.95,161.95,151.0,153.55,10266
2021-07-26 00:00:00+05:30,155.0,160.0,151.15,152.9,12595
2021-07-27 00:00:00+05:30,151.0,155.0,149.0,150.3,17195
2021-07-28 00:00:00+05:30,147.1,155.0,146.0,152.0,8239
2021-07-29 00:00:00+05:30,155.0,157.0,148.05,153.45,10095
2021-07-30 00:00:00+05:30,157.5,160.95,149.0,151.95,10888
2021-08-02 00:00:00+05:30,158.8,158.8,151.0,155.9,10779
2021-08-03 00:00:00+05:30,157.0,159.0,151.5,157.8,17304
2021-08-04 00:00:00+05:30,160.0,160.0,152.0,153.9,7171
2021-08-05 00:00:00+05:30,151.0,159.9,146.25,148.25,6455
2021-08-06 00:00:00+05:30,152.0,152.0,146.0,146.95,5817
2021-08-09 00:00:00+05:30,154.25,154.25,146.0,148.6,7010
2021-08-10 00:00:00+05:30,152.0,152.0,141.2,148.0,8440
2021-08-11 00:00:00+05:30,148.0,149.95,140.6,143.5,8392
2021-08-12 00:00:00+05:30,147.0,150.0,140.05,142.35,7214
2021-08-13 00:00:00+05:30,142.5,149.45,140.3,146.75,13156
2021-08-16 00:00:00+05:30,141.0,141.0,139.45,139.45,5138
2021-08-17 00:00:00+05:30,132.55,139.95,132.5,132.5,15467
2021-08-18 00:00:00+05:30,125.9,130.0,125.9,125.9,8479
2021-08-20 00:00:00+05:30,119.65,129.95,119.65,122.45,9226
2021-08-23 00:00:00+05:30,124.0,124.0,116.35,116.35,5546
2021-08-24 00:00:00+05:30,117.0,120.0,110.55,119.05,29065
2021-08-25 00:00:00+05:30,120.0,125.0,120.0,121.95,8365
2021-08-26 00:00:00+05:30,126.0,128.0,116.15,127.35,6212
2021-08-27 00:00:00+05:30,129.95,133.0,123.0,127.15,3190
2021-08-30 00:00:00+05:30,133.5,133.5,125.0,126.9,3819
2021-08-31 00:00:00+05:30,132.95,132.95,121.1,128.45,4355
2021-09-01 00:00:00+05:30,129.95,130.0,125.0,125.25,3408
2021-09-02 00:00:00+05:30,131.0,131.5,121.0,130.25,18981
2021-09-03 00:00:00+05:30,128.35,130.25,123.75,124.6,9741
2021-09-06 00:00:00+05:30,127.95,127.95,119.1,121.05,6332
2021-09-07 00:00:00+05:30,124.0,124.9,116.1,119.3,10666
2021-09-08 00:00:00+05:30,122.7,122.75,117.0,120.05,7570
2021-09-09 00:00:00+05:30,123.9,123.9,117.1,119.15,6654
2021-09-13 00:00:00+05:30,119.9,122.4,117.5,118.0,5892
2021-09-14 00:00:00+05:30,117.0,123.0,117.0,119.95,13887
2021-09-15 00:00:00+05:30,120.25,120.25,116.0,116.6,12057
2021-09-16 00:00:00+05:30,118.9,122.4,116.7,120.6,48907
2021-09-17 00:00:00+05:30,120.6,123.95,116.0,116.7,12581
2021-09-20 00:00:00+05:30,119.9,119.9,115.5,115.7,10370
2021-09-21 00:00:00+05:30,115.8,118.0,113.1,117.85,3706
2021-09-22 00:00:00+05:30,118.9,118.9,112.55,116.45,3613
2021-09-23 00:00:00+05:30,113.15,118.75,113.0,113.35,16845
2021-09-24 00:00:00+05:30,115.65,118.75,113.35,116.85,18650
2021-09-27 00:00:00+05:30,113.75,117.5,113.5,116.8,4307
2021-09-28 00:00:00+05:30,117.45,118.0,114.6,115.75,1647
2021-09-29 00:00:00+05:30,115.85,118.15,113.5,115.6,2637
2021-09-30 00:00:00+05:30,118.95,120.2,110.55,116.5,8506
2021-10-01 00:00:00+05:30,116.4,117.5,111.3,116.2,1927
2021-10-04 00:00:00+05:30,115.2,119.9,115.2,117.1,4267
2021-10-05 00:00:00+05:30,119.5,121.0,115.4,118.55,5218
2021-10-06 00:00:00+05:30,119.1,123.45,113.05,114.6,4591
2021-10-07 00:00:00+05:30,119.75,120.3,116.0,120.2,12686
2021-10-08 00:00:00+05:30,125.8,125.8,117.0,120.95,7412
2021-10-11 00:00:00+05:30,120.0,124.0,114.95,120.0,8671
2021-10-12 00:00:00+05:30,117.0,121.95,115.0,118.0,5649
2021-10-13 00:00:00+05:30,119.95,119.95,115.0,116.6,7404
2021-10-14 00:00:00+05:30,114.35,118.95,114.35,117.3,2719
2021-10-18 00:00:00+05:30,115.15,119.4,114.05,115.2,6704
2021-10-19 00:00:00+05:30,113.1,117.7,109.45,110.65,9678
2021-10-20 00:00:00+05:30,114.45,114.45,110.0,110.75,3474
2021-10-21 00:00:00+05:30,105.5,111.0,105.5,108.0,4353
2021-10-22 00:00:00+05:30,112.95,112.95,102.6,102.6,12043
2021-10-25 00:00:00+05:30,104.95,104.95,97.6,97.85,5050
2021-10-26 00:00:00+05:30,101.5,101.8,95.0,99.0,5059
2021-10-27 00:00:00+05:30,101.9,103.95,99.1,103.95,5645
2021-10-28 00:00:00+05:30,101.9,108.9,99.1,100.9,11075
2021-10-29 00:00:00+05:30,105.85,105.9,105.85,105.9,4669
2021-11-01 00:00:00+05:30,111.15,111.15,111.15,111.15,1096
2021-11-02 00:00:00+05:30,116.7,116.7,116.7,116.7,2180
2021-11-03 00:00:00+05:30,119.0,122.5,112.1,114.6,14394
2021-11-04 00:00:00+05:30,115.0,117.0,114.0,115.2,1774
2021-11-08 00:00:00+05:30,115.0,115.0,112.05,113.85,5151
2021-11-09 00:00:00+05:30,115.0,119.4,114.15,119.05,10254
2021-11-10 00:00:00+05:30,119.95,119.95,116.5,117.05,5910
2021-11-11 00:00:00+05:30,117.0,119.4,114.05,115.9,2588
2021-11-12 00:00:00+05:30,111.25,118.95,111.1,117.65,9621
2021-11-15 00:00:00+05:30,113.8,116.0,112.05,113.9,4173
2021-11-16 00:00:00+05:30,116.05,119.55,114.4,119.55,27359
2021-11-17 00:00:00+05:30,125.5,125.5,120.15,125.5,15390
2021-11-18 00:00:00+05:30,130.0,131.75,125.5,131.75,443903
2021-11-22 00:00:00+05:30,138.3,138.3,132.3,138.3,39400
2021-11-23 00:00:00+05:30,145.2,145.2,139.0,145.2,55421
2021-11-24 00:00:00+05:30,151.95,152.45,138.0,138.2,74838
2021-11-25 00:00:00+05:30,142.7,145.1,138.0,140.35,32599
2021-11-26 00:00:00+05:30,140.0,145.0,135.0,137.25,20570
2021-11-29 00:00:00+05:30,131.9,144.1,130.4,137.2,22337
2021-11-30 00:00:00+05:30,135.5,136.0,130.35,131.2,10771
2021-12-01 00:00:00+05:30,130.6,137.75,130.5,132.2,23796
2021-12-02 00:00:00+05:30,131.0,138.8,130.5,137.0,29185
2021-12-03 00:00:00+05:30,140.75,141.7,135.0,140.5,18638
2021-12-06 00:00:00+05:30,144.0,144.0,133.5,133.55,6652
2021-12-07 00:00:00+05:30,139.9,139.9,131.15,136.1,2551
2021-12-08 00:00:00+05:30,134.05,143.75,134.05,139.1,4843
2021-12-09 00:00:00+05:30,142.8,142.8,135.1,137.95,5224
2021-12-10 00:00:00+05:30,138.0,145.35,134.3,143.45,24416
2021-12-13 00:00:00+05:30,135.5,150.9,135.5,142.65,6425
2021-12-14 00:00:00+05:30,141.9,142.0,135.0,141.65,10901
2021-12-15 00:00:00+05:30,138.85,143.9,138.85,140.95,8667
2021-12-16 00:00:00+05:30,138.15,145.5,138.15,143.6,10868
2021-12-17 00:00:00+05:30,140.5,156.0,140.5,152.6,61101
2021-12-20 00:00:00+05:30,152.0,155.9,145.0,153.2,23093
2021-12-21 00:00:00+05:30,155.85,160.8,152.15,156.2,27186
2021-12-22 00:00:00+05:30,157.9,171.8,153.0,171.8,81029
2021-12-23 00:00:00+05:30,182.85,188.95,176.0,185.95,186199
2021-12-24 00:00:00+05:30,188.7,195.2,179.7,195.2,107477
2021-12-27 00:00:00+05:30,204.7,204.95,201.5,204.95,24589
2021-12-28 00:00:00+05:30,215.15,215.15,211.0,215.15,27495
2021-12-29 00:00:00+05:30,225.9,225.9,225.9,225.9,21202
2021-12-30 00:00:00+05:30,231.0,231.0,214.65,214.65,96416
2021-12-31 00:00:00+05:30,205.0,225.35,203.95,225.35,72245
2022-01-03 00:00:00+05:30,236.6,236.6,235.0,236.6,27118
2022-01-04 00:00:00+05:30,248.0,248.4,226.05,236.65,79006
2022-01-05 00:00:00+05:30,226.05,248.45,226.05,248.45,44797
2022-01-06 00:00:00+05:30,248.5,260.85,239.2,260.3,35246
2022-01-07 00:00:00+05:30,272.0,273.3,266.2,273.3,14983
2022-01-10 00:00:00+05:30,286.95,286.95,286.95,286.95,11879
2022-01-11 00:00:00+05:30,299.4,300.0,272.65,272.9,64178
2022-01-12 00:00:00+05:30,259.35,269.0,259.3,259.3,20806
2022-01-13 00:00:00+05:30,259.3,272.25,246.35,247.0,48378
2022-01-14 00:00:00+05:30,257.85,259.35,248.0,259.35,18416
2022-01-17 00:00:00+05:30,271.0,271.0,255.0,266.15,10235
2022-01-18 00:00:00+05:30,278.8,278.8,252.85,258.8,7768
2022-01-19 00:00:00+05:30,271.5,271.5,245.9,245.9,14248
2022-01-20 00:00:00+05:30,235.0,249.95,233.65,238.55,26692
2022-01-21 00:00:00+05:30,238.0,250.0,234.55,240.0,17826
2022-01-24 00:00:00+05:30,230.05,246.0,228.0,228.0,18203
2022-01-25 00:00:00+05:30,222.0,239.4,222.0,237.45,17661
2022-01-27 00:00:00+05:30,243.95,249.3,230.05,249.3,19175
2022-01-28 00:00:00+05:30,261.75,261.75,261.75,261.75,7949
2022-01-31 00:00:00+05:30,274.8,274.8,274.8,274.8,8803
2022-02-01 00:00:00+05:30,288.5,288.5,261.1,264.05,63301
2022-02-02 00:00:00+05:30,254.0,277.25,254.0,277.25,10336
2022-02-03 00:00:00+05:30,280.0,289.0,271.2,285.1,29558
2022-02-04 00:00:00+05:30,293.9,299.3,273.5,276.5,23779
2022-02-07 00:00:00+05:30,280.0,280.0,264.0,267.45,8763
2022-02-08 00:00:00+05:30,273.25,273.25,254.1,254.1,11588
2022-02-09 00:00:00+05:30,245.05,264.0,245.0,249.0,18249
2022-02-10 00:00:00+05:30,249.0,261.45,243.1,261.45,7262
2022-02-11 00:00:00+05:30,261.45,261.45,248.4,248.45,18590
2022-02-14 00:00:00+05:30,237.0,247.0,236.05,236.05,17945
2022-02-15 00:00:00+05:30,224.25,239.45,224.25,224.25,11669
2022-02-16 00:00:00+05:30,224.0,224.0,213.05,213.05,36251
2022-02-17 00:00:00+05:30,217.35,219.0,202.4,202.4,47472
2022-02-18 00:00:00+05:30,192.3,212.5,192.3,212.5,89187
2022-02-21 00:00:00+05:30,212.5,216.25,201.9,202.1,36642
2022-02-22 00:00:00+05:30,192.5,195.0,192.0,192.0,15618
2022-02-23 00:00:00+05:30,190.0,201.6,187.0,197.95,130521
2022-02-24 00:00:00+05:30,191.0,194.95,188.1,188.1,29354
2022-02-25 00:00:00+05:30,188.05,197.5,184.0,186.05,28027
2022-02-28 00:00:00+05:30,184.0,193.5,180.0,191.35,11496
2022-03-02 00:00:00+05:30,191.95,191.95,185.0,191.45,8915
2022-03-03 00:00:00+05:30,195.25,201.0,190.1,201.0,17211
2022-03-04 00:00:00+05:30,201.0,209.1,198.0,205.45,19658
2022-03-07 00:00:00+05:30,209.55,209.55,195.2,198.15,14093
2022-03-08 00:00:00+05:30,202.0,202.1,195.8,201.2,6844
2022-03-09 00:00:00+05:30,198.5,203.4,194.2,198.5,10552
2022-03-10 00:00:00+05:30,202.45,204.95,200.0,202.15,7440
2022-03-11 00:00:00+05:30,205.0,206.15,200.0,201.75,5183
2022-03-14 00:00:00+05:30,202.5,204.8,195.15,197.25,9903
2022-03-15 00:00:00+05:30,200.8,201.2,194.0,194.35,8920
2022-03-16 00:00:00+05:30,196.1,202.2,196.0,201.4,9580
2022-03-17 00:00:00+05:30,205.4,205.4,198.0,199.85,14906
2022-03-21 00:00:00+05:30,203.8,203.85,190.6,196.9,8383
2022-03-22 00:00:00+05:30,199.85,200.0,194.0,196.5,12159
2022-03-23 00:00:00+05:30,200.0,200.4,194.4,197.85,7317
2022-03-24 00:00:00+05:30,200.0,201.8,198.0,201.45,10321
2022-03-25 00:00:00+05:30,204.0,204.0,198.0,199.85,10817
2022-03-28 00:00:00+05:30,194.25,203.85,194.25,199.45,10096
2022-03-29 00:00:00+05:30,202.0,202.0,195.2,198.7,8557
2022-03-30 00:00:00+05:30,198.4,200.0,192.0,196.3,7053
2022-03-31 00:00:00+05:30,192.6,198.8,192.5,197.0,40174
2022-04-01 00:00:00+05:30,200.0,200.9,195.1,200.1,5066
2022-04-04 00:00:00+05:30,203.8,210.1,196.6,210.1,14259
2022-04-05 00:00:00+05:30,218.55,220.6,218.55,220.6,19577
2022-04-06 00:00:00+05:30,231.6,231.6,231.6,231.6,23915
2022-04-07 00:00:00+05:30,234.0,243.15,225.6,243.15,68034
2022-04-08 00:00:00+05:30,245.0,248.0,234.1,242.25,20845
2022-04-11 00:00:00+05:30,245.0,247.1,233.0,243.8,32811
2022-04-12 00:00:00+05:30,246.95,250.0,235.0,240.6,26286
2022-04-13 00:00:00+05:30,240.6,243.8,235.1,239.2,18132
2022-04-18 00:00:00+05:30,239.0,245.5,231.65,234.8,20327
2022-04-19 00:00:00+05:30,239.0,239.0,224.0,226.5,14706
2022-04-20 00:00:00+05:30,227.0,231.0,218.1,228.65,11861
2022-04-21 00:00:00+05:30,222.0,233.2,222.0,225.4,3897
2022-04-22 00:00:00+05:30,221.05,232.0,221.05,228.85,11047
2022-04-25 00:00:00+05:30,233.4,240.25,230.15,240.25,34059
2022-04-26 00:00:00+05:30,245.0,252.25,240.25,252.25,44893
2022-04-27 00:00:00+05:30,257.0,264.85,253.05,264.85,57400
2022-04-28 00:00:00+05:30,278.05,278.05,278.05,278.05,17839
2022-04-29 00:00:00+05:30,289.95,291.95,268.45,291.95,69446
2022-05-02 00:00:00+05:30,290.0,290.0,277.4,277.4,23674
2022-05-04 00:00:00+05:30,263.55,274.95,263.55,263.55,11501
2022-05-05 00:00:00+05:30,250.4,257.95,250.4,250.4,3828
2022-05-06 00:00:00+05:30,237.9,237.9,237.9,237.9,13138
2022-05-09 00:00:00+05:30,226.05,243.7,226.05,233.05,25629
2022-05-10 00:00:00+05:30,233.05,240.0,225.0,226.0,8346
2022-05-11 00:00:00+05:30,226.0,226.0,214.7,214.7,11510
2022-05-12 00:00:00+05:30,205.0,218.95,204.0,212.0,10738
2022-05-13 00:00:00+05:30,212.0,221.85,202.95,206.95,22768
2022-05-16 00:00:00+05:30,206.95,216.9,203.05,211.85,5670
2022-05-17 00:00:00+05:30,211.85,222.4,208.0,222.4,5180
2022-05-18 00:00:00+05:30,229.0,229.0,218.55,225.8,6881
2022-05-19 00:00:00+05:30,221.3,221.3,214.55,214.55,10828
2022-05-20 00:00:00+05:30,208.1,225.25,208.1,219.0,8875
2022-05-23 00:00:00+05:30,229.0,229.0,214.4,216.15,3718
2022-05-24 00:00:00+05:30,221.15,221.15,205.35,206.4,10192
2022-05-25 00:00:00+05:30,207.0,208.95,196.1,204.6,30047
2022-05-26 00:00:00+05:30,198.1,214.8,198.1,214.8,34160
2022-05-27 00:00:00+05:30,225.5,225.5,207.2,210.65,18815
2022-05-30 00:00:00+05:30,212.5,214.95,204.1,206.0,17402
2022-05-31 00:00:00+05:30,200.0,212.3,200.0,207.3,5583
2022-06-01 00:00:00+05:30,209.0,209.0,202.0,202.4,3399
2022-06-02 00:00:00+05:30,212.0,212.0,206.1,209.25,5371
2022-06-03 00:00:00+05:30,209.25,211.0,206.5,207.0,7049
2022-06-06 00:00:00+05:30,205.8,209.6,201.15,203.5,4562
2022-06-07 00:00:00+05:30,203.5,203.5,197.2,201.3,5646
2022-06-08 00:00:00+05:30,201.3,206.8,198.0,200.0,4121
2022-06-09 00:00:00+05:30,199.0,213.95,198.8,201.4,8033
2022-06-10 00:00:00+05:30,200.0,204.4,192.4,202.3,13833
2022-06-13 00:00:00+05:30,202.25,202.25,192.0,193.0,10168
2022-06-14 00:00:00+05:30,192.95,200.4,190.2,191.6,4404
2022-06-15 00:00:00+05:30,191.6,196.8,190.5,192.0,6224
2022-06-16 00:00:00+05:30,190.0,195.0,188.0,190.25,7525
2022-06-17 00:00:00+05:30,188.0,208.9,188.0,188.85,7600
2022-06-20 00:00:00+05:30,188.8,188.85,170.0,170.0,9060
2022-06-21 00:00:00+05:30,177.8,185.0,173.2,179.65,5845
2022-06-22 00:00:00+05:30,182.0,193.9,180.0,184.15,8995
2022-06-23 00:00:00+05:30,184.15,192.95,184.15,188.05,6733
2022-06-24 00:00:00+05:30,189.0,194.0,185.0,193.6,3864
2022-06-27 00:00:00+05:30,193.6,198.0,191.0,192.75,2218
2022-06-28 00:00:00+05:30,190.0,190.0,180.05,185.05,6219
2022-06-29 00:00:00+05:30,184.0,186.8,178.35,180.0,5388
2022-06-30 00:00:00+05:30,182.95,182.95,167.0,170.3,4917
2022-07-01 00:00:00+05:30,170.3,179.5,170.3,173.3,5037
2022-07-04 00:00:00+05:30,174.75,176.75,168.0,170.6,4473
2022-07-05 00:00:00+05:30,172.0,176.05,172.0,172.05,3467
2022-07-06 00:00:00+05:30,170.0,178.0,168.0,172.2,4860
2022-07-07 00:00:00+05:30,174.95,175.0,169.5,170.05,4433
2022-07-08 00:00:00+05:30,171.95,177.0,168.0,171.6,4148
2022-07-11 00:00:00+05:30,174.95,175.0,170.0,172.2,3617
2022-07-12 00:00:00+05:30,170.2,189.25,170.2,179.5,12395
2022-07-13 00:00:00+05:30,181.0,189.0,175.1,182.15,2841
2022-07-14 00:00:00+05:30,181.0,189.25,176.4,183.0,1736
2022-07-15 00:00:00+05:30,183.0,183.0,176.0,176.9,528
2022-07-18 00:00:00+05:30,178.0,194.0,178.0,187.65,6454
2022-07-19 00:00:00+05:30,194.55,203.9,191.2,196.3,5006
2022-07-20 00:00:00+05:30,211.9,211.9,196.0,200.15,5271
2022-07-21 00:00:00+05:30,200.0,208.0,196.15,199.3,4829
2022-07-22 00:00:00+05:30,205.0,205.0,197.0,198.2,2425
2022-07-25 00:00:00+05:30,192.6,206.0,192.6,204.75,7176
2022-07-26 00:00:00+05:30,205.0,208.0,199.05,203.55,5208
2022-07-27 00:00:00+05:30,200.35,206.5,200.35,205.05,2870
2022-07-28 00:00:00+05:30,198.1,209.85,198.1,208.45,6002
2022-07-29 00:00:00+05:30,205.05,213.5,205.05,210.0,1940
2022-08-01 00:00:00+05:30,210.0,211.9,208.1,208.3,4134
2022-08-02 00:00:00+05:30,215.5,222.85,208.0,217.8,17052
2022-08-03 00:00:00+05:30,214.0,220.0,209.05,217.8,2416
2022-08-04 00:00:00+05:30,210.0,219.7,210.0,210.5,2017
2022-08-05 00:00:00+05:30,216.9,216.95,204.05,206.3,4684
2022-08-08 00:00:00+05:30,210.45,214.85,203.0,204.9,3227
2022-08-10 00:00:00+05:30,202.95,213.0,202.95,206.35,1202
2022-08-11 00:00:00+05:30,212.7,212.7,205.0,208.05,1933
2022-08-12 00:00:00+05:30,208.0,212.8,202.0,209.95,4657
2022-08-16 00:00:00+05:30,196.85,209.9,196.85,203.05,3757
2022-08-17 00:00:00+05:30,205.4,209.0,199.0,199.85,4778
2022-08-18 00:00:00+05:30,209.4,209.4,196.5,199.95,4987
2022-08-19 00:00:00+05:30,196.1,211.0,196.05,201.75,3562
2022-08-22 00:00:00+05:30,201.75,206.2,190.15,194.6,4044
2022-08-23 00:00:00+05:30,195.6,200.0,193.0,196.85,6442
2022-08-24 00:00:00+05:30,206.9,207.0,194.0,199.55,3021
2022-08-25 00:00:00+05:30,208.0,208.0,200.0,200.3,2944
2022-08-26 00:00:00+05:30,207.0,224.9,199.55,210.95,9971
2022-08-29 00:00:00+05:30,204.2,208.3,198.0,203.15,3076
2022-08-30 00:00:00+05:30,208.0,218.0,202.2,210.8,2859
2022-09-01 00:00:00+05:30,215.05,219.7,204.4,215.05,7279
2022-09-02 00:00:00+05:30,210.7,212.0,205.2,208.15,4319
2022-09-05 00:00:00+05:30,208.0,214.0,201.35,209.9,5518
2022-09-06 00:00:00+05:30,206.6,212.7,199.95,200.65,7061
2022-09-07 00:00:00+05:30,200.0,209.7,178.0,208.6,7623
2022-09-08 00:00:00+05:30,203.0,212.9,201.3,207.7,5112
2022-09-09 00:00:00+05:30,214.85,214.85,203.35,210.35,3053
2022-09-12 00:00:00+05:30,219.0,219.0,205.6,210.0,4180
2022-09-13 00:00:00+05:30,214.9,214.9,207.75,209.75,1322
2022-09-14 00:00:00+05:30,211.0,225.0,206.5,220.15,10686
2022-09-15 00:00:00+05:30,219.0,222.0,210.05,218.45,1438
2022-09-16 00:00:00+05:30,218.0,220.0,212.0,215.9,7886
2022-09-19 00:00:00+05:30,208.0,230.0,208.0,223.25,7904
2022-09-20 00:00:00+05:30,224.0,224.0,215.1,217.1,2024
2022-09-21 00:00:00+05:30,239.0,239.0,210.5,212.25,8920
2022-09-22 00:00:00+05:30,227.4,227.4,212.3,213.7,2201
2022-09-23 00:00:00+05:30,219.95,219.95,210.0,214.2,2387
2022-09-26 00:00:00+05:30,207.0,218.0,207.0,214.9,5165
2022-09-27 00:00:00+05:30,219.85,219.85,203.1,207.7,875
2022-09-28 00:00:00+05:30,207.0,214.85,201.1,202.4,2838
2022-09-29 00:00:00+05:30,214.8,214.95,192.0,193.1,9298
2022-09-30 00:00:00+05:30,194.1,204.8,194.0,201.3,4795
2022-10-03 00:00:00+05:30,202.35,206.0,194.8,202.25,2036
2022-10-04 00:00:00+05:30,217.8,217.8,205.05,206.15,1277
2022-10-06 00:00:00+05:30,219.95,219.95,207.0,210.95,819
2022-10-07 00:00:00+05:30,190.65,214.9,190.65,210.1,3590
2022-10-10 00:00:00+05:30,203.8,211.7,203.8,210.2,4227
2022-10-11 00:00:00+05:30,217.9,217.9,207.1,208.45,1577
2022-10-12 00:00:00+05:30,210.9,211.15,203.05,209.25,15508
2022-10-13 00:00:00+05:30,215.0,215.0,205.25,211.2,2469
2022-10-14 00:00:00+05:30,217.9,217.9,207.05,209.35,1295
2022-10-17 00:00:00+05:30,216.95,216.95,202.0,203.85,10683
2022-10-18 00:00:00+05:30,216.5,216.5,203.95,204.7,5507
2022-10-19 00:00:00+05:30,202.2,206.85,200.0,204.45,2580
2022-10-20 00:00:00+05:30,200.65,207.8,195.6,199.65,1543
2022-10-21 00:00:00+05:30,207.95,207.95,197.0,197.4,1997
2022-10-24 00:00:00+05:30,207.8,210.0,195.05,208.0,5068
2022-10-25 00:00:00+05:30,209.5,209.5,201.2,201.45,1390
2022-10-27 00:00:00+05:30,205.0,216.8,198.65,209.3,4789
2022-10-28 00:00:00+05:30,215.0,215.0,206.0,206.1,2350
2022-10-31 00:00:00+05:30,198.8,210.0,198.8,202.1,1761
2022-11-01 00:00:00+05:30,208.5,214.0,201.0,202.55,13651
2022-11-02 00:00:00+05:30,209.95,211.0,202.5,205.7,9934
2022-11-03 00:00:00+05:30,213.5,213.5,200.0,208.65,15294
2022-11-04 00:00:00+05:30,208.65,212.95,206.15,210.4,2641
2022-11-07 00:00:00+05:30,205.75,211.0,205.75,207.2,2655
2022-11-09 00:00:00+05:30,207.0,211.8,202.5,210.35,8719
2022-11-10 00:00:00+05:30,210.35,210.75,206.35,209.85,1904
2022-11-11 00:00:00+05:30,203.55,211.5,203.55,208.4,5272
2022-11-14 00:00:00+05:30,210.0,214.0,201.15,211.0,12069
2022-11-15 00:00:00+05:30,214.2,214.2,202.7,207.7,14448
2022-11-16 00:00:00+05:30,214.0,215.0,205.45,208.3,11747
2022-11-17 00:00:00+05:30,206.1,211.85,206.05,206.2,4058
2022-11-18 00:00:00+05:30,214.4,214.4,205.4,206.5,2140
2022-11-21 00:00:00+05:30,202.5,212.0,200.0,205.65,3342
2022-11-22 00:00:00+05:30,208.95,208.95,180.0,198.65,29737
2022-11-23 00:00:00+05:30,209.4,209.4,195.0,195.95,4022
2022-11-24 00:00:00+05:30,199.8,203.5,196.0,198.0,6990
2022-11-25 00:00:00+05:30,203.95,203.95,197.35,198.25,2373
2022-11-28 00:00:00+05:30,197.5,202.0,195.1,195.95,4136
2022-11-29 00:00:00+05:30,201.0,201.0,195.6,198.5,2895
2022-11-30 00:00:00+05:30,204.45,204.45,195.1,195.3,3410
2022-12-01 00:00:00+05:30,204.0,204.0,195.1,197.0,1091
2022-12-02 00:00:00+05:30,199.95,199.95,195.0,198.05,2130
2022-12-05 00:00:00+05:30,200.9,200.9,196.0,198.25,3235
2022-12-06 00:00:00+05:30,195.1,201.0,195.05,197.9,2211
2022-12-07 00:00:00+05:30,195.45,198.0,191.05,196.15,4245
2022-12-08 00:00:00+05:30,196.15,198.0,195.0,197.7,7617
2022-12-09 00:00:00+05:30,199.85,199.9,196.0,197.0,1985
2022-12-12 00:00:00+05:30,204.95,204.95,185.5,196.55,5017
2022-12-13 00:00:00+05:30,202.95,202.95,195.55,196.3,3232
2022-12-14 00:00:00+05:30,196.1,204.0,196.1,201.2,10447
2022-12-15 00:00:00+05:30,200.9,201.1,197.1,199.55,1268
2022-12-16 00:00:00+05:30,191.05,201.65,191.05,196.15,4302
2022-12-19 00:00:00+05:30,204.5,204.5,196.0,200.1,6210
2022-12-20 00:00:00+05:30,196.1,218.95,196.1,209.95,9498
2022-12-21 00:00:00+05:30,199.1,206.4,196.0,198.6,10323
2022-12-22 00:00:00+05:30,209.9,209.9,186.2,203.55,9316
2022-12-23 00:00:00+05:30,197.45,208.0,190.05,195.8,4139
2022-12-26 00:00:00+05:30,185.15,204.75,185.1,202.0,1321
2022-12-27 00:00:00+05:30,195.9,213.95,195.9,199.9,3204
2022-12-28 00:00:00+05:30,200.0,204.9,194.35,198.3,1441
2022-12-29 00:00:00+05:30,204.95,205.9,197.4,202.75,2090
2022-12-30 00:00:00+05:30,204.0,205.0,197.25,204.75,1253
2023-01-02 00:00:00+05:30,198.6,207.45,198.6,204.65,2871
2023-01-03 00:00:00+05:30,205.65,206.95,202.0,204.9,2014
2023-01-04 00:00:00+05:30,206.55,206.55,200.3,201.1,688
2023-01-05 00:00:00+05:30,199.5,203.9,199.2,199.3,1305
2023-01-06 00:00:00+05:30,209.65,209.65,197.4,200.35,1373
2023-01-09 00:00:00+05:30,195.3,204.75,195.3,204.0,1824
2023-01-10 00:00:00+05:30,203.95,206.9,202.0,205.75,2626
2023-01-11 00:00:00+05:30,207.0,207.85,203.0,203.25,1937
2023-01-12 00:00:00+05:30,203.25,203.25,198.1,199.3,9322
2023-01-13 00:00:00+05:30,204.5,220.0,201.5,214.25,36586
2023-01-16 00:00:00+05:30,240.0,240.0,221.0,222.9,25400
2023-01-17 00:00:00+05:30,239.9,239.9,217.5,220.95,4484
2023-01-18 00:00:00+05:30,219.0,229.0,219.0,227.85,9175
2023-01-19 00:00:00+05:30,223.0,228.95,215.1,223.7,4886
2023-01-20 00:00:00+05:30,228.2,228.2,221.75,222.0,1487
2023-01-23 00:00:00+05:30,223.0,227.8,208.0,213.2,6216
2023-01-24 00:00:00+05:30,223.5,223.5,208.2,209.65,1514
2023-01-25 00:00:00+05:30,214.0,216.85,198.05,200.9,5157
2023-01-27 00:00:00+05:30,233.75,233.75,192.1,204.6,5471
2023-01-30 00:00:00+05:30,204.05,216.3,204.05,213.2,3320
2023-01-31 00:00:00+05:30,207.95,215.0,207.0,209.1,1873
2023-02-01 00:00:00+05:30,209.1,219.0,198.0,199.5,9339
2023-02-02 00:00:00+05:30,223.9,223.9,198.5,203.4,1943
2023-02-03 00:00:00+05:30,207.9,220.0,200.0,211.0,5749
2023-02-06 00:00:00+05:30,219.5,219.5,207.05,210.55,3444
2023-02-07 00:00:00+05:30,210.1,212.0,206.0,210.25,1003
2023-02-08 00:00:00+05:30,206.0,214.6,204.35,209.45,420
2023-02-09 00:00:00+05:30,207.0,216.0,207.0,213.6,2092
2023-02-10 00:00:00+05:30,211.0,219.95,206.0,207.65,2509
2023-02-13 00:00:00+05:30,209.0,212.75,205.0,206.5,1526
2023-02-14 00:00:00+05:30,218.95,218.95,206.0,207.9,1255
2023-02-15 00:00:00+05:30,206.0,213.75,204.05,207.0,1689
2023-02-16 00:00:00+05:30,202.35,211.7,202.35,206.0,2909
2023-02-17 00:00:00+05:30,210.7,210.7,201.85,207.8,1138
2023-02-20 00:00:00+05:30,201.35,208.0,201.35,206.5,1010
2023-02-21 00:00:00+05:30,200.05,209.9,191.05,198.75,4187
2023-02-22 00:00:00+05:30,202.3,205.0,196.0,199.15,6470
2023-02-23 00:00:00+05:30,195.8,204.7,195.8,202.65,1931
2023-02-24 00:00:00+05:30,204.65,204.65,195.6,196.7,774
2023-02-27 00:00:00+05:30,196.75,202.8,196.75,201.7,592
2023-02-28 00:00:00+05:30,197.0,203.1,197.0,201.95,2359
2023-03-01 00:00:00+05:30,199.55,212.6,195.0,206.5,6067
2023-03-02 00:00:00+05:30,207.0,207.0,200.35,203.4,288
2023-03-03 00:00:00+05:30,207.8,207.8,200.65,201.25,2892
2023-03-06 00:00:00+05:30,208.3,209.95,204.0,205.65,6153
2023-03-08 00:00:00+05:30,204.0,219.0,199.4,211.8,5069
2023-03-09 00:00:00+05:30,214.5,214.5,207.0,209.05,1764
2023-03-10 00:00:00+05:30,209.0,219.0,209.0,212.25,3416
2023-03-13 00:00:00+05:30,216.95,217.0,202.1,210.6,5284
2023-03-14 00:00:00+05:30,206.6,217.65,206.0,211.75,13420
2023-03-15 00:00:00+05:30,212.35,237.8,212.05,227.6,23590
2023-03-16 00:00:00+05:30,238.0,238.0,217.05,221.45,21589
2023-03-17 00:00:00+05:30,227.95,235.0,219.0,229.5,5438
2023-03-20 00:00:00+05:30,224.0,228.8,220.0,224.15,3153
2023-03-21 00:00:00+05:30,224.0,238.0,224.0,234.15,18227
2023-03-22 00:00:00+05:30,234.95,240.0,228.5,234.15,3299
2023-03-23 00:00:00+05:30,234.15,238.0,220.15,227.2,4105
2023-03-24 00:00:00+05:30,227.15,233.8,218.5,222.7,5902
2023-03-27 00:00:00+05:30,217.5,235.5,209.55,213.7,4256
2023-03-28 00:00:00+05:30,210.7,214.0,200.0,206.25,8352
2023-03-29 00:00:00+05:30,216.9,233.9,206.25,223.7,7864
2023-03-31 00:00:00+05:30,238.95,238.95,212.6,233.0,8196
2023-04-03 00:00:00+05:30,224.9,236.35,223.0,235.1,2666
2023-04-05 00:00:00+05:30,235.0,245.0,234.05,240.35,11708
2023-04-06 00:00:00+05:30,240.0,250.0,230.0,246.2,8366
2023-04-10 00:00:00+05:30,250.0,251.0,241.05,245.75,15122
2023-04-11 00:00:00+05:30,248.95,248.95,242.05,246.2,2500
2023-04-12 00:00:00+05:30,239.1,245.6,229.9,236.95,13192
2023-04-13 00:00:00+05:30,232.0,239.95,221.1,226.35,7741
2023-04-17 00:00:00+05:30,229.95,229.95,220.0,222.7,25208
2023-04-18 00:00:00+05:30,232.7,235.0,224.2,232.0,4541
2023-04-19 00:00:00+05:30,230.05,235.0,230.05,234.45,4147
2023-04-20 00:00:00+05:30,226.3,244.0,221.5,236.5,1667
2023-04-21 00:00:00+05:30,244.4,244.4,230.55,239.95,3299
2023-04-24 00:00:00+05:30,236.0,240.5,229.0,231.7,1473
2023-04-25 00:00:00+05:30,247.5,247.5,217.3,229.5,2595
2023-04-26 00:00:00+05:30,242.2,242.2,229.0,233.05,2313
2023-04-27 00:00:00+05:30,233.8,237.75,222.2,229.45,4720
2023-04-28 00:00:00+05:30,247.0,247.0,223.2,242.05,8668
2023-05-02 00:00:00+05:30,245.0,245.0,228.55,234.95,2618
2023-05-03 00:00:00+05:30,230.0,240.0,230.0,230.85,2650
2023-05-04 00:00:00+05:30,230.0,237.0,230.0,234.55,1284
2023-05-05 00:00:00+05:30,231.05,233.95,230.0,230.05,1330
2023-05-08 00:00:00+05:30,244.3,244.3,230.3,234.5,1814
2023-05-09 00:00:00+05:30,233.3,239.75,232.05,234.75,2080
2023-05-10 00:00:00+05:30,239.85,239.85,232.0,233.3,2884
2023-05-11 00:00:00+05:30,239.8,239.8,232.5,235.0,4578
2023-05-12 00:00:00+05:30,238.85,238.85,232.05,232.1,4695
2023-05-15 00:00:00+05:30,231.15,237.45,231.15,234.1,3696
2023-05-16 00:00:00+05:30,234.1,237.95,231.55,232.25,1539
2023-05-17 00:00:00+05:30,232.15,237.85,232.15,233.7,3783
2023-05-18 00:00:00+05:30,233.3,240.0,233.3,238.4,2805
2023-05-19 00:00:00+05:30,240.0,240.0,233.5,234.2,964
2023-05-22 00:00:00+05:30,238.0,238.0,232.5,235.0,895
2023-05-23 00:00:00+05:30,237.4,237.5,233.05,235.1,1560
2023-05-24 00:00:00+05:30,233.2,236.0,233.2,233.5,1657
2023-05-25 00:00:00+05:30,233.2,236.9,233.2,233.5,1663
2023-05-26 00:00:00+05:30,239.05,240.0,232.8,234.8,5552
2023-05-29 00:00:00+05:30,230.1,239.7,230.1,236.9,563
2023-05-30 00:00:00+05:30,236.95,236.95,232.0,233.15,1393
2023-05-31 00:00:00+05:30,231.5,232.9,216.1,226.3,8385
2023-06-01 00:00:00+05:30,229.9,232.9,226.0,227.6,3340
2023-06-02 00:00:00+05:30,224.1,234.9,224.1,226.1,2202
2023-06-05 00:00:00+05:30,214.1,232.9,214.1,219.4,7614
2023-06-06 00:00:00+05:30,222.0,224.65,212.2,222.6,4913
2023-06-07 00:00:00+05:30,223.05,226.95,210.2,215.6,5346
2023-06-08 00:00:00+05:30,232.95,232.95,216.1,227.45,2250
2023-06-09 00:00:00+05:30,221.75,228.0,217.6,227.0,3222
2023-06-12 00:00:00+05:30,234.0,237.25,220.1,225.0,1953
2023-06-13 00:00:00+05:30,221.05,231.9,220.0,225.05,7376
2023-06-14 00:00:00+05:30,230.8,230.8,221.9,221.9,705
2023-06-15 00:00:00+05:30,228.0,228.0,220.95,221.9,1554
2023-06-16 00:00:00+05:30,220.15,222.7,220.15,221.0,23916
2023-06-19 00:00:00+05:30,222.0,222.0,217.5,220.55,5739
2023-06-20 00:00:00+05:30,221.95,223.2,217.75,221.95,4024
2023-06-21 00:00:00+05:30,218.0,228.65,217.85,224.95,9228
2023-06-22 00:00:00+05:30,224.95,234.0,220.9,231.85,12688
2023-06-23 00:00:00+05:30,233.65,233.65,223.25,225.4,678
2023-06-26 00:00:00+05:30,222.05,229.0,219.55,222.8,2043
2023-06-27 00:00:00+05:30,221.85,225.85,221.85,222.2,484
2023-06-28 00:00:00+05:30,221.05,226.85,218.0,218.5,4071
2023-06-30 00:00:00+05:30,223.0,225.0,215.0,216.25,2411
2023-07-03 00:00:00+05:30,217.0,225.2,217.0,224.6,6704
2023-07-04 00:00:00+05:30,218.0,226.5,218.0,218.3,1462
2023-07-05 00:00:00+05:30,216.7,224.5,213.95,222.0,13122
2023-07-06 00:00:00+05:30,224.2,227.8,221.2,224.35,12656
2023-07-07 00:00:00+05:30,223.9,230.0,222.0,229.65,14046
2023-07-10 00:00:00+05:30,230.0,232.65,225.1,229.8,4944
2023-07-11 00:00:00+05:30,223.55,230.0,223.55,229.95,2600
2023-07-12 00:00:00+05:30,229.9,235.0,225.65,233.5,4468
2023-07-13 00:00:00+05:30,235.0,238.55,221.6,225.85,8657
2023-07-14 00:00:00+05:30,225.1,232.0,225.1,227.05,813
2023-07-17 00:00:00+05:30,238.15,238.15,225.0,226.3,1507
2023-07-18 00:00:00+05:30,225.15,232.95,225.1,225.35,1871
2023-07-19 00:00:00+05:30,228.0,236.95,221.2,225.1,4171
2023-07-20 00:00:00+05:30,229.55,229.55,221.1,222.6,4269
2023-07-21 00:00:00+05:30,222.1,230.0,222.1,229.7,13208
2023-07-24 00:00:00+05:30,230.0,230.0,225.2,225.85,2551
2023-07-25 00:00:00+05:30,228.95,233.85,228.95,229.0,9549
2023-07-26 00:00:00+05:30,226.0,232.75,226.0,228.45,1707
2023-07-27 00:00:00+05:30,226.55,231.3,226.55,230.15,3271
2023-07-28 00:00:00+05:30,223.05,235.0,223.05,229.95,4511
2023-07-31 00:00:00+05:30,231.5,236.9,225.0,228.15,9345
2023-08-01 00:00:00+05:30,231.0,231.6,225.25,226.3,2382
2023-08-02 00:00:00+05:30,234.75,234.75,227.55,227.65,1355
2023-08-03 00:00:00+05:30,229.5,231.45,227.05,231.0,1205
2023-08-04 00:00:00+05:30,233.95,234.5,227.0,227.95,2159
2023-08-07 00:00:00+05:30,234.9,234.9,227.1,228.85,2692
2023-08-08 00:00:00+05:30,229.0,234.9,227.0,233.55,5064
2023-08-09 00:00:00+05:30,234.95,270.0,230.0,264.2,18209
2023-08-10 00:00:00+05:30,263.95,288.0,255.05,269.9,25853
2023-08-11 00:00:00+05:30,274.0,285.0,262.2,268.15,14952
2023-08-14 00:00:00+05:30,241.9,258.0,240.0,250.0,9265
2023-08-16 00:00:00+05:30,250.0,250.0,234.0,235.45,7663
2023-08-17 00:00:00+05:30,232.0,256.8,228.0,250.8,11657
2023-08-18 00:00:00+05:30,250.8,258.55,246.05,249.05,2608
2023-08-21 00:00:00+05:30,250.0,254.0,249.0,250.75,5203
2023-08-22 00:00:00+05:30,258.4,258.4,230.0,235.45,16281
2023-08-23 00:00:00+05:30,228.65,240.0,228.65,237.05,7486
2023-08-24 00:00:00+05:30,242.7,242.7,235.0,235.2,2693
2023-08-25 00:00:00+05:30,235.0,241.7,235.0,236.8,5611
2023-08-28 00:00:00+05:30,241.55,244.95,235.7,244.95,3668
2023-08-29 00:00:00+05:30,247.95,249.5,237.5,242.1,3823
2023-08-30 00:00:00+05:30,249.4,249.4,241.0,244.0,10259
2023-08-31 00:00:00+05:30,245.1,245.1,235.2,239.65,1673
2023-09-01 00:00:00+05:30,243.0,243.0,234.65,236.25,1455
2023-09-04 00:00:00+05:30,241.0,247.0,235.0,241.45,3515
2023-09-05 00:00:00+05:30,245.0,245.0,239.0,243.35,3096
2023-09-06 00:00:00+05:30,240.05,243.0,235.15,241.1,1805
2023-09-07 00:00:00+05:30,240.0,245.0,240.0,240.0,2969
2023-09-08 00:00:00+05:30,242.05,245.0,235.6,238.0,3341
2023-09-11 00:00:00+05:30,237.25,244.5,237.25,240.3,95210
2023-09-12 00:00:00+05:30,242.0,274.0,240.0,266.4,31939
2023-09-13 00:00:00+05:30,276.8,304.8,276.75,290.0,50397
2023-09-14 00:00:00+05:30,289.0,298.9,283.1,286.6,14850
2023-09-15 00:00:00+05:30,288.9,295.9,285.0,290.7,15917
2023-09-18 00:00:00+05:30,298.9,318.8,291.0,306.95,37282
2023-09-20 00:00:00+05:30,310.0,330.0,307.0,323.4,42474
2023-09-21 00:00:00+05:30,324.0,328.0,310.0,313.65,11261
2023-09-22 00:00:00+05:30,329.5,329.5,312.0,313.85,8293
2023-09-25 00:00:00+05:30,324.0,324.0,310.0,317.25,9551
2023-09-26 00:00:00+05:30,313.6,323.95,313.6,315.0,8774
2023-09-27 00:00:00+05:30,315.2,319.9,303.2,306.65,11561
2023-09-28 00:00:00+05:30,308.05,312.7,286.0,288.05,8825
2023-09-29 00:00:00+05:30,290.0,306.85,288.0,291.55,4593
2023-10-03 00:00:00+05:30,283.15,306.65,283.0,299.3,21379
2023-10-04 00:00:00+05:30,312.8,312.8,291.6,302.6,6096
2023-10-05 00:00:00+05:30,304.0,339.0,304.0,335.8,45266
2023-10-06 00:00:00+05:30,340.0,341.0,324.0,326.9,14833
2023-10-09 00:00:00+05:30,325.0,325.0,305.55,310.1,10470
2023-10-10 00:00:00+05:30,315.0,324.0,303.9,309.9,6230
2023-10-11 00:00:00+05:30,320.0,320.0,305.0,305.75,5523
2023-10-12 00:00:00+05:30,317.95,317.95,297.05,314.5,3288
2023-10-13 00:00:00+05:30,313.9,314.0,305.5,309.05,3796
2023-10-16 00:00:00+05:30,309.15,313.2,293.9,303.3,7454
2023-10-17 00:00:00+05:30,299.1,309.85,295.6,297.7,5669
2023-10-18 00:00:00+05:30,297.75,302.6,290.0,294.5,6883
2023-10-19 00:00:00+05:30,286.1,304.8,286.1,303.4,4339
2023-10-20 00:00:00+05:30,300.15,319.7,298.0,298.85,7264
2023-10-23 00:00:00+05:30,298.0,304.8,281.0,285.65,7331
2023-10-25 00:00:00+05:30,299.0,299.0,263.0,267.5,7830
2023-10-26 00:00:00+05:30,294.95,294.95,260.0,268.15,13043
2023-10-27 00:00:00+05:30,270.0,278.7,268.0,272.65,13464
2023-10-30 00:00:00+05:30,299.0,299.0,266.75,271.1,6052
2023-10-31 00:00:00+05:30,272.0,277.95,251.6,259.25,4866
2023-11-01 00:00:00+05:30,250.2,262.95,250.2,257.25,2774
2023-11-02 00:00:00+05:30,268.0,273.0,254.15,269.6,1823
2023-11-03 00:00:00+05:30,275.0,288.9,261.85,282.8,6034
2023-11-06 00:00:00+05:30,288.0,289.9,265.0,271.95,7973
2023-11-07 00:00:00+05:30,275.0,289.0,264.5,266.5,7712
2023-11-08 00:00:00+05:30,277.5,277.5,263.3,266.9,2233
2023-11-09 00:00:00+05:30,282.95,282.95,260.5,265.45,2215
2023-11-10 00:00:00+05:30,271.65,271.65,266.0,266.5,4436
2023-11-12 00:00:00+05:30,278.8,278.8,265.0,272.15,2274
2023-11-13 00:00:00+05:30,271.0,271.0,266.7,267.05,690
2023-11-15 00:00:00+05:30,261.5,271.95,259.0,263.1,6078
2023-11-16 00:00:00+05:30,263.1,280.0,259.0,265.45,5991
2023-11-17 00:00:00+05:30,274.8,274.8,260.35,264.6,1675
2023-11-20 00:00:00+05:30,265.0,265.0,257.0,261.75,4764
2023-11-21 00:00:00+05:30,265.0,265.0,251.35,253.5,8630
2023-11-22 00:00:00+05:30,253.7,257.85,250.55,253.0,5521
2023-11-23 00:00:00+05:30,252.25,265.0,251.1,251.4,8771
2023-11-24 00:00:00+05:30,250.05,251.0,240.35,249.0,5015
2023-11-28 00:00:00+05:30,249.0,254.5,245.1,248.1,4963
2023-11-29 00:00:00+05:30,245.05,279.0,245.05,266.25,72080
2023-11-30 00:00:00+05:30,304.0,304.0,262.05,270.6,108401
2023-12-01 00:00:00+05:30,278.0,278.0,265.0,270.0,37508
2023-12-04 00:00:00+05:30,275.0,280.0,264.35,268.85,15109
2023-12-05 00:00:00+05:30,272.0,278.0,265.0,267.1,18461
2023-12-06 00:00:00+05:30,261.5,274.4,261.5,264.8,7654
2023-12-07 00:00:00+05:30,269.5,270.15,264.05,267.75,5309
2023-12-08 00:00:00+05:30,267.7,284.4,267.7,272.0,34520
2023-12-11 00:00:00+05:30,275.0,286.9,268.0,272.45,27880
2023-12-12 00:00:00+05:30,275.0,280.0,262.2,264.85,25417
2023-12-13 00:00:00+05:30,272.85,275.0,266.1,269.7,16339
2023-12-14 00:00:00+05:30,275.0,280.0,267.1,272.5,38697
2023-12-15 00:00:00+05:30,278.0,280.0,268.0,269.95,15904
2023-12-18 00:00:00+05:30,277.95,277.95,266.3,269.85,8850
2023-12-19 00:00:00+05:30,277.5,277.5,265.05,267.5,16737
2023-12-20 00:00:00+05:30,265.1,269.9,256.5,257.9,23282
2023-12-21 00:00:00+05:30,267.4,267.4,245.3,254.95,5668
2023-12-22 00:00:00+05:30,261.95,262.0,248.15,252.75,8260
2023-12-26 00:00:00+05:30,251.05,263.0,248.0,250.6,7505
2023-12-27 00:00:00+05:30,251.0,258.95,248.0,249.6,6332
2023-12-28 00:00:00+05:30,248.0,256.0,245.0,248.15,123859
2023-12-29 00:00:00+05:30,254.45,257.05,246.05,250.6,17921
2024-01-01 00:00:00+05:30,258.45,258.45,248.0,256.7,4635
2024-01-02 00:00:00+05:30,256.0,262.9,250.25,253.6,2425
2024-01-03 00:00:00+05:30,250.0,257.9,248.0,249.1,7519
2024-01-04 00:00:00+05:30,253.9,253.9,250.0,250.2,6817
2024-01-05 00:00:00+05:30,256.8,267.95,252.05,261.85,14792
2024-01-08 00:00:00+05:30,265.0,274.0,252.0,253.15,41025
2024-01-09 00:00:00+05:30,253.55,258.0,250.0,251.3,14135
2024-01-10 00:00:00+05:30,251.3,258.4,248.0,257.1,7347
2024-01-11 00:00:00+05:30,264.9,264.9,252.4,254.25,3479
2024-01-12 00:00:00+05:30,259.95,259.95,252.55,252.95,4339
2024-01-15 00:00:00+05:30,250.05,253.7,250.0,250.8,8612
2024-01-16 00:00:00+05:30,250.3,258.3,250.05,250.25,7544
2024-01-17 00:00:00+05:30,250.0,253.9,250.0,250.05,15022
2024-01-18 00:00:00+05:30,252.9,256.25,245.1,254.65,6655
2024-01-19 00:00:00+05:30,259.0,305.55,256.4,304.7,113352
2024-01-20 00:00:00+05:30,309.0,324.0,287.0,295.05,31293
2024-01-23 00:00:00+05:30,309.5,309.5,276.0,278.55,16858
2024-01-24 00:00:00+05:30,278.05,280.0,261.9,273.5,8251
2024-01-25 00:00:00+05:30,273.55,278.0,262.2,273.4,7591
2024-01-29 00:00:00+05:30,293.95,293.95,266.05,271.4,9662
2024-01-30 00:00:00+05:30,272.0,278.0,265.0,274.15,7304
2024-01-31 00:00:00+05:30,275.0,293.9,275.0,282.95,16475
2024-02-01 00:00:00+05:30,279.4,299.1,272.0,292.45,12423
2024-02-02 00:00:00+05:30,295.0,308.0,295.0,295.8,24382
2024-02-05 00:00:00+05:30,298.0,310.0,284.0,299.4,13060
2024-02-06 00:00:00+05:30,295.0,305.0,287.5,291.1,5835
2024-02-07 00:00:00+05:30,298.0,300.0,285.0,295.85,8993
2024-02-08 00:00:00+05:30,290.05,315.0,285.2,306.4,38175
2024-02-09 00:00:00+05:30,306.4,313.9,292.1,299.6,2533
2024-02-12 00:00:00+05:30,299.8,312.0,281.0,295.8,7572
2024-02-13 00:00:00+05:30,290.0,294.5,281.5,288.7,8308
2024-02-14 00:00:00+05:30,289.0,298.0,282.0,291.45,2108
2024-02-15 00:00:00+05:30,270.0,284.9,259.0,261.25,56403
2024-02-16 00:00:00+05:30,261.25,261.25,244.05,257.75,36489
2024-02-19 00:00:00+05:30,255.55,269.75,252.0,258.5,22910
2024-02-20 00:00:00+05:30,269.9,269.9,248.0,249.75,12727
2024-02-21 00:00:00+05:30,249.75,263.6,249.75,251.25,8872
2024-02-22 00:00:00+05:30,254.75,257.2,245.05,247.45,4937
2024-02-23 00:00:00+05:30,261.0,261.0,248.35,252.25,5728
2024-02-26 00:00:00+05:30,252.25,252.25,244.35,245.45,8535
2024-02-27 00:00:00+05:30,249.6,254.0,242.15,248.0,5987
2024-02-28 00:00:00+05:30,248.0,254.5,244.3,252.65,7162
2024-02-29 00:00:00+05:30,240.1,255.0,240.1,247.3,5994
2024-03-01 00:00:00+05:30,248.0,253.9,246.05,248.5,10706
2024-03-02 00:00:00+05:30,253.5,253.5,252.9,252.9,140
2024-03-04 00:00:00+05:30,252.8,252.8,244.8,250.25,4311
2024-03-05 00:00:00+05:30,248.0,253.85,240.0,242.2,11539
2024-03-06 00:00:00+05:30,248.0,248.0,232.0,238.95,5267
2024-03-07 00:00:00+05:30,244.95,244.95,234.2,240.0,5611
2024-03-11 00:00:00+05:30,247.0,247.0,236.0,236.75,2942
2024-03-12 00:00:00+05:30,240.0,240.0,211.05,214.25,23934
2024-03-13 00:00:00+05:30,212.0,231.8,211.05,214.6,14088
2024-03-14 00:00:00+05:30,224.85,224.85,214.05,218.8,19721
2024-03-15 00:00:00+05:30,217.0,236.0,208.15,219.65,27356
2024-03-18 00:00:00+05:30,234.0,234.0,212.6,216.7,5124
2024-03-19 00:00:00+05:30,213.2,221.5,205.0,208.95,6159
2024-03-20 00:00:00+05:30,209.0,218.6,201.0,202.25,3529
2024-03-21 00:00:00+05:30,215.75,215.75,203.0,205.75,9483
2024-03-22 00:00:00+05:30,216.8,216.8,206.0,209.85,8683
2024-03-26 00:00:00+05:30,219.3,219.3,202.3,202.95,8018
2024-03-27 00:00:00+05:30,207.05,213.4,195.85,198.2,13027
2024-03-28 00:00:00+05:30,199.0,200.0,188.0,191.25,15984
2024-04-01 00:00:00+05:30,200.0,208.0,196.65,204.75,4753
2024-04-02 00:00:00+05:30,205.0,219.0,204.75,215.9,7489
2024-04-03 00:00:00+05:30,221.0,229.65,210.55,224.1,8268
2024-04-04 00:00:00+05:30,228.0,228.0,223.0,224.5,1289
2024-04-05 00:00:00+05:30,224.0,224.0,214.8,219.6,8005
2024-04-08 00:00:00+05:30,229.0,229.0,215.0,222.55,4971
2024-04-09 00:00:00+05:30,220.0,227.8,219.2,219.25,673
2024-04-10 00:00:00+05:30,225.0,225.9,204.0,206.25,10949
2024-04-12 00:00:00+05:30,215.55,215.55,207.1,211.0,7398
2024-04-15 00:00:00+05:30,214.0,217.1,204.55,210.3,7763
2024-04-16 00:00:00+05:30,215.9,224.75,211.95,214.8,6509
2024-04-18 00:00:00+05:30,209.4,221.9,209.4,215.3,9585
2024-04-19 00:00:00+05:30,217.3,221.9,211.75,219.3,3363
2024-04-22 00:00:00+05:30,219.4,223.9,216.6,221.0,3351
2024-04-23 00:00:00+05:30,221.9,221.9,209.0,215.05,12257
2024-04-24 00:00:00+05:30,215.05,219.85,215.0,218.45,8290
2024-04-25 00:00:00+05:30,215.1,224.0,215.05,220.1,5481
2024-04-26 00:00:00+05:30,220.0,224.0,214.0,216.9,22029
2024-04-29 00:00:00+05:30,221.95,221.95,212.2,214.35,3880
2024-04-30 00:00:00+05:30,214.35,219.9,209.0,211.9,16154
2024-05-02 00:00:00+05:30,211.95,215.55,206.5,208.2,5402
2024-05-03 00:00:00+05:30,208.0,215.05,208.0,212.15,11571
2024-05-06 00:00:00+05:30,215.05,217.65,209.65,214.85,3814
2024-05-07 00:00:00+05:30,214.85,218.0,212.95,214.1,1712
2024-05-08 00:00:00+05:30,210.0,217.0,210.0,213.7,2640
2024-05-09 00:00:00+05:30,212.5,213.95,207.0,208.15,2033
2024-05-10 00:00:00+05:30,208.4,213.0,207.0,207.15,1827
2024-05-13 00:00:00+05:30,207.5,211.45,194.0,205.85,9384
2024-05-14 00:00:00+05:30,205.85,209.6,205.0,207.2,1284
2024-05-15 00:00:00+05:30,207.0,208.95,205.45,205.7,909
2024-05-16 00:00:00+05:30,209.5,209.9,203.35,208.0,2744
2024-05-17 00:00:00+05:30,211.0,218.0,208.0,212.2,6937
2024-05-18 00:00:00+05:30,217.0,217.0,210.55,214.6,449
2024-05-21 00:00:00+05:30,210.6,217.75,200.0,204.3,14112
2024-05-22 00:00:00+05:30,205.0,207.65,204.0,204.85,2518
2024-05-23 00:00:00+05:30,204.0,204.0,199.5,199.85,7185
2024-05-24 00:00:00+05:30,200.0,203.9,198.0,199.7,5315
2024-05-27 00:00:00+05:30,203.85,203.85,199.0,199.05,2786
2024-05-28 00:00:00+05:30,203.05,203.05,199.0,201.05,737
2024-05-29 00:00:00+05:30,203.0,203.0,199.0,199.05,793
2024-05-30 00:00:00+05:30,202.5,202.5,195.05,196.9,1918
2024-05-31 00:00:00+05:30,201.9,202.0,195.5,199.65,2696
2024-06-03 00:00:00+05:30,207.0,207.0,191.3,197.95,8296
2024-06-04 00:00:00+05:30,201.95,201.95,190.0,198.7,7349
2024-06-05 00:00:00+05:30,203.9,203.9,192.1,193.3,1925
2024-06-06 00:00:00+05:30,198.45,202.0,198.0,200.0,1547
2024-06-07 00:00:00+05:30,201.85,207.0,201.85,203.0,4475
2024-06-10 00:00:00+05:30,207.1,207.1,200.0,203.3,4530
2024-06-11 00:00:00+05:30,201.5,205.0,201.5,203.05,1391
2024-06-12 00:00:00+05:30,206.65,225.95,200.0,211.05,43429
2024-06-13 00:00:00+05:30,221.7,225.0,211.05,221.5,8154
2024-06-14 00:00:00+05:30,220.0,224.55,218.0,220.9,1972
2024-06-18 00:00:00+05:30,220.0,228.95,220.0,227.8,5289
2024-06-19 00:00:00+05:30,231.95,231.95,223.5,231.75,6113
2024-06-20 00:00:00+05:30,230.0,239.0,228.0,236.85,9420
2024-06-21 00:00:00+05:30,236.85,265.9,236.85,255.75,40785
2024-06-24 00:00:00+05:30,255.9,256.5,242.5,250.95,19990
2024-06-25 00:00:00+05:30,248.35,258.0,245.9,253.9,6756
2024-06-26 00:00:00+05:30,258.0,264.0,250.1,252.0,13198
2024-06-27 00:00:00+05:30,252.0,256.0,239.5,253.0,7867
2024-06-28 00:00:00+05:30,255.1,259.5,245.2,253.0,5410
2024-07-01 00:00:00+05:30,255.0,255.0,246.7,252.25,6824
2024-07-02 00:00:00+05:30,251.95,254.0,240.0,253.15,5565
2024-07-03 00:00:00+05:30,256.0,258.6,247.1,252.7,10428
2024-07-04 00:00:00+05:30,264.0,264.0,245.4,257.65,9181
2024-07-05 00:00:00+05:30,250.55,288.7,250.55,275.1,27900
2024-07-08 00:00:00+05:30,270.0,288.75,269.6,287.0,33748
2024-07-09 00:00:00+05:30,287.0,291.9,281.05,289.95,11236
2024-07-10 00:00:00+05:30,297.95,297.95,262.0,281.15,7210
2024-07-11 00:00:00+05:30,276.6,283.5,276.2,277.0,2971
2024-07-12 00:00:00+05:30,275.0,280.0,275.0,275.95,3683
2024-07-15 00:00:00+05:30,275.95,275.95,261.15,262.75,7080
2024-07-16 00:00:00+05:30,270.0,272.4,264.3,265.8,2600
2024-07-18 00:00:00+05:30,291.0,295.0,260.2,261.45,23750
2024-07-19 00:00:00+05:30,260.0,264.0,243.8,247.2,3849
2024-07-22 00:00:00+05:30,240.0,256.95,240.0,250.6,4731
2024-07-23 00:00:00+05:30,250.6,262.0,247.0,258.7,2752
2024-07-24 00:00:00+05:30,257.0,270.0,249.95,259.9,10122
2024-07-25 00:00:00+05:30,259.75,264.8,251.1,264.1,6962
2024-07-26 00:00:00+05:30,272.05,272.05,265.0,271.5,9875
2024-07-29 00:00:00+05:30,276.8,284.4,270.05,273.2,9275
2024-07-30 00:00:00+05:30,280.9,287.0,273.25,286.2,7371
2024-07-31 00:00:00+05:30,343.4,343.4,320.15,343.4,146788
2024-08-01 00:00:00+05:30,384.0,394.0,355.05,358.35,146473
2024-08-02 00:00:00+05:30,358.35,364.9,345.0,349.85,21937
2024-08-05 00:00:00+05:30,322.0,340.05,317.1,331.25,28885
2024-08-06 00:00:00+05:30,347.8,347.8,316.9,326.65,11812
2024-08-07 00:00:00+05:30,331.0,335.85,321.5,327.2,8033
2024-08-08 00:00:00+05:30,329.0,333.5,319.95,325.05,6993
2024-08-09 00:00:00+05:30,325.5,335.0,318.0,318.85,3753
2024-08-12 00:00:00+05:30,333.9,334.0,304.0,309.1,5959
2024-08-13 00:00:00+05:30,309.1,309.1,295.1,301.25,8958
2024-08-14 00:00:00+05:30,301.25,313.9,286.2,309.55,7328
2024-08-16 00:00:00+05:30,309.0,325.0,303.0,324.45,20322
2024-08-19 00:00:00+05:30,320.0,339.3,320.0,336.1,14285
2024-08-20 00:00:00+05:30,340.0,352.0,325.0,348.05,12414
2024-08-21 00:00:00+05:30,335.05,354.7,335.05,341.9,8143
2024-08-22 00:00:00+05:30,345.0,350.0,345.0,347.1,10553
2024-08-23 00:00:00+05:30,359.95,359.95,340.0,342.35,5351
2024-08-26 00:00:00+05:30,342.5,350.6,326.0,328.55,6121
2024-08-27 00:00:00+05:30,340.0,340.0,322.05,328.3,3575
2024-08-28 00:00:00+05:30,340.0,340.0,328.0,333.0,5571
2024-08-29 00:00:00+05:30,326.35,342.0,321.65,326.35,2928
2024-08-30 00:00:00+05:30,330.0,335.0,310.05,314.7,21618
2024-09-02 00:00:00+05:30,300.0,324.95,300.0,314.0,6382
2024-09-03 00:00:00+05:30,314.0,314.0,305.0,310.15,1170
2024-09-04 00:00:00+05:30,305.0,314.15,305.0,309.35,4087
2024-09-05 00:00:00+05:30,305.1,309.35,300.5,308.45,2726
2024-09-06 00:00:00+05:30,302.3,315.0,302.3,307.0,2992
2024-09-09 00:00:00+05:30,307.0,322.35,305.0,322.35,7877
2024-09-10 00:00:00+05:30,338.45,338.45,332.05,338.45,7298
2024-09-11 00:00:00+05:30,355.35,355.35,345.0,352.45,31858
2024-09-12 00:00:00+05:30,352.45,370.05,352.45,361.1,26620
2024-09-13 00:00:00+05:30,360.0,360.0,343.05,359.25,6108
2024-09-16 00:00:00+05:30,352.1,353.0,352.1,353.0,3492
2024-09-17 00:00:00+05:30,345.95,360.05,345.95,354.05,4917
2024-09-18 00:00:00+05:30,354.05,355.0,354.05,355.0,5393
2024-09-19 00:00:00+05:30,355.0,355.0,348.0,348.5,4335
2024-09-20 00:00:00+05:30,345.0,355.0,341.55,355.0,6881
2024-09-23 00:00:00+05:30,355.0,358.15,355.0,358.15,3977
2024-09-24 00:00:00+05:30,365.15,365.3,365.15,365.3,7371
2024-09-25 00:00:00+05:30,365.3,367.05,365.3,367.05,24488
2024-09-26 00:00:00+05:30,367.05,372.5,367.05,372.5,6324
2024-09-27 00:00:00+05:30,372.5,375.0,372.5,375.0,3519
2024-09-30 00:00:00+05:30,372.0,378.0,369.05,378.0,8098
2024-10-01 00:00:00+05:30,378.0,385.0,378.0,379.0,3884
2024-10-03 00:00:00+05:30,371.45,386.3,371.45,386.3,4000
2024-10-04 00:00:00+05:30,380.05,394.0,378.6,394.0,2040
2024-10-07 00:00:00+05:30,396.0,396.0,386.15,386.15,5841
2024-10-08 00:00:00+05:30,393.0,393.85,393.0,393.85,11174
2024-10-09 00:00:00+05:30,400.0,401.7,395.05,401.7,4000
2024-10-10 00:00:00+05:30,409.4,409.7,409.4,409.7,2843
2024-10-11 00:00:00+05:30,410.0,417.85,410.0,417.5,4676
2024-10-14 00:00:00+05:30,415.0,425.85,415.0,425.85,5649
2024-10-15 00:00:00+05:30,430.0,434.35,430.0,434.0,2245
2024-10-16 00:00:00+05:30,435.0,435.0,430.0,430.0,9148
2024-10-17 00:00:00+05:30,421.4,421.4,421.4,421.4,2611
2024-10-18 00:00:00+05:30,413.0,413.0,413.0,413.0,1493
2024-10-21 00:00:00+05:30,413.0,413.0,404.75,404.75,1773
2024-10-22 00:00:00+05:30,396.7,397.0,396.7,397.0,4992
2024-10-23 00:00:00+05:30,403.0,403.0,392.0,393.6,930
2024-10-24 00:00:00+05:30,394.0,401.45,393.4,401.45,2975
2024-10-25 00:00:00+05:30,400.0,400.0,393.45,393.45,5833
2024-10-28 00:00:00+05:30,401.3,401.3,401.3,401.3,5627
2024-10-29 00:00:00+05:30,409.3,409.3,409.3,409.3,399
2024-10-30 00:00:00+05:30,417.45,417.45,417.0,417.45,2369
2024-10-31 00:00:00+05:30,425.75,425.75,425.75,425.75,244
2024-11-04 00:00:00+05:30,434.25,434.25,434.25,434.25,2160
2024-11-05 00:00:00+05:30,442.9,442.9,442.9,442.9,1100
2024-11-06 00:00:00+05:30,451.75,451.75,451.7,451.7,28881
2024-11-07 00:00:00+05:30,442.7,458.9,442.7,458.9,31211
2024-11-08 00:00:00+05:30,461.0,461.0,449.75,449.75,5191
2024-11-11 00:00:00+05:30,440.85,449.7,440.8,440.8,5001
2024-11-12 00:00:00+05:30,432.0,432.0,432.0,432.0,1830
2024-11-13 00:00:00+05:30,423.4,425.0,423.4,423.45,18682
2024-11-14 00:00:00+05:30,415.15,423.0,415.15,423.0,3326
2024-11-18 00:00:00+05:30,434.0,444.15,423.0,442.2,4660
2024-11-19 00:00:00+05:30,455.5,460.0,445.0,446.2,4020
2024-11-21 00:00:00+05:30,467.95,467.95,452.0,456.4,2809
2024-11-22 00:00:00+05:30,441.0,464.0,441.0,454.4,6942
2024-11-25 00:00:00+05:30,437.0,471.6,437.0,454.4,2636
2024-11-26 00:00:00+05:30,433.0,477.1,433.0,473.3,6398
2024-11-27 00:00:00+05:30,487.5,494.9,475.0,482.8,3796
2024-11-28 00:00:00+05:30,490.0,490.0,479.0,486.45,1274
2024-11-29 00:00:00+05:30,480.0,490.0,470.45,479.95,1677
2024-12-02 00:00:00+05:30,495.0,527.9,486.95,527.9,11835
2024-12-03 00:00:00+05:30,550.0,550.0,525.0,539.85,16980
2024-12-04 00:00:00+05:30,550.65,550.65,535.0,543.1,3214
2024-12-05 00:00:00+05:30,543.1,543.1,493.0,509.95,4751
2024-12-06 00:00:00+05:30,490.05,560.9,490.05,551.65,18697
2024-12-09 00:00:00+05:30,606.8,606.8,580.95,606.8,75145
2024-12-10 00:00:00+05:30,667.0,667.0,547.0,586.05,57929
2024-12-11 00:00:00+05:30,575.5,610.0,570.05,603.65,11793
2024-12-12 00:00:00+05:30,620.0,620.0,590.55,597.0,3666
2024-12-13 00:00:00+05:30,597.0,610.0,582.0,592.25,3360
2024-12-16 00:00:00+05:30,619.9,619.9,575.1,579.4,6511
2024-12-17 00:00:00+05:30,571.05,584.95,550.0,555.6,7656
2024-12-18 00:00:00+05:30,566.75,566.75,522.05,535.3,5615
2024-12-19 00:00:00+05:30,546.05,588.8,540.0,587.7,20152
2024-12-20 00:00:00+05:30,580.0,600.0,556.9,569.1,5232
2024-12-23 00:00:00+05:30,550.05,597.0,550.05,570.0,5097
2024-12-24 00:00:00+05:30,580.0,580.0,543.15,546.25,2644
2024-12-26 00:00:00+05:30,594.95,594.95,542.0,548.1,3884
2024-12-27 00:00:00+05:30,532.15,557.7,510.0,539.4,3939
2024-12-30 00:00:00+05:30,535.0,555.95,525.2,527.05,744
2024-12-31 00:00:00+05:30,522.05,529.85,500.7,528.85,17095
2025-01-01 00:00:00+05:30,530.0,549.5,512.0,547.8,1581
2025-01-02 00:00:00+05:30,547.8,547.8,521.0,522.55,3405
2025-01-03 00:00:00+05:30,522.0,539.95,520.0,527.05,2112
2025-01-06 00:00:00+05:30,527.05,527.05,505.0,507.75,5581
2025-01-07 00:00:00+05:30,507.75,525.0,492.0,515.85,3194
2025-01-08 00:00:00+05:30,515.5,517.55,500.15,514.55,1748
2025-01-09 00:00:00+05:30,514.55,524.0,491.1,505.55,1293
2025-01-10 00:00:00+05:30,490.35,516.0,488.0,502.85,5752
2025-01-13 00:00:00+05:30,502.85,502.85,480.0,484.1,3178
2025-01-14 00:00:00+05:30,479.0,488.0,461.55,484.15,1740
2025-01-15 00:00:00+05:30,484.15,488.0,474.0,485.0,1245
2025-01-16 00:00:00+05:30,470.0,488.0,465.15,484.65,431
2025-01-17 00:00:00+05:30,508.0,508.0,465.15,483.8,4055
2025-01-20 00:00:00+05:30,483.8,507.95,483.8,507.95,3348
2025-01-21 00:00:00+05:30,533.3,533.3,510.0,523.7,1252
2025-01-22 00:00:00+05:30,501.05,510.0,497.55,497.55,1875
2025-01-23 00:00:00+05:30,499.0,500.0,476.15,485.7,1590
2025-01-24 00:00:00+05:30,476.0,490.4,476.0,480.7,856
2025-01-27 00:00:00+05:30,475.05,475.05,456.7,457.95,5218
2025-01-28 00:00:00+05:30,457.95,480.8,440.0,480.8,10079
2025-01-29 00:00:00+05:30,503.0,504.8,457.0,497.3,6912
2025-01-30 00:00:00+05:30,496.0,496.0,472.45,473.2,5571
2025-01-31 00:00:00+05:30,451.15,469.9,449.55,449.55,7563
2025-02-01 00:00:00+05:30,468.4,468.4,427.1,430.45,4443
2025-02-03 00:00:00+05:30,429.8,429.8,409.05,426.65,7536
2025-02-04 00:00:00+05:30,438.85,447.95,438.85,446.7,8647
2025-02-05 00:00:00+05:30,455.7,468.5,443.95,445.9,8069
2025-02-06 00:00:00+05:30,433.15,456.85,433.15,447.5,1696
2025-02-07 00:00:00+05:30,469.85,469.85,430.0,447.75,2048
2025-02-10 00:00:00+05:30,440.0,440.0,425.4,430.0,3042
2025-02-11 00:00:00+05:30,430.0,430.0,408.5,408.5,13280
2025-02-12 00:00:00+05:30,408.5,412.3,388.1,390.35,9102
2025-02-13 00:00:00+05:30,399.0,409.85,389.0,409.85,2704
2025-02-14 00:00:00+05:30,428.0,430.3,403.2,412.15,7986
2025-02-17 00:00:00+05:30,412.0,412.0,392.25,403.65,5538
2025-02-18 00:00:00+05:30,403.65,405.0,391.1,397.85,3055
2025-02-19 00:00:00+05:30,406.7,408.8,397.85,407.35,189
2025-02-20 00:00:00+05:30,390.2,411.9,390.2,408.0,5388
2025-02-21 00:00:00+05:30,408.0,408.95,393.0,405.0,940
2025-02-24 00:00:00+05:30,406.0,406.0,388.0,399.15,5771
2025-02-25 00:00:00+05:30,399.15,400.0,388.6,400.0,4802
2025-02-27 00:00:00+05:30,387.0,399.0,386.25,398.0,7819
2025-02-28 00:00:00+05:30,380.1,405.0,378.1,394.0,6587
2025-03-03 00:00:00+05:30,407.9,407.9,391.0,392.3,1338
2025-03-04 00:00:00+05:30,396.9,400.0,376.5,396.9,12003
2025-03-05 00:00:00+05:30,385.0,405.0,377.1,386.55,6122
2025-03-06 00:00:00+05:30,403.45,405.0,394.95,403.05,1946
2025-03-07 00:00:00+05:30,403.05,410.0,395.0,403.05,78
2025-03-10 00:00:00+05:30,383.15,394.3,383.15,387.5,1779
2025-03-11 00:00:00+05:30,375.55,403.9,371.75,386.95,695
2025-03-12 00:00:00+05:30,386.95,399.0,381.0,390.0,701
2025-03-13 00:00:00+05:30,390.0,398.85,373.0,378.4,1478
2025-03-17 00:00:00+05:30,360.05,394.85,360.05,363.5,9302
2025-03-18 00:00:00+05:30,381.6,381.6,361.7,380.7,7861
2025-03-19 00:00:00+05:30,381.1,398.95,364.0,378.8,6747
2025-03-20 00:00:00+05:30,382.0,395.0,368.2,380.25,2759
2025-03-21 00:00:00+05:30,378.35,384.0,370.0,375.05,7916
2025-03-24 00:00:00+05:30,376.0,386.9,371.15,378.0,2912
2025-03-25 00:00:00+05:30,361.85,379.95,361.85,363.4,7806
2025-03-26 00:00:00+05:30,361.85,369.65,348.0,351.3,7637
2025-03-27 00:00:00+05:30,355.5,355.5,337.0,341.15,12914
2025-03-28 00:00:00+05:30,337.0,347.9,325.55,342.15,2843
2025-04-01 00:00:00+05:30,358.8,358.95,341.6,342.2,723
2025-04-02 00:00:00+05:30,343.0,359.3,342.05,355.4,4075
2025-04-03 00:00:00+05:30,360.0,373.1,355.3,372.95,2010
2025-04-04 00:00:00+05:30,373.0,390.95,354.45,355.25,8734
2025-04-07 00:00:00+05:30,319.75,369.95,319.75,334.2,4019
2025-04-08 00:00:00+05:30,366.9,366.9,340.0,346.4,2695
2025-04-09 00:00:00+05:30,335.55,361.8,335.55,349.8,2606
2025-04-11 00:00:00+05:30,364.9,364.95,356.0,360.1,1434
2025-04-15 00:00:00+05:30,360.0,375.05,360.0,374.75,1471
2025-04-16 00:00:00+05:30,375.0,384.0,360.6,373.2,1016
2025-04-17 00:00:00+05:30,379.55,398.8,379.55,394.0,2378
2025-04-21 00:00:00+05:30,396.8,419.75,396.8,401.35,2892
2025-04-22 00:00:00+05:30,415.0,425.0,390.1,413.3,6416
2025-04-23 00:00:00+05:30,416.75,427.0,402.85,405.05,1896
2025-04-24 00:00:00+05:30,405.1,408.3,397.1,401.0,2668
2025-04-25 00:00:00+05:30,428.95,434.95,395.15,429.35,4399
2025-04-28 00:00:00+05:30,429.0,429.0,401.05,402.8,2163
2025-04-29 00:00:00+05:30,402.3,423.9,402.3,415.5,995
2025-04-30 00:00:00+05:30,415.5,428.9,403.0,405.05,3106
2025-05-02 00:00:00+05:30,405.0,408.0,384.8,407.6,7326
2025-05-05 00:00:00+05:30,407.6,412.0,394.25,409.65,1771
2025-05-06 00:00:00+05:30,430.0,430.0,404.8,406.5,804
2025-05-07 00:00:00+05:30,406.5,406.5,380.2,386.4,3274
2025-05-08 00:00:00+05:30,388.65,394.5,381.0,393.85,2330
2025-05-09 00:00:00+05:30,392.4,413.4,380.0,408.35,3277
2025-05-12 00:00:00+05:30,448.75,448.75,405.55,411.65,2403
2025-05-13 00:00:00+05:30,411.65,424.7,405.35,422.1,2528
2025-05-14 00:00:00+05:30,422.0,428.95,411.7,414.95,1771
2025-05-15 00:00:00+05:30,414.95,424.7,414.0,421.4,1522
2025-05-16 00:00:00+05:30,428.95,428.95,410.0,422.1,4283
2025-05-19 00:00:00+05:30,429.9,435.0,415.0,420.05,6859
2025-05-20 00:00:00+05:30,443.0,450.0,413.0,435.1,6384
2025-05-21 00:00:00+05:30,435.0,450.0,428.05,435.65,2354
2025-05-22 00:00:00+05:30,437.8,469.95,428.25,460.45,4331
2025-05-23 00:00:00+05:30,469.7,479.0,456.0,457.1,2738
2025-05-26 00:00:00+05:30,460.05,480.0,460.05,478.5,9507
2025-05-27 00:00:00+05:30,480.85,493.8,480.0,491.7,6065
2025-05-28 00:00:00+05:30,492.0,510.0,477.25,508.65,7429
2025-05-29 00:00:00+05:30,559.5,559.5,532.25,541.1,56873
2025-05-30 00:00:00+05:30,541.1,548.9,520.0,525.4,6366
2025-06-02 00:00:00+05:30,520.0,567.0,514.1,563.25,12748
2025-06-03 00:00:00+05:30,543.05,567.85,542.2,560.2,4714
2025-06-04 00:00:00+05:30,535.0,557.95,535.0,540.45,3450
2025-06-05 00:00:00+05:30,549.0,549.0,537.15,540.3,1770
2025-06-06 00:00:00+05:30,540.0,550.0,535.55,541.3,4954
2025-06-09 00:00:00+05:30,541.3,555.0,530.0,542.7,6593
2025-06-10 00:00:00+05:30,556.0,570.0,555.0,559.65,6552
2025-06-11 00:00:00+05:30,568.0,568.0,539.7,564.7,6278
2025-06-12 00:00:00+05:30,602.5,602.5,565.05,580.5,5323
2025-06-13 00:00:00+05:30,573.15,586.0,560.0,576.55,2090
2025-06-16 00:00:00+05:30,576.55,589.0,555.25,582.0,1921
2025-06-17 00:00:00+05:30,609.9,609.9,555.0,574.55,2684
2025-06-18 00:00:00+05:30,590.0,590.0,545.85,545.85,4545
2025-06-19 00:00:00+05:30,525.0,525.1,518.6,518.6,3394
2025-06-20 00:00:00+05:30,518.6,534.05,518.6,524.6,424
2025-06-23 00:00:00+05:30,521.0,521.0,498.4,500.35,2079
2025-06-24 00:00:00+05:30,525.0,525.3,498.0,512.5,4486
2025-06-25 00:00:00+05:30,537.0,537.0,510.0,510.1,1059
2025-06-26 00:00:00+05:30,515.0,520.0,499.0,505.0,1547
2025-06-27 00:00:00+05:30,496.0,515.0,496.0,504.7,1679
2025-06-30 00:00:00+05:30,528.95,528.95,505.0,515.55,1453
2025-07-01 00:00:00+05:30,515.55,530.0,495.0,529.25,3704
2025-07-02 00:00:00+05:30,555.0,555.0,502.8,504.25,9591
2025-07-03 00:00:00+05:30,507.25,507.6,491.1,499.0,2571
2025-07-04 00:00:00+05:30,499.0,505.0,474.5,484.4,4120
2025-07-07 00:00:00+05:30,483.8,483.8,470.0,474.4,3666
2025-07-08 00:00:00+05:30,477.0,497.65,470.0,487.0,1978
2025-07-09 00:00:00+05:30,490.0,490.0,472.5,485.95,2701
2025-07-10 00:00:00+05:30,480.0,480.0,470.0,470.05,1943
2025-07-11 00:00:00+05:30,474.8,479.9,461.1,475.6,3030
2025-07-14 00:00:00+05:30,457.05,474.95,457.05,473.35,2682
2025-07-15 00:00:00+05:30,474.0,497.0,474.0,484.75,5595
2025-07-16 00:00:00+05:30,503.95,503.95,481.0,484.55,1574
2025-07-17 00:00:00+05:30,485.0,496.8,484.55,490.75,1684
2025-07-18 00:00:00+05:30,491.0,491.0,476.2,477.05,291
2025-07-21 00:00:00+05:30,499.0,499.0,481.3,490.45,3110
2025-07-22 00:00:00+05:30,495.9,495.9,483.0,485.9,4000
2025-07-23 00:00:00+05:30,497.95,498.0,484.05,484.1,1008
2025-07-24 00:00:00+05:30,482.0,495.0,481.95,490.35,944
2025-07-25 00:00:00+05:30,490.8,490.8,482.2,490.4,2783
2025-07-28 00:00:00+05:30,485.5,494.0,485.5,487.0,2164
2025-07-29 00:00:00+05:30,486.5,486.5,470.05,472.5,904
2025-07-30 00:00:00+05:30,472.5,475.0,460.05,469.75,759
2025-07-31 00:00:00+05:30,470.0,470.0,457.0,466.0,1079
2025-08-01 00:00:00+05:30,463.7,474.45,460.0,460.0,296
2025-08-04 00:00:00+05:30,465.0,465.0,437.0,441.55,2332
2025-08-05 00:00:00+05:30,441.5,441.5,430.05,435.0,946
2025-08-06 00:00:00+05:30,416.0,435.0,416.0,418.8,3640
2025-08-07 00:00:00+05:30,419.9,419.9,403.0,414.95,1008
2025-08-08 00:00:00+05:30,406.7,433.0,406.7,425.0,1296
2025-08-11 00:00:00+05:30,429.25,429.25,409.0,412.65,2227
2025-08-12 00:00:00+05:30,418.0,425.0,407.3,419.0,3924
2025-08-13 00:00:00+05:30,419.0,427.0,410.0,425.0,7130
2025-08-14 00:00:00+05:30,440.0,446.25,435.0,446.2,15348
2025-08-18 00:00:00+05:30,462.5,468.5,457.0,468.5,5979
2025-08-19 00:00:00+05:30,490.0,491.9,485.0,491.9,2965
2025-08-20 00:00:00+05:30,516.45,516.45,501.95,512.35,11008
2025-08-21 00:00:00+05:30,512.35,512.35,486.75,486.8,2024
2025-08-22 00:00:00+05:30,486.7,486.7,466.1,475.7,2134
2025-08-25 00:00:00+05:30,461.0,488.2,461.0,472.3,1834
2025-08-26 00:00:00+05:30,472.3,472.3,455.0,470.7,1364
2025-08-28 00:00:00+05:30,470.7,472.0,459.0,460.5,987
2025-08-29 00:00:00+05:30,450.5,483.5,450.5,483.3,7079
2025-09-01 00:00:00+05:30,502.95,502.95,490.0,499.9,2633
2025-09-02 00:00:00+05:30,503.0,503.0,476.15,486.15,1106
2025-09-03 00:00:00+05:30,495.9,500.0,466.6,488.0,1001
2025-09-04 00:00:00+05:30,497.8,497.8,468.15,472.25,1549
2025-09-05 00:00:00+05:30,450.0,475.0,450.0,462.8,729
2025-09-08 00:00:00+05:30,485.85,485.85,460.0,461.1,3584
2025-09-09 00:00:00+05:30,440.05,484.1,440.05,465.35,5262
2025-09-10 00:00:00+05:30,479.95,479.95,463.35,472.0,983
2025-09-11 00:00:00+05:30,472.0,479.0,460.0,471.9,5342
2025-09-12 00:00:00+05:30,489.9,489.9,462.0,462.75,2529
2025-09-15 00:00:00+05:30,474.0,479.95,460.0,463.5,4259
2025-09-16 00:00:00+05:30,481.95,481.95,461.0,470.9,1083
2025-09-17 00:00:00+05:30,480.0,480.0,464.1,470.45,1110
2025-09-18 00:00:00+05:30,464.0,474.0,464.0,465.45,2331
2025-09-19 00:00:00+05:30,472.0,472.0,460.0,462.0,1361
